tree
version=v4
num_class=1
num_tree_per_iteration=1
label_index=0
max_feature_idx=40
objective=binary sigmoid:1
feature_names=jcd lane cls_val age weight f_count avg_st n_win n_2ren l_win l_2ren m_2ren b_2ren win_dev motor_dev st_dev win_rank motor_rank st_rank avg_st_diff_in n_win_diff_in avg_st_diff_out n_win_diff_out tenji tenji_dev tenji_rank tenji_diff_in tenji_diff_out course_in maezuke course_diff w1_lane w1_cls_val w1_avg_st w1_n_win w1_m_2ren w1_tenji w1_course_in w1_maezuke w1_lane_diff w1_course_diff
feature_infos=[1:24] [1:6] [1:4] [16:77] [41:68] [0:3] [0:0.31] [0:8.4499999999999993] [0:0.68420000000000003] [0:9.1699999999999999] [0:1] [0:1] [0:1] [-5.4200000000000008:4.0266666666666673] [-0.50553333333333339:0.70833333333333326] [-0.13333333333333333:0.17833333333333334] [1:6] [1:6] [1:6] [-0.25:0.22] [-7.7400000000000002:7.9900000000000002] [-0.22:0.25] [-7.9900000000000002:7.7400000000000002] [6.4299999999999997:7.5999999999999996] [-0.33166666666666611:0.24666666666666615] [1:6] [-0.51999999999999957:0.44000000000000039] [-0.33999999999999986:0.51999999999999957] [1:6] [0:1] [-5:4] [1:6] [1:4] [0:0.31] [0:8.4399999999999995] [0:1] [6.4800000000000004:7.5199999999999996] [1:6] [0:1] [-5:5] [-5:5]
tree_sizes=3313 3419 3437 3445 3448 3435 3448 3431 3460 3444 3446 3439 3467 3464 3416 3458 3453 3457 3419 3449 3462 3473 3424 3462 3449 3426 3442 3440 3472 3451 3469 3471 3447 3461 3448 3448 3446 3460 3468 3441 3464 3467 3454 3440 3402 3449 3450 3468 3429 3470 3426 3432 3451 3471 3459 3434 3466 3456 3440 3409 3450 3444 3426 3433 3411 3465 3403

Tree=0
num_leaves=31
num_cat=0
split_feature=28 13 13 13 13 13 28 24 28 1 37 9 9 37 20 16 12 26 22 22 1 14 27 12 34 40 11 9 9 35
split_gain=817.15 391.469 301.886 128.347 86.8606 63.203 50.3973 45.2685 38.4668 31.8962 40.9364 30.0202 25.728 23.7663 21.8277 21.3932 20.676 20.701 21.8721 20.5649 21.1537 20.1842 23.9251 18.697 17.657 17.6107 21.2348 18.3821 17.2298 17.2064
threshold=3.5000000000000004 0.19749999999999981 1.196666666666667 -0.46749999999999975 -0.6866666666666662 0.99166666666666681 5.5000000000000009 0.033333333333334554 1.5000000000000002 1.5000000000000002 1.5000000000000002 7.4500000000000011 7.5650000000000004 3.5000000000000004 1.52 2.5000000000000004 0.35565000000000008 -0.010000000000000229 1.5400000000000005 -0.17500000000000024 2.5000000000000004 0.0075333333333334205 0.015000000000000126 0.28745000000000004 5.3350000000000009 -2.4999999999999996 0.23585000000000003 4.4650000000000007 6.745000000000001 0.38480000000000009
decision_type=2 2 2 2 2 2 2 2 2 2 2 2 2 2 2 2 2 2 2 2 2 2 2 2 2 2 2 2 2 2
left_child=1 4 3 -2 8 7 15 13 -1 25 24 -4 21 19 -13 -5 17 28 -19 23 -21 -7 -23 -3 -11 -6 27 -27 -9 -16
right_child=2 5 11 6 9 12 -8 16 -10 10 -12 14 -14 -15 29 -17 -18 18 -20 20 -22 22 -24 -25 -26 26 -28 -29 -30 -31
leaf_value=-1.364151738708437 -1.4325780259418928 -1.3190136309048102 -1.3522609184944205 -1.3816972358984538 -1.3666894921908943 -1.3188835389548623 -1.4212419862338903 -1.3718244579861556 -1.4097120962941028 -1.3859375701804226 -1.3947684230698782 -1.3851419709023209 -1.2314077103952876 -1.3729400549816149 -1.2914601559058476 -1.4015925891418353 -1.2722315403482791 -1.3088086401644536 -1.1665510692438832 -1.3132077201014574 -1.3494146993898375 -1.2659284243554461 -1.3259318194326883 -1.3893487536137341 -1.3525453175902777 -1.3476692449037315 -1.3371858037017452 -1.2150530018307097 -1.2625460154748374 -1.1700207660956043
leaf_weight=58.122270986437798 625.89519913494587 13.609898164868353 154.19214038550854 200.30567769706249 35.225618779659271 113.04221299290657 263.71179150044918 21.775837063789371 228.32605627179146 50.276564985513687 127.77292630076408 4.0029112249612835 12.489083021879194 62.28529866039753 8.9665211439132673 415.18195225298405 32.5036391466856 17.292576491832737 3.2023289799690238 89.66521143913269 73.333333641290665 50.917030781507492 24.65793314576149 30.902474656701088 186.21543018519878 4.002911224961279 44.832605719566345 7.5254731029272079 4.3231441229581824 4.3231441229581824
leaf_count=363 3909 85 963 1251 220 706 1647 136 1426 314 798 25 78 389 56 2593 203 108 20 560 458 318 154 193 1163 25 280 47 27 27
internal_value=-1.38508 -1.3552 -1.40811 -1.41527 -1.37889 -1.32323 -1.40295 -1.3361 -1.40047 -1.36533 -1.37196 -1.34526 -1.30091 -1.34585 -1.28279 -1.39512 -1.30284 -1.32419 -1.28658 -1.33772 -1.3295 -1.30551 -1.28551 -1.36784 -1.35964 -1.33896 -1.32162 -1.2611 -1.35372 -1.25196
internal_weight=2968.88 1292.3 1676.58 1505.09 742.3 550 879.199 348.894 286.448 455.852 364.265 171.485 201.106 269.796 17.2926 615.488 79.0975 46.5939 20.4949 207.511 162.999 188.617 75.575 44.5124 236.492 91.5866 56.361 11.5284 26.099 13.2897
internal_count=18542 8071 10471 9400 4636 3435 5491 2179 1789 2847 2275 1071 1256 1685 108 3844 494 291 128 1296 1018 1178 472 278 1477 572 352 72 163 83
is_linear=0
shrinkage=1


Tree=1
num_leaves=31
num_cat=0
split_feature=28 13 13 13 13 13 40 24 20 1 37 9 9 37 22 1 20 13 1 9 1 12 26 9 2 11 26 34 4 19
split_gain=734.008 332.574 274.633 122.952 77.8628 50.6687 48.3917 36.7575 35.4515 27.3843 36.2925 24.2802 21.3851 20.1769 17.8148 18.4697 17.1031 16.7676 16.4371 18.9 16.2908 16.0074 16.6714 16.0058 15.8842 15.8589 15.2849 15.2758 15.185 15.102
threshold=3.5000000000000004 0.19749999999999981 1.196666666666667 -0.46749999999999975 -0.6866666666666662 0.99166666666666681 4.5000000000000009 0.033333333333334554 -0.66499999999999992 1.5000000000000002 1.5000000000000002 7.4500000000000011 5.8850000000000007 3.5000000000000004 -1.0549999999999999 2.5000000000000004 1.52 -1.4374999999999989 2.5000000000000004 7.0050000000000008 1.5000000000000002 0.35565000000000008 -0.015000000000000123 4.5850000000000009 3.5000000000000004 0.26645000000000002 -0.060000000000000046 4.6350000000000007 53.500000000000007 0.020000000000000014
decision_type=2 2 2 2 2 2 2 2 2 2 2 2 2 2 2 2 2 2 2 2 2 2 2 2 2 2 2 2 2 2
left_child=1 4 3 17 8 7 23 13 -1 24 18 -4 29 14 -3 27 -13 -2 19 -11 -15 22 -9 -5 -6 -25 -27 -16 -23 -7
right_child=2 5 11 6 9 12 -8 21 -10 10 -12 16 -14 20 15 -17 -18 -19 -20 -21 -22 28 -24 25 -26 26 -28 -29 -30 -31
leaf_value=-0.027845306728968872 -0.05728296133600827 -0.016044272571693545 0.030561269914398101 -0.024658831453559779 0.035215655083429116 0.064132069722026605 -0.043497502822941299 0.028245110334711089 0.0091064445788867129 0.032389019554018517 -0.009257892450623648 -5.7601586174874732e-05 0.08825296165448443 0.049140615060206283 0.014395238189773632 0.030114385375404548 0.11682461696774452 -0.040097662043050458 0.010733191071953911 0.12436313981851253 -0.0057739211021123164 0.078037186742480391 0.08713109265875664 -0.021378124817609201 0.099839154755897941 0.019290461792365512 -0.0067937151006161756 0.067919203321308005 0.14952512743583865 0.00070855901857599945
leaf_weight=183.31870868802071 225.72489222884178 11.787075579166411 157.229322463274 183.25639082491398 83.389580264687538 67.746822685003281 145.3707914352417 25.772840917110443 100.49040184915066 113.93918566405773 127.03101512789726 4.0027659386396435 132.62948209047318 19.676471620798111 15.441242396831511 88.660832583904266 14.351039320230482 382.37890082597733 120.28961828351021 5.8735385835170737 43.062441989779472 23.935661315917969 22.523801058530807 150.09781278669834 10.73260886967182 67.979905635118484 323.08301837742329 97.522712498903275 10.771047592163084 10.895324140787123
leaf_count=1162 1451 73 963 1156 507 404 928 158 627 701 798 25 787 122 93 543 83 2458 740 36 267 140 133 945 65 428 2034 587 63 65
internal_value=-3.02526e-05 0.0278421 -0.0222052 -0.029229 0.00584457 0.0565742 -0.0171703 0.0451449 -0.0147615 0.0185234 0.0123549 0.0369139 0.0760036 0.0363753 0.0437033 0.0471961 0.0913339 -0.0464768 0.0237895 0.0368978 0.0114486 0.074321 0.0557074 -0.0118872 0.0425846 -0.00756223 -0.00225941 0.0606029 0.100223 0.0553452
internal_weight=2968.97 1315.49 1653.47 1477.89 745.065 570.426 869.788 359.154 283.809 461.256 367.133 175.583 211.272 276.151 213.412 201.625 18.3538 608.104 240.102 119.813 62.7389 83.0034 48.2966 724.417 94.1222 541.161 391.063 112.964 34.7067 78.6421
internal_count=18542 8071 10471 9400 4636 3435 5491 2179 1789 2847 2275 1071 1256 1685 1296 1223 108 3909 1477 737 389 494 291 4563 572 3407 2462 680 203 469
is_linear=0
shrinkage=0.05


Tree=2
num_leaves=31
num_cat=0
split_feature=28 13 13 13 13 40 16 28 28 37 31 26 1 23 9 13 24 22 4 10 35 13 10 34 17 20 27 15 21 10
split_gain=660.398 284.602 250.187 117.965 69.8637 43.9306 41.8131 33.1157 27.6838 46.3048 25.1933 24.0371 22.9778 22.0892 20.0423 19.1088 18.5235 17.9116 19.7439 17.7359 17.6323 17.041 15.5357 15.5066 14.9849 14.4529 14.2862 14.0761 13.457 15.9405
threshold=3.5000000000000004 0.19749999999999981 1.196666666666667 -0.39499999999999907 -0.6866666666666662 4.5000000000000009 1.5000000000000002 1.5000000000000002 1.5000000000000002 1.5000000000000002 3.5000000000000004 -0.11499999999999976 1.5000000000000002 6.9050000000000011 7.4500000000000011 -1.4374999999999989 1.332267629550188e-15 1.8599999999999999 56.500000000000007 0.094250000000000014 0.51665000000000016 -0.13333333333333328 0.50655000000000017 6.5150000000000006 3.5000000000000004 1.2000000000000006 0.039999999999999598 -0.0016666666666666633 -1.0000000180025095e-35 0.61985000000000012
decision_type=2 2 2 2 2 2 2 2 2 2 2 2 2 2 2 2 2 2 2 2 2 2 2 2 2 2 2 2 2 2
left_child=1 4 3 15 7 22 13 -1 20 17 12 -11 21 19 -4 -2 -14 18 27 -3 -8 -6 24 -16 -5 -18 -19 -10 -21 -30
right_child=2 6 14 5 10 -7 8 -9 9 11 -12 -13 16 -15 23 -17 25 26 -20 28 -22 -23 -24 -25 -26 -27 -28 -29 29 -31
leaf_value=0.019082875214070823 -0.056449401388511046 -0.010123780686080223 0.028506126997690125 -0.0058983792668605367 0.030309476480839016 -0.04200456919295581 0.062417962247597138 -0.023013531410772375 0.019430537566035716 0.13282308266770801 -0.0036139051571916405 0.0048538723041299933 0.007254576968269805 0.031741207138270333 0.059419267616421127 -0.038182205759628385 0.029589451015104969 0.097873729626703265 0.10623001008092781 0.092273249205288496 0.15776524236871825 0.084953264622160879 0.0079669772281689786 0.16970851477478416 -0.021893674348014466 0.13112955547377755 0.020991498074403786 0.05038491033428838 0.053928886809424093 0.13712928350972795
leaf_weight=59.162836819887161 217.80628946423531 5.5333418250083914 160.06061334908009 301.8829503506422 35.589349493384361 132.97640383243561 76.140383258461952 222.098099142313 60.649832606315613 3.8030580580234519 109.26601415872574 104.51930528879166 168.72342769801617 30.681523010134697 15.24769911170006 417.74243961274624 125.26537710428238 28.669803664088249 11.451153591275213 99.731561735272408 5.1785534769296637 23.814986124634743 96.777748450636864 4.0292451083660117 284.33318355679512 3.6053007692098609 7.6558619290590277 93.108062043786049 55.371488302946091 6.4249440580606452
leaf_count=363 1451 32 963 1914 210 872 441 1426 358 22 679 625 1032 177 86 2745 765 166 67 570 30 139 611 22 1807 22 45 546 320 36
internal_value=-5.48279e-05 0.0260022 -0.0214079 -0.0282915 0.00552226 -0.0157117 0.0519977 -0.0141586 0.0425253 0.0357111 0.0173942 0.00934671 0.0238241 0.0707362 0.0343069 -0.0444425 0.0181567 0.0498817 0.0428921 0.0778978 0.0684899 0.052216 -0.0105926 0.0824718 -0.0136566 0.0324301 0.0816703 0.038175 0.0809131 0.0625792
internal_weight=2967.3 1336.44 1630.86 1451.52 747.525 815.97 588.919 281.261 391.176 309.857 466.264 108.322 356.998 197.743 179.338 635.549 297.594 201.535 165.209 167.061 81.3189 59.4043 682.994 19.2769 586.216 128.871 36.3257 153.758 161.528 61.7964
internal_count=18542 8071 10471 9400 4636 5204 3435 1789 2300 1829 2847 647 2168 1135 1071 4196 1819 1182 971 958 471 349 4332 108 3721 787 211 904 926 356
is_linear=0
shrinkage=0.05


Tree=3
num_leaves=31
num_cat=0
split_feature=28 13 13 13 13 28 13 20 24 31 34 16 22 9 1 11 36 35 13 9 26 2 1 8 20 27 14 35 27 31
split_gain=594.844 244.906 228.132 113.026 62.932 43.8647 36.5405 32.0154 28.3201 21.606 21.265 19.0612 18.3483 18.3157 17.9139 17.9573 17.6733 17.1195 16.4155 15.4851 15.2096 14.7826 22.9043 17.6075 14.9251 14.7288 14.7551 16.8745 16.2442 13.5327
threshold=3.5000000000000004 0.19749999999999981 1.196666666666667 -0.46749999999999975 -0.71250000000000024 5.5000000000000009 0.99166666666666681 -0.66499999999999992 0.033333333333334554 3.5000000000000004 5.3350000000000009 2.5000000000000004 -0.36999999999999961 6.7650000000000006 1.5000000000000002 0.23585000000000003 6.9150000000000009 0.59040000000000015 -1.4374999999999989 7.5650000000000004 -0.010000000000000229 2.5000000000000004 2.5000000000000004 0.50720000000000021 1.5550000000000004 -0.1400000000000001 0.014758333333333319 0.33410000000000001 -0.055000000000000153 2.5000000000000004
decision_type=2 2 2 2 2 2 2 2 2 2 2 2 2 2 2 2 2 2 2 2 2 2 2 2 2 2 2 2 2 2
left_child=1 4 3 18 7 11 8 -1 17 10 -6 20 -8 -4 15 -12 19 21 -2 -14 -5 29 23 24 -23 -16 -27 28 -28 -3
right_child=2 6 13 5 9 -7 12 -9 -10 -11 14 -13 16 -15 25 -17 -18 -19 -20 -21 -22 22 -24 -25 -26 26 27 -29 -30 -31
leaf_value=-0.027079829758914837 -0.055653339627671397 0.0259846970391308 0.020354201288660587 0.019718465458229719 0.00053267650856945819 -0.033479959158379084 -0.0053187383450138612 0.0090084293807243011 0.063094623160151242 -0.0031421436843909532 0.11727642530282266 -0.014758984668316778 0.068302212864494033 0.053550120572835938 0.11617137659817374 0.040825025772078111 0.030500833443163608 0.091338088583155411 -0.038101259063782575 0.12367192461157568 -0.0081513283481190538 0.066038972260744414 0.014732269151739964 0.0056750650906887455 -0.0086783559754400001 0.010972355417826332 0.1163509753713651 0.013562603819267015 0.04290424149871272 -0.013375622341885555
leaf_weight=172.32718597352505 210.07214044034481 64.930861487984657 118.94303894042969 87.684378236532211 88.711396008729935 248.88799721002579 9.217851057648657 95.522205382585526 88.997218772768974 112.69610168039799 9.8296055346727353 404.40790188312531 175.81778973340988 63.862128615379333 4.1752258241176596 35.136729836463928 29.218735828995705 11.237766116857527 364.07606881856918 13.604344412684439 110.8315814435482 84.154192924499512 70.731502830982208 17.741895064711571 7.2603090256452552 137.35804980993271 9.1767471283674222 42.895583555102348 41.906937077641487 32.904056325554848
leaf_count=1127 1451 379 704 551 539 1647 52 592 494 702 54 2593 970 367 25 202 163 65 2458 71 700 481 419 101 43 829 55 258 253 197
internal_value=-7.57967e-05 0.0243246 -0.0206357 -0.0273772 0.00522046 -0.0158202 0.0479672 -0.0142098 0.0384327 0.0160205 0.0218699 -0.00853022 0.0637825 0.031951 0.0286186 0.0575372 0.0666957 0.0308371 -0.0445233 0.0722789 0.00415874 0.028389 0.0368961 0.051258 0.0601048 0.0230971 0.0214173 0.0366835 0.0560983 0.0127469
internal_weight=2964.32 1355.55 1608.77 1425.96 749.736 851.812 605.817 267.849 377.958 481.886 369.19 602.924 227.859 182.805 280.479 44.9663 218.641 288.961 574.148 189.422 198.516 277.723 179.888 109.156 91.4145 235.513 231.337 93.9793 51.0837 97.8349
internal_count=18542 8071 10471 9400 4636 5491 3435 1719 2179 2917 2215 3844 1256 1071 1676 256 1204 1685 3909 1041 1251 1620 1044 625 524 1420 1395 566 308 576
is_linear=0
shrinkage=0.05


Tree=4
num_leaves=31
num_cat=0
split_feature=28 13 13 13 13 40 28 24 13 1 37 1 10 13 3 9 13 32 10 14 30 22 9 8 35 21 4 13 16 39
split_gain=536.382 212.069 208.184 108.245 59.2504 42.6423 29.6373 29.4001 27.9709 22.5569 21.273 20.1645 17.7047 17.4204 17.0432 15.399 15.3742 15.0729 14.7825 17.7246 13.8121 12.9402 12.8136 16.905 12.5475 13.0624 12.3939 12.2524 12.2386 12.0365
threshold=3.5000000000000004 0.23666666666666683 1.196666666666667 -0.50333333333333352 -0.71250000000000024 4.5000000000000009 1.5000000000000002 0.033333333333334554 0.99166666666666681 2.5000000000000004 2.5000000000000004 1.5000000000000002 0.36400000000000005 2.5708333333333342 54.500000000000007 7.1450000000000005 -1.4374999999999989 2.5000000000000004 0.50655000000000017 0.022924999999999949 -1.0000000180025095e-35 -0.36999999999999961 4.5650000000000004 0.26605000000000006 0.59040000000000015 -0.014999999999999998 56.500000000000007 -0.033333333333333652 1.5000000000000002 1.0000000180025095e-35
decision_type=2 2 2 2 2 2 2 2 2 2 2 2 2 2 2 2 2 2 2 2 2 2 2 2 2 2 2 2 2 2
left_child=1 4 3 16 6 18 -1 8 20 10 15 22 -10 -4 -9 -6 -2 -11 19 -5 -3 -14 -12 -24 25 28 -27 -20 -22 -8
right_child=2 7 13 5 9 -7 29 14 12 17 11 -13 21 -15 -16 -17 -18 -19 27 -21 24 -23 23 -25 -26 26 -28 -29 -30 -31
leaf_value=0.018031981570995337 -0.054890677323775332 -0.020128244382099619 0.026973891581697409 -0.019667016720024987 0.032874575118879229 -0.04102000298109959 -0.040442051087003758 0.068355587672930693 0.027710519652224253 -0.021156641062752463 -0.0004148852294179506 -0.010396956967518384 -0.025940268600884608 0.11243387223677825 -0.0016311360810906468 0.10936866687990257 -0.037481375373393237 0.010406629390139971 -0.033217540868043516 -0.0020113223174349961 0.085079883547925797 0.06696851964061587 0.10111968597816695 0.027724472620525905 0.086749217733396999 0.01734585391985773 0.072553539636910885 0.014953627735830559 0.036091833409421417 -0.014392370332135569
leaf_weight=57.816937133669853 202.53288838267326 13.724498614668844 179.88242793083191 403.92719326913357 161.45292615890503 137.07240711152554 64.183458551764488 143.23132809996605 45.376617386937141 50.419518128037453 25.983464568853378 66.243303567171097 3.8660874366760245 6.1675610542297354 9.2612692415714246 6.8587379008531562 339.20900325477123 151.41674529016018 15.680859386920927 219.34108312427998 15.616522654891012 122.41163651645184 9.9728264957666379 36.778853416442871 9.8300573974847776 154.59170061349869 10.881588310003279 83.44747494161129 69.443369746208191 143.45841041207314
leaf_count=349 1451 81 1037 2623 945 943 423 765 248 311 153 415 22 34 50 38 2347 917 101 1409 87 648 58 211 54 891 61 526 397 947
internal_value=-9.32563e-05 0.0227929 -0.0198874 -0.0264858 0.00552245 -0.0154525 -0.0136287 0.0451544 0.0386712 0.0155079 0.0240374 0.00955986 0.0544982 0.0298069 0.0641051 0.0359917 -0.0439899 0.002522 -0.0106012 -0.0134536 0.0287591 0.064124 0.0277355 0.0433808 0.0313361 0.0291619 0.0209763 0.00733355 0.0450858 -0.0224445
internal_weight=2960.08 1372.82 1587.26 1401.21 774.585 859.469 265.459 598.235 445.742 509.126 307.29 138.978 171.654 186.05 152.493 168.312 541.742 201.836 722.397 623.268 274.088 126.278 72.7351 46.7517 260.363 250.533 165.473 99.1283 85.0599 207.642
internal_count=18542 8071 10471 9400 4767 5602 1719 3304 2489 3048 1820 837 918 1071 815 983 3798 1228 4659 4032 1571 670 422 269 1490 1436 952 627 484 1370
is_linear=0
shrinkage=0.05


Tree=5
num_leaves=31
num_cat=0
split_feature=28 13 13 13 13 40 22 20 13 1 15 21 34 31 20 37 1 11 13 23 20 9 24 14 34 6 6 11 26 7
split_gain=484.115 192.751 184.571 86.1578 50.8241 34.8364 29.3011 27.0158 26 21.8676 21.2578 20.592 18.6694 18.3462 23.2962 17.825 18.7246 17.3089 15.2866 14.8572 14.3558 14.3459 14.2843 14.2492 14.0947 13.9858 13.9002 13.627 13.4845 13.3106
threshold=3.5000000000000004 0.87333333333333363 0.19749999999999981 -0.50333333333333352 -0.6866666666666662 4.5000000000000009 -0.18500000000000003 -0.66499999999999992 1.2875000000000003 2.5000000000000004 -0.0033333333333333127 0.010000000000000004 5.2550000000000008 1.5000000000000002 0.76999999999999991 3.5000000000000004 1.5000000000000002 0.33654999999999996 -1.4374999999999989 6.7550000000000008 4.0200000000000005 4.9650000000000007 -0.05000000000000026 -0.091641666666666663 6.4050000000000011 0.14500000000000005 0.13500000000000004 0.23585000000000003 1.0000000180025095e-35 7.205000000000001
decision_type=2 2 2 2 2 2 2 2 2 2 2 2 2 2 2 2 2 2 2 2 2 2 2 2 2 2 2 2 2 2
left_child=2 3 4 18 7 -5 24 -1 23 10 28 22 -6 14 -11 16 27 -16 -2 20 -10 -19 -12 -3 -4 -13 29 -14 -8 -21
right_child=1 8 6 5 12 -7 9 -9 19 13 11 25 15 -15 17 -17 -18 21 -20 26 -22 -23 -24 -25 -26 -27 -28 -29 -30 -31
leaf_value=-0.024563921340888306 -0.054157710063438204 -0.041641865765626021 0.029367739375418003 -0.011956706825330694 -0.0041450679169323136 -0.041426870530782305 0.048209024228991065 0.0079228016605142546 0.041850227969955085 0.018624710182781674 0.013208625197970714 0.039573891761437392 0.10475298971504317 0.012824956708070724 0.040699275692338589 -0.0005177165375162625 0.019913189647299382 0.0012800766081494039 -0.036515475599425584 0.024770375489247945 0.11777515348099446 0.097078420046952413 0.061090035399092829 0.0073611087386825638 -0.011699003069110649 0.13068289940294012 0.010490207856804448 0.040111518154132303 0.0091464276917985771 0.11067423539341525
leaf_weight=172.51846620440483 195.19659814238548 17.041797831654549 60.812898099422455 628.95574863255024 105.09078484773636 119.29934243857861 60.893148109316826 101.73206512629986 51.89867214858532 56.402801543474197 16.958110749721527 5.6325639486312893 10.389433100819586 72.378992721438408 50.302315354347229 84.386204019188881 241.53530313074589 4.4364324063062659 330.98397721350193 11.691049307584764 7.074544519186019 32.807580411434174 191.16185642778873 114.55623576045036 31.829373866319656 16.703387126326561 82.316361710429192 37.874597772955894 34.672720044851303 7.3406831920146933
leaf_count=1162 1451 109 343 4093 640 843 326 627 293 313 92 30 53 400 270 523 1421 24 2347 66 39 172 1005 722 180 89 468 210 191 40
internal_value=-0.000107819 -0.0191627 0.0213875 -0.0275572 0.00465311 -0.0166553 0.0412457 -0.0125131 0.0174854 0.0456848 0.0538631 0.0620849 0.0144759 0.0333595 0.0436845 0.0197057 0.0255945 0.0598295 -0.0430602 0.0310047 0.0509583 0.0856671 0.0571885 0.00101528 0.0152583 0.107708 0.0193939 0.0540264 0.0340365 0.0579041
internal_weight=2954.87 1566.36 1388.52 1274.44 753.527 748.255 634.992 274.251 291.919 542.35 326.022 230.456 479.276 216.328 143.949 374.186 289.799 87.5463 526.181 160.321 58.9732 37.244 208.12 131.598 92.6423 22.336 101.348 48.264 95.5659 19.0317
internal_count=18542 10471 8071 8734 4636 4936 3435 1789 1737 2912 1733 1216 2847 1179 779 2207 1684 466 3798 906 332 196 1097 831 523 119 574 263 517 106
is_linear=0
shrinkage=0.05


Tree=6
num_leaves=31
num_cat=0
split_feature=28 13 13 13 13 40 20 9 1 28 37 1 39 9 14 27 23 9 24 7 27 10 22 12 37 20 13 11 24 35
split_gain=437.267 178.359 163.922 95.2013 52.0921 33.8384 27.6211 26.7987 21.832 19.2549 17.4972 22.1585 15.9671 14.8573 15.2458 14.3495 14.2239 12.8417 12.7528 12.4241 12.3961 12.299 12.2681 14.3054 12.1363 13.2505 11.4958 11.7907 12.5717 11.7648
threshold=3.5000000000000004 -0.38333333333333325 -0.38333333333333325 1.2183333333333335 0.52499999999999913 4.5000000000000009 -0.68499999999999994 5.9350000000000014 2.5000000000000004 5.5000000000000009 2.5000000000000004 1.5000000000000002 1.0000000180025095e-35 7.3550000000000013 0.044108333333333312 -0.11999999999999965 6.9050000000000011 4.5850000000000009 0.033333333333334554 4.5250000000000012 0.064999999999999961 0.44295000000000001 -0.67000000000000048 0.084500000000000006 1.5000000000000002 -0.37499999999999994 -1.4374999999999989 0.435 0.038333333333334448 0.33895000000000003
decision_type=2 2 2 2 2 2 2 2 2 2 2 2 2 2 2 2 2 2 2 2 2 2 2 2 2 2 2 2 2 2
left_child=2 9 6 5 8 17 12 18 10 26 19 -12 -1 -5 -15 -10 -9 -3 22 -4 -21 -18 -6 -24 25 -17 -2 -28 -29 -30
right_child=1 3 4 13 7 -7 -8 16 15 -11 11 -13 -14 14 -16 24 21 -19 -20 20 -22 -23 23 -25 -26 -27 27 28 29 -31
leaf_value=-0.038942299118248314 -0.049817977427830409 -0.021026016411074402 0.0084196279532215475 0.021365483026421425 -0.030335413277739455 -0.03727191053912933 0.0085860053808834037 0.059187914660784303 0.074107080040195311 -0.051245681372243924 0.033672184768823152 -0.0050037109095693545 -0.0096278611485356921 0.089402972321804733 0.0043721533262955714 -0.0076014600771405587 0.084870083222278347 -0.0046701377974076507 0.050535763722728916 0.050348773080334835 0.0050114612768401992 0.010397038968543805 0.099699165218432639 0.022627352424301059 -0.011448950883901689 0.025740476805490704 -0.031955924036890709 -0.015117424393390361 0.12348977842405767 -0.010625146441891942
leaf_weight=63.488116502761841 75.953539431095123 157.18887196481228 27.288972094655037 159.92228782176971 10.318042770028113 121.14510421454906 177.8279139995575 218.13905653357506 7.9052105545997611 241.96177753806114 81.687190756201744 67.748670026659966 173.10994419455528 17.018182381987575 7.6372689902782431 45.303088694810867 6.891012877225875 507.38422499597073 54.694876417517662 131.06887862086296 17.036682456731796 28.358250081539154 6.3156703263521186 128.91941457986832 69.700542256236076 87.066012814640999 222.39227968454361 28.897482305765152 3.5360353887081137 3.0418952852487564
leaf_count=431 586 1039 155 904 60 875 1073 1116 45 1805 449 412 1126 86 40 267 36 3285 280 719 95 150 34 694 426 503 1597 207 25 22
internal_value=-0.000120007 -0.0184601 0.0200924 -0.00537798 0.0311593 -0.0129689 -0.00630323 0.0436224 0.0205878 -0.0405059 0.02871 0.016138 -0.017494 0.0269354 0.0630638 0.00802279 0.0544259 -0.00853873 0.0299519 0.0394214 0.0451336 0.0249561 0.0222171 0.0262267 0.0054375 0.0143293 -0.0327214 -0.0276858 -0.000916462 0.0614697
internal_weight=2948.95 1546.08 1402.87 970.296 988.442 785.718 414.426 453.636 534.805 575.783 324.83 149.436 236.598 184.578 24.6555 209.975 253.388 664.573 200.248 175.395 148.106 35.2493 145.553 135.235 202.07 132.369 333.821 257.868 35.4754 6.57793
internal_count=18542 10471 8071 6229 5441 5199 2630 2370 3071 4242 1830 861 1557 1030 126 1241 1302 4324 1068 969 814 186 788 728 1196 770 2437 1851 254 47
is_linear=0
shrinkage=0.05


Tree=7
num_leaves=31
num_cat=0
split_feature=28 13 13 13 13 40 28 9 1 28 39 9 37 26 9 11 10 27 25 7 13 26 33 8 15 13 11 21 11 15
split_gain=395.221 168.379 144.609 85.594 45.0374 33.5608 25.4198 22.8279 19.1217 18.9783 18.5021 16.601 13.4857 16.1257 13.1167 13.0848 14.7158 12.3396 12.125 12 11.9336 12.2092 11.5901 11.4915 13.8796 11.2518 11.0732 10.9869 12.5917 16.5531
threshold=3.5000000000000004 -0.38333333333333325 -0.38333333333333325 1.196666666666667 0.52499999999999913 4.5000000000000009 1.5000000000000002 5.9350000000000014 2.5000000000000004 5.5000000000000009 1.0000000180025095e-35 6.6650000000000009 2.5000000000000004 0.015000000000000126 6.7650000000000006 0.28735000000000005 0.48050000000000004 -0.11999999999999965 5.5000000000000009 7.1350000000000007 -0.025000000000000796 -0.069999999999999826 0.115 0.22274999999999992 -0.025000000000000005 -1.4374999999999989 0.435 0.025000000000000012 0.41204999999999997 -0.016666666666666673
decision_type=2 2 2 2 2 2 2 2 2 2 2 2 2 2 2 2 2 2 2 2 2 2 2 2 2 2 2 2 2 2
left_child=2 9 6 5 8 15 23 -6 11 25 -8 12 -4 -14 -5 -3 22 -10 -9 -13 -18 -22 -17 -1 -25 -2 -27 28 -12 -30
right_child=1 3 4 14 7 -7 10 18 17 -11 27 19 13 -15 -16 16 20 -19 -20 -21 21 -23 -24 24 -26 26 -28 -29 29 -31
leaf_value=0.00058858165696241266 -0.049051733839869271 -0.018286294646272343 0.032755649429518661 0.014879595253104713 0.028035245912842191 -0.037293745600736686 -0.031458004485613665 0.054202498158084617 0.067639447383002413 -0.050474548019549072 -0.0050612353953828166 0.066515134625088734 0.020532842366278701 -0.020662532413905466 0.042023328928765369 0.077115344606408218 -0.028375254712139215 0.0051461733901740983 0.019619114963442846 -0.021427919703497462 0.067275582110799495 0.013563583607732667 -0.0088534682378973266 0.11421217990395521 0.025815374620341777 -0.031031955065077672 -0.00089960878768147081 -0.021753163543384888 0.1014622523795834 0.012319987670853572
leaf_weight=48.030727937817574 73.34932741522789 215.69113349914551 154.6985966861248 125.11178795993328 203.1218046694994 116.7835491746664 92.670396521687508 231.23481911420822 8.2194229215383512 233.58855226635933 127.01203492283821 35.807889014482498 103.95577624440193 30.791733399033546 69.08156755566597 3.9654696732759467 13.56411252915859 202.64530688524246 28.464529603719711 4.350237399339675 12.701335221529005 63.347362592816353 346.03984645009041 5.0346558839082709 37.634826555848122 217.68462511897087 35.455057695508003 68.506367161870003 6.4306244999170294 27.386387035250664
leaf_count=282 586 1428 844 704 1068 867 626 1155 45 1805 816 189 584 190 367 26 89 1196 147 23 79 402 2267 29 217 1597 254 445 42 173
internal_value=-0.000130273 -0.0177803 0.0188954 -0.00513706 0.0291435 -0.0126002 -0.0060178 0.0405913 0.0193404 -0.0395932 -0.0126036 0.0268627 0.0226831 0.0111191 0.0245356 -0.00819952 -0.00325062 0.00758214 0.050412 0.0569885 0.0148285 0.0225343 -0.00787946 0.0173632 0.0362455 -0.0318081 -0.0268116 -0.00498485 0.00215774 0.0292712
internal_weight=2942.36 1526.36 1416 966.286 1003.29 772.093 412.706 462.821 540.469 560.078 322.006 329.604 289.446 134.748 194.193 655.309 439.618 210.865 259.699 40.1581 89.6128 76.0487 350.005 90.7002 42.6695 326.489 253.14 229.335 160.829 33.817
internal_count=18542 10471 8071 6229 5441 5158 2630 2370 3071 4242 2102 1830 1618 774 1071 4291 2863 1241 1302 212 570 481 2293 528 246 2437 1851 1476 1031 215
is_linear=0
shrinkage=0.05


Tree=8
num_leaves=31
num_cat=0
split_feature=28 13 13 13 13 28 37 20 26 13 1 28 22 27 20 26 39 14 27 1 9 13 24 31 11 3 0 7 0 1
split_gain=357.413 158.841 127.882 77.1836 40.5026 30.6339 28.2438 24.0374 21.5955 18.7712 17.7951 16.8322 16.6421 16.0346 15.0638 14.8455 14.21 13.6387 15.0862 13.0713 12.9988 12.2581 12.2146 12.0023 11.8064 11.7872 14.429 12.7886 11.6288 11.4765
threshold=3.5000000000000004 -0.38333333333333325 -0.38333333333333325 1.2183333333333335 0.99166666666666681 5.5000000000000009 3.5000000000000004 -0.68499999999999994 0.090000000000000316 -1.4374999999999989 1.5000000000000002 2.5000000000000004 -0.11000000000000008 -0.11999999999999965 0.76999999999999991 -0.095000000000000182 1.0000000180025095e-35 0.0075333333333334205 0.020000000000000021 5.5000000000000009 5.7950000000000008 2.5708333333333342 -0.01666666666666616 3.5000000000000004 0.48430000000000001 38.500000000000007 16.500000000000004 5.0050000000000008 15.500000000000002 2.5000000000000004
decision_type=2 2 2 2 2 2 2 2 2 2 2 2 2 2 2 2 2 2 2 2 2 2 2 2 2 2 2 2 2 2
left_child=2 9 7 5 6 15 8 16 11 -2 25 12 -4 -13 -15 20 -1 29 -19 24 -3 -5 -16 -7 -11 -8 27 -27 -18 -6
right_child=1 3 4 21 17 23 10 -9 -10 19 -12 13 -14 14 22 -17 28 18 -20 -21 -22 -23 -24 -25 -26 26 -28 -29 -30 -31
leaf_value=-0.037163479324880996 -0.052175527106620878 -0.0038453815511878399 0.021847233843578943 0.021223651737044907 0.046572428865907581 -0.033503848407021253 -0.0010432510713306931 0.008030336684576497 -0.0045829171260257538 -0.029092871623498058 -0.0082401289473503191 0.073489428318476574 0.045642528364999498 0.0075457085249342297 0.0042578814493592207 -0.0080888470005487257 0.0015718622138092731 0.07043572394698476 0.029343038675084115 -0.046538464454674321 0.051058065408077502 0.089158876927059483 0.055914947763394666 -0.0030577773897038172 0.012157583568055449 -0.035691139944013954 0.092699969805757287 0.042606796039356132 -0.025022660724493846 0.018599068822640678
leaf_weight=60.648365452885628 175.16729160398245 22.527914062142372 115.05334980785847 182.53680835664272 86.843934312462807 176.18324081599712 26.591687247157097 178.78096403181553 50.123160481452942 238.71038806438446 110.89777654409409 12.678926840424536 203.35124246776104 150.85129256546497 17.102278843522072 513.8865165412426 103.33428864181042 74.687260985374451 31.864134177565575 112.30673290789127 20.673995718359947 6.8907150477170935 34.585012912750244 39.655815720558167 18.705199852585793 6.8607899844646481 10.358232364058493 21.741395354270935 68.255608215928078 63.457804977893829
leaf_count=431 1451 148 626 996 425 1286 143 1073 281 1787 666 65 1051 865 94 3368 676 357 159 869 129 34 185 268 135 39 56 114 450 315
internal_value=-0.000138984 -0.0171218 0.0177855 -0.00490818 0.0272972 -0.0119182 0.0214973 -0.00575093 0.026796 -0.038693 0.00396779 0.0297434 0.0370443 0.0189422 0.0155275 -0.00572226 -0.01636 0.0444629 0.058147 -0.0323052 0.0224283 0.0236949 0.0388227 -0.02791 -0.0260954 0.0246205 0.0421369 0.0238255 -0.009007 0.034762
internal_weight=2935.31 1507.24 1428.07 962.355 1017.05 772.927 760.195 411.019 583.745 544.89 176.45 533.622 318.405 215.218 202.539 557.088 232.238 256.853 106.551 369.722 43.2019 189.428 51.6873 215.839 257.416 65.5521 38.9604 28.6022 171.59 150.302
internal_count=18542 10471 8071 6229 5441 5199 4185 2630 3167 4242 1018 2886 1677 1209 1144 3645 1557 1256 516 2791 277 1030 279 1554 1922 352 209 153 1126 740
is_linear=0
shrinkage=0.05


Tree=9
num_leaves=31
num_cat=0
split_feature=28 13 13 13 13 40 28 9 13 37 24 32 3 22 1 21 14 9 24 23 31 28 17 1 9 11 17 34 10 6
split_gain=323.37 149.775 113.309 69.536 38.2439 29.9086 20.8703 19.0148 18.6318 18.1667 16.9295 14.7284 14.2677 13.5351 12.7345 12.6478 12.1482 12.3726 14.2435 11.5633 11.5355 13.7046 12.005 16.31 11.041 10.9816 10.5856 12.1834 11.6745 13.2952
threshold=3.5000000000000004 -0.38333333333333325 -0.46749999999999975 1.196666666666667 0.52499999999999913 4.5000000000000009 1.5000000000000002 5.8850000000000007 -1.4374999999999989 3.5000000000000004 -0.013333333333334084 3.5000000000000004 29.500000000000004 2.0250000000000008 5.5000000000000009 -0.044999999999999991 -0.050791666666666672 5.8850000000000007 0.045000000000001268 6.9050000000000011 2.5000000000000004 1.5000000000000002 4.5000000000000009 2.5000000000000004 6.7650000000000006 0.48430000000000001 5.5000000000000009 6.6050000000000013 0.58435000000000004 0.12500000000000003
decision_type=2 2 2 2 2 2 2 2 2 2 2 2 2 2 2 2 2 2 2 2 2 2 2 2 2 2 2 2 2 2
left_child=2 8 6 5 9 16 -1 -6 -2 10 13 -12 -8 -4 25 -13 -3 18 -18 20 22 -22 -9 -24 -5 -10 28 -28 29 -17
right_child=1 3 4 24 7 -7 12 19 14 -11 11 15 -14 -15 -16 26 17 -19 -20 -21 21 -23 23 -25 -26 -27 27 -29 -30 -31
leaf_value=0.01480724282540667 -0.051528999292824222 -0.018830206658102928 0.0059775401675762722 0.012826935745645127 0.023742028539231463 -0.035530380315460519 -0.032849994101324519 0.065990581117343322 -0.028209761925223654 0.00042010565869281312 0.017259828641333044 0.11421434192088856 -0.0071198321407278707 0.081812307327735825 -0.04571586173168931 -0.054058208788591668 -0.014406327878993467 0.0065844695737113049 0.017602251937833113 0.018400203929162917 0.058042329843757103 0.017557085822859739 0.065917611945396429 0.0082186551465544405 0.037395374859411391 0.011454287511734352 0.050885397647413871 -0.030954706734941381 0.10106886252138909 0.041456776363976738
leaf_weight=83.193087801337242 168.66208925098181 172.62747399508953 163.33102463185787 127.50144983828068 200.31220050156116 111.23341661691666 72.275744616985321 103.35427984595299 233.99579879641533 135.68944965302944 143.30260626971722 5.5030674189329138 211.65627279877663 6.1037913858890525 108.70313520729542 3.7694829404354087 246.38984516263008 189.04612496495247 40.46315310895443 38.208595961332321 34.543531894683838 52.936496987938881 23.586335510015488 25.477860689163208 71.302320122718811 18.856994614005089 7.6325014084577587 11.251114264130591 7.9184227734804145 108.81531710922718
leaf_count=479 1451 1162 920 704 1024 867 488 492 1787 807 788 29 1412 34 869 20 1642 1220 267 192 163 262 112 125 367 135 41 61 40 582
internal_value=-0.000146225 -0.0164826 0.0167569 -0.00468775 0.024969 -0.0115765 -0.00721649 0.0354873 -0.037806 0.0164876 0.0212517 0.0286256 -0.0136695 0.00870944 -0.0314044 0.0398668 -0.00746796 -0.00334643 -0.00989123 0.0439471 0.048016 0.0335436 0.0563223 0.0359559 0.0216386 -0.0252517 0.0369316 0.00212395 0.0423861 0.0382588
internal_weight=2927.64 1488.78 1438.86 958.564 1071.74 759.76 367.125 478.419 530.218 593.317 457.627 288.193 283.932 169.435 361.556 144.89 648.527 475.899 286.853 278.107 239.899 87.48 152.418 49.0642 198.804 252.853 139.387 18.8836 120.503 112.585
internal_count=18542 10471 8071 6229 5692 5158 2379 2370 4242 3322 2515 1561 1900 954 2791 773 4291 3129 1909 1346 1154 425 729 237 1071 1922 744 102 642 602
is_linear=0
shrinkage=0.05


Tree=10
num_leaves=31
num_cat=0
split_feature=28 13 13 13 16 28 1 31 20 13 34 16 17 37 21 37 27 14 26 27 22 24 1 12 1 26 0 11 12 22
split_gain=292.68 141.218 100.814 63.1242 32.2228 28.1259 24.6275 41.5358 20.6873 18.0492 15.6469 14.1614 13.7358 13.5054 13.0816 12.745 12.3938 13.6215 12.7907 11.9444 13.0702 13.5501 11.8856 11.8463 11.5293 11.2791 11.0838 11.0924 12.0474 11.0432
threshold=3.5000000000000004 -0.39499999999999907 -0.38333333333333325 1.2183333333333335 1.5000000000000002 5.5000000000000009 1.5000000000000002 1.5000000000000002 -0.68499999999999994 -1.4374999999999989 6.6950000000000012 2.5000000000000004 5.5000000000000009 2.5000000000000004 0.050000000000000003 2.5000000000000004 -0.044999999999999922 0.08970833333333332 -0.095000000000000182 0.069999999999999854 1.155 -0.010000000000000229 2.5000000000000004 0.34989999999999999 5.5000000000000009 -0.10999999999999986 15.500000000000002 0.41155000000000003 0.26695000000000008 2.3150000000000008
decision_type=2 2 2 2 2 2 2 2 2 2 2 2 2 2 2 2 2 2 2 2 2 2 2 2 2 2 2 2 2 2
left_child=2 9 8 5 15 11 14 10 13 -2 29 16 19 26 -6 22 17 18 -3 20 21 -12 -4 -23 -11 -9 27 -1 -29 -8
right_child=1 3 4 -5 6 -7 7 25 -10 24 12 -13 -14 -15 -16 -17 -18 -19 -20 -21 -22 23 -24 -25 -26 -27 -28 28 -30 -31
leaf_value=-0.0063388876345287781 -0.050898444095000231 0.071144501142547348 0.063236388222270332 0.020926913205396577 0.039024578018301892 -0.026601370892435895 0.015945182790993967 0.050664640916017002 0.0074095400952067392 -0.024767982065570709 0.005867320752412114 -0.011077368713467352 -0.0015199172617832313 -0.035939678545166588 -0.028093711549658909 0.024667508664214452 -0.0017065200816945879 0.090915290260813547 0.0028919688472515141 -0.0076481444023791456 0.09001163613319843 0.084365899451442239 0.035381896289869916 0.029913362124078829 -0.044681368309251922 -0.0056101745654347042 -0.023923918617879708 0.11199257090304662 0.016198624374790131 0.054236397049610842
leaf_weight=80.567640274763107 162.37372872978449 8.5606721043586713 73.902427554130554 193.67111898958683 164.02405805885792 210.22865622490644 294.39036357402802 9.3075115382671338 179.8889419734478 243.81637878715992 17.222979947924614 358.31457607448101 16.030306562781334 58.68145726621151 7.5959279090166083 85.025105372071266 148.55661697685719 7.1514479517936698 34.640705317258835 8.4175049811601621 19.878864005208015 21.347589388489723 79.490774720907211 18.77065697312355 103.55932079255581 205.38923518359661 66.97307862341404 4.0214919149875668 17.851959392428398 20.115987002849579
leaf_count=534 1451 52 346 1030 831 1566 1566 50 1073 1889 93 2404 86 430 40 407 957 44 222 45 97 111 382 96 856 1191 452 26 115 100
internal_value=-0.000151888 -0.0158636 0.0157981 -0.00458081 0.0240553 -0.0110178 0.0192602 0.0146917 -0.00526861 -0.037137 0.0239065 -0.0051385 0.0409583 -0.0152673 0.0360539 0.040195 0.00555974 0.0269975 0.0164167 0.0489097 0.0550748 0.0429631 0.0488018 0.0588885 -0.0307045 -0.00317055 -0.00810684 0.00223392 0.0338106 0.0183943
internal_weight=2919.77 1470.87 1448.89 961.124 1040.91 767.453 802.491 630.871 407.985 509.749 416.174 557.224 101.668 228.096 171.62 238.418 198.909 50.3528 43.2014 85.6376 77.2201 57.3412 153.393 40.1182 347.376 214.697 169.414 102.441 21.8735 314.506
internal_count=18542 10471 8071 6275 5441 5245 4306 3435 2630 4196 2194 3679 528 1557 871 1135 1275 318 274 442 397 300 728 207 2745 1241 1127 675 141 1666
is_linear=0
shrinkage=0.05


Tree=11
num_leaves=31
num_cat=0
split_feature=28 13 13 13 13 13 1 1 28 15 15 40 34 25 34 24 27 12 17 34 10 14 22 37 20 22 9 8 27 39
split_gain=267.537 132.366 90.4917 48.8765 32.2755 30.8647 35.4816 27.0887 25.9372 16.9587 15.1553 14.8988 14.4588 14.1661 12.6957 12.4389 18.9554 16.5989 20.1344 14.0326 16.7806 14.211 18.9353 12.4057 12.2246 12.0005 11.8954 12.1246 11.8187 16.5761
threshold=4.5000000000000009 0.23666666666666683 -0.29666666666666636 -0.6866666666666662 1.2183333333333335 1.7766666666666673 2.5000000000000004 2.5000000000000004 1.5000000000000002 -0.0033333333333333127 0.025500000000000012 4.5000000000000009 4.2950000000000008 1.5000000000000002 7.0250000000000012 -0.066666666666665972 0.1000000000000001 0.31235000000000007 3.5000000000000004 6.3650000000000011 0.65110000000000012 -0.015791666666666645 1.0050000000000003 2.5000000000000004 -0.5399999999999997 1.48 5.3050000000000006 0.43630000000000008 0.010000000000000233 1.5000000000000002
decision_type=2 2 2 2 2 2 2 2 2 2 2 2 2 2 2 2 2 2 2 2 2 2 2 2 2 2 2 2 2 2
left_child=1 3 -2 8 11 6 9 23 -1 12 15 -4 -3 -6 -9 -8 19 -18 -19 20 -17 -21 -23 -5 -25 -14 -26 -28 29 -15
right_child=2 5 4 7 13 -7 10 14 -10 -11 -12 -13 25 28 -16 16 17 18 -20 21 -22 22 -24 24 26 -27 27 -29 -30 -31
leaf_value=0.012847006252596663 -0.04014567187810783 -0.039824769148474812 -0.010326355245362059 0.025622961106558869 0.045715008841500392 0.05332153851387942 -0.025414358670382532 -0.0068110210180218657 -0.022485444083443083 0.039765688691143199 0.036995486398491914 -0.032161579841357098 0.012839830035731976 0.07252934938822074 0.019135748532441557 -0.00031651246711289407 -0.012145963146678767 0.024140512511360779 0.18659552768849907 0.0016660749620763323 0.096766219259023789 0.012694242359954411 0.067575758692896962 -0.025207567765564078 -0.00025545728965077592 0.051878967779062979 0.047124864467347399 -0.012743139149393257 0.038516356870924556 -0.011277453809145995
leaf_weight=62.836149290204048 393.20238723605871 10.248303532600401 346.82594926655293 180.20351570099592 26.847015529870987 85.093317046761513 25.587437570095062 314.26831934601068 299.58136323094368 264.18377335369587 52.190154060721397 100.83571804314852 80.826438203454018 6.4384271353483191 55.464705765247345 225.74016897380352 3.7819240391254407 3.3869103044271469 4.3657747805118561 43.868683263659477 4.5406011193990699 33.133608385920525 29.898846089839935 25.903580710291862 69.423718884587288 26.02308988571167 34.733989596366882 11.178848683834074 20.417400673031807 70.576693385839462
leaf_count=363 3324 52 2328 970 140 405 151 2018 2236 1269 284 818 407 34 349 1273 22 20 25 252 24 189 162 168 397 127 191 62 109 373
internal_value=-0.000156841 0.0105157 -0.0216808 -0.00148735 -0.00898645 0.0246794 0.0216622 0.00631083 -0.0163595 0.0327453 0.011754 -0.0152447 0.0169065 0.0135563 -0.00291867 0.00823457 0.0107036 0.0737312 0.115624 0.00854749 0.00159773 0.0235183 0.0387268 0.0169268 0.00583177 0.0223478 0.0128029 0.0325482 0.00469508 -0.00427125
internal_weight=2911.61 1946.46 965.144 1053.59 571.941 892.869 807.776 691.177 362.418 381.282 426.494 447.662 117.098 124.28 369.733 374.304 348.717 11.5346 7.75269 337.182 230.281 106.901 63.0325 321.444 141.24 106.85 115.337 45.9128 97.4325 77.0151
internal_count=18542 11416 7126 6754 3802 4662 4257 4155 2599 1855 2402 3146 586 656 2367 2118 1967 67 45 1900 1297 603 351 1788 818 534 650 253 516 407
is_linear=0
shrinkage=0.05


Tree=12
num_leaves=31
num_cat=0
split_feature=28 13 13 13 1 13 28 14 37 13 40 9 27 25 13 19 7 24 40 27 39 13 7 24 36 28 20 24 20 22
split_gain=243.877 119.34 86.0863 52.5713 38.9979 29.337 24.2209 16.3468 15.5257 14.5963 14.0459 13.8028 12.8763 12.3986 12.3966 12.2503 12.2481 11.9283 13.8984 10.5174 12.2718 10.3331 10.3328 10.2566 11.1271 10.1752 12.5674 12.7446 10.0464 12.2027
threshold=4.5000000000000009 -0.46749999999999975 -0.29666666666666636 0.99166666666666681 2.5000000000000004 1.2183333333333335 1.5000000000000002 0.0075333333333334205 3.5000000000000004 -1.4049999999999994 4.5000000000000009 7.4750000000000005 0.020000000000000021 1.5000000000000002 1.9058333333333335 -0.064999999999999988 4.0550000000000006 -0.056666666666666192 -1.4999999999999998 1.0000000180025095e-35 1.5000000000000002 -1.4049999999999994 7.0050000000000008 0.036666666666666632 6.7950000000000008 3.5000000000000004 -0.27999999999999997 -0.01666666666666616 1.0000000180025095e-35 1.4099999999999999
decision_type=2 2 2 2 2 2 2 2 2 2 2 2 2 2 2 2 2 2 2 2 2 2 2 2 2 2 2 2 2 2
left_child=1 6 21 4 8 10 -1 11 16 -8 23 -5 -9 -7 -14 -6 -3 -17 -19 20 -15 -2 -21 24 -4 26 -20 -28 29 -18
right_child=2 3 5 7 15 13 9 12 -10 -11 -12 -13 14 19 -16 17 28 18 25 22 -22 -23 -24 -25 -26 -27 27 -29 -30 -31
leaf_value=0.012746408358550655 -0.050884764425403531 -0.016090207429432662 -0.0058661940538665552 0.020738705900160553 0.061838592603887077 0.042487780555481539 -0.035338522625440759 0.055182915784378478 0.0066426156089023584 -0.01179138393905059 -0.031283197516735632 0.067143468753037089 0.011632754729243092 0.062759197555014287 0.084169690633473834 -0.017858350311300453 0.029860285679632011 -0.029602760182732425 -0.0014448201452774039 0.013493057055922684 -0.011404869552902354 -0.033459918719461169 0.087009840198323668 0.0080709121709165929 -0.026207756846985966 -0.0010794330473950357 0.00035355422701976292 0.031192000077040025 0.015166868998448902 0.064223071900041256
leaf_weight=84.822700828313828 127.95028603076935 16.080796986818314 167.65935198962688 196.24336157739162 8.6417122781276685 27.426288202404976 82.970626182854176 108.76167741417885 129.77537633478642 318.24363906681538 98.54272273927927 17.449194863438606 37.092270866036415 6.0880369246006003 7.0020334571599951 67.666225329041481 239.15307709574699 28.234364777803421 89.987068131566048 18.584718897938732 66.551107197999954 253.93875951319933 6.4342856109142295 64.665964856743813 112.23212763667107 230.45405898988247 47.890988200902939 111.51419381797314 102.4759729206562 28.964717924594879
leaf_count=479 1222 89 1136 964 50 140 665 513 716 2271 818 79 183 31 33 422 1213 173 517 98 354 2102 33 428 764 1532 269 594 516 138
internal_value=-0.00016117 0.00994472 -0.0209397 0.0170573 0.0115963 -0.0086006 -0.0115288 0.0334582 0.021607 -0.0166609 -0.0146371 0.0245279 0.0459428 0.0127831 0.0231514 0.00274933 0.0266293 0.00186243 0.00448884 0.00444084 -0.00518903 -0.039298 0.0323998 -0.00987632 -0.0140228 0.0064948 0.0134939 0.021927 0.028483 0.0335725
internal_weight=2903.5 1953.42 950.074 1467.39 1100.84 568.185 486.037 366.549 516.45 401.214 443.1 213.693 152.856 125.084 44.0943 584.389 386.675 575.747 508.081 97.6581 72.6391 381.889 25.019 344.557 279.891 479.846 249.392 159.405 370.594 268.118
internal_count=18542 11416 7126 8001 6229 3802 3415 1772 2672 2936 3146 1043 729 656 216 3557 1956 3507 3085 516 385 3324 131 2328 1900 2912 1380 863 1867 1351
is_linear=0
shrinkage=0.05


Tree=13
num_leaves=31
num_cat=0
split_feature=28 13 13 13 1 13 28 37 27 15 8 14 2 37 36 28 9 14 22 7 13 27 36 19 24 34 13 27 15 24
split_gain=222.383 107.051 81.8454 46.364 34.6302 26.6864 22.0984 15.4588 14.9649 17.2925 14.2764 14.2124 14.0669 18.0086 12.9764 12.3214 11.6686 11.3208 11.8884 11.7127 11.2915 15.9439 10.7184 10.659 11.3217 12.533 10.3439 10.2915 10.181 10.0579
threshold=4.5000000000000009 -0.46749999999999975 -0.29666666666666636 0.99166666666666681 2.5000000000000004 1.2875000000000003 1.5000000000000002 3.5000000000000004 -0.024999999999999908 -1.0000000180025095e-35 0.091500000000000012 0.0075333333333334205 2.5000000000000004 2.5000000000000004 6.5850000000000009 1.5000000000000002 7.4750000000000005 0.020724999999999941 -0.83500000000000008 7.1350000000000007 1.1191666666666664 -0.044999999999999922 6.7550000000000008 -0.064999999999999988 0.058333333333333133 7.1550000000000011 -1.4049999999999994 -0.069999999999999826 0.0033333333333333344 0.040000000000000487
decision_type=2 2 2 2 2 2 2 2 2 2 2 2 2 2 2 2 2 2 2 2 2 2 2 2 2 2 2 2 2 2
left_child=1 6 26 4 12 7 -1 17 9 -9 -8 14 13 27 -5 -15 -16 18 -4 -19 21 -13 -23 -6 -25 -26 -2 -3 -29 -7
right_child=2 3 5 11 23 29 10 8 -10 -11 -12 20 -14 15 16 -17 -18 19 -20 -21 -22 22 -24 24 25 -27 -28 28 -30 -31
leaf_value=0.012024548018661171 -0.050316655183344883 0.058733099873435057 0.02380768267655756 0.11176354901355318 0.056824401016470384 0.0062103389233229556 -0.043870025598164421 -0.010591387198297971 -0.00072568135179330796 0.12756025756268347 -0.012783982976756548 0.067883823296792101 0.027907282111249744 0.012505495169183865 0.017873715282713216 -0.021251373357203764 0.060689711777388314 -0.0091262192077217214 -0.026286689342041588 0.061511946783611493 0.04900484268098787 0.024610975341279619 -0.053515492066200612 -0.00022670984601389868 0.017479798967125551 0.10773908238591562 -0.032583130696709615 0.0075319101063337406 0.039218859936549659 0.043860640710275303
leaf_weight=85.403648346662521 123.04960902035236 18.228567495942116 12.47050131857395 4.0470079183578482 8.9262916296720487 89.283901110291481 41.216231867671013 3.9715538322925568 53.196196258068085 5.2716931104660016 355.50242353975773 8.8389752656221408 281.53677698969841 56.419191226363182 194.34700779616833 51.896899238228798 17.331902503967285 136.44410794973373 235.59814838320017 6.1320966780185691 129.00327165424824 8.7799134105443972 8.7804664224386197 532.98448564112186 38.758398622274399 4.2696949392557135 247.88910568505526 74.92465204000473 38.311415687203407 22.135983020067215
leaf_count=479 1222 90 88 19 50 467 342 27 365 34 2594 42 1391 294 947 313 77 958 1708 43 600 43 44 3265 219 23 2102 390 194 112
internal_value=-0.000163941 0.00941099 -0.0202209 0.0160871 0.0109567 -0.00823209 -0.0110469 -0.0136231 0.00947784 0.0682005 -0.0160136 0.0313796 0.0203275 0.0114277 0.023075 -0.00366825 0.0213794 -0.0173155 -0.0237684 -0.00608812 0.0429079 0.0131145 -0.0144535 0.00260523 0.00176501 0.0264363 -0.0384658 0.0238656 0.0182526 0.0136904
internal_weight=2894.95 1959.51 935.443 1477.38 1106.26 564.504 482.122 453.084 62.4394 9.24325 396.719 371.129 521.318 239.781 215.726 108.316 211.679 390.645 248.069 142.576 155.403 26.3994 17.5604 584.939 576.013 43.0281 370.939 131.465 113.236 111.42
internal_count=18542 11416 7126 8001 6229 3802 3415 3223 426 61 2936 1772 2672 1281 1043 607 1024 2797 1796 1001 729 129 87 3557 3507 242 3324 674 584 579
is_linear=0
shrinkage=0.05


Tree=14
num_leaves=31
num_cat=0
split_feature=28 13 13 13 13 40 13 1 37 24 22 15 10 3 2 23 24 1 34 8 8 1 11 24 34 8 22 11 14 8
split_gain=204.121 111.13 64.7493 41.9019 28.0516 21.0074 17.8276 16.1243 20.226 15.0167 15.1466 17.1675 12.4282 12.2294 12.0055 11.8455 13.5829 11.775 11.6015 16.0511 11.3385 11.0922 11.6893 15.4452 10.7772 13.2976 12.7815 10.4894 10.3189 11.2656
threshold=3.5000000000000004 -0.39499999999999907 0.21666666666666726 1.0849999999999997 -1.2150000000000003 4.5000000000000009 -1.4374999999999989 1.5000000000000002 1.5000000000000002 0.033333333333334554 0.39999999999999974 0.016666666666666708 0.26715000000000005 54.500000000000007 2.5000000000000004 6.745000000000001 -0.028333333333333762 2.5000000000000004 6.9850000000000012 0.224 0.25295000000000006 5.5000000000000009 0.435 0.038333333333334448 4.2250000000000005 0.50485000000000013 2.3550000000000009 0.40515000000000001 0.028391666666666652 0.19044999999999998
decision_type=2 2 2 2 2 2 2 2 2 2 2 2 2 2 2 2 2 2 2 2 2 2 2 2 2 2 2 2 2 2
left_child=2 6 4 5 -1 -3 -2 -6 18 10 11 -4 -13 20 -12 16 -5 24 28 -20 -11 22 -8 -24 -16 -26 -27 -14 29 -9
right_child=1 3 9 15 7 -7 21 8 -10 13 14 12 27 -15 17 -17 -18 -19 19 -21 -22 -23 23 -25 25 26 -28 -29 -30 -31
leaf_value=-0.021169096364444626 -0.048703415306535235 -0.0067000245177827244 -0.0015121914230727561 -0.038023328412249056 0.020919526017190257 -0.031795301446253442 -0.026192850529526648 -0.028893116524454199 -0.011708510793929537 0.10086466431004684 0.0070505413104829887 0.11971136972594061 0.010692879012711586 -0.015892284132485397 -0.0042498861208173973 0.0060196390961651924 0.035477636944865491 0.017649178809663265 0.11895821393418507 0.022066031866455199 0.036807748098015923 -0.041951799510716842 -0.011211567741946617 0.073087119638230891 0.050600259427849043 0.0026534429880641672 0.07104333058382066 0.085543284459010688 0.018450976361249132 0.0038901265295424765
leaf_weight=104.77535302191973 141.23909835517406 610.73492505401373 127.0696884393692 6.8553251624107352 152.85921314358711 96.580309562385082 193.12145753949881 31.232263132929802 169.88231281936169 7.2142149358987799 72.70315232872963 4.2163271307945278 20.962405696511272 10.574250832200049 13.73080939054489 159.03979495167732 75.633871883153915 117.86200977861881 4.6568540930747977 52.03540875017643 162.84665858745575 92.697380445897579 27.297187194228172 6.7840375974774352 115.54073533415794 31.854766979813576 8.6971183568239194 6.0261303782463065 98.999988034367561 162.81662085652351
leaf_count=740 1451 4143 660 37 806 837 1623 200 1121 34 370 21 104 50 64 860 398 572 29 291 739 856 215 51 534 147 38 29 577 945
internal_value=-0.000166099 -0.0137725 0.0128268 -0.00398667 0.00289542 -0.0101267 -0.0339079 0.00664476 0.00244551 0.0238654 0.0195415 0.00664814 0.0398779 0.036281 0.0252039 0.0139942 0.0293693 0.0297916 0.00932064 0.030025 0.0395251 -0.0273756 -0.0214285 0.00556851 0.0382187 0.0419545 0.0173209 0.0274058 0.00531524 -0.00138635
internal_weight=2886.54 1409.98 1476.56 948.844 777.258 707.315 461.139 672.483 519.623 699.298 518.663 158.275 31.2049 180.635 360.389 241.529 82.4892 287.685 349.741 56.6923 170.061 319.9 227.203 34.0812 169.823 156.093 40.5519 26.9885 293.049 194.049
internal_count=18542 10471 8071 6275 4709 4980 4196 3969 3163 3362 2539 814 154 823 1725 1295 435 1355 2042 320 773 2745 1889 266 783 719 185 133 1722 1145
is_linear=0
shrinkage=0.05


Tree=15
num_leaves=31
num_cat=0
split_feature=28 13 13 13 1 13 28 24 40 9 2 37 40 14 12 26 1 0 0 28 24 8 24 14 23 15 11 20 15 19
split_gain=187.552 88.5 73.7409 42.4429 31.0264 22.2211 19.4468 13.7977 15.2664 12.959 12.7717 16.5146 12.13 12.0183 11.0401 11.2914 10.5355 12.134 10.5634 10.3323 10.8351 10.0019 9.77256 9.56972 11.1018 9.57978 10.816 11.1482 9.52763 16.0661
threshold=4.5000000000000009 -0.6866666666666662 -0.29666666666666636 0.99166666666666681 2.5000000000000004 1.2183333333333335 1.5000000000000002 -0.056666666666666192 -1.4999999999999998 7.6950000000000012 2.5000000000000004 2.5000000000000004 4.5000000000000009 0.0075333333333334205 0.32525000000000004 -0.024999999999999908 1.5000000000000002 9.5000000000000018 13.500000000000002 5.5000000000000009 0.068333333333333815 0.091500000000000012 0.063333333333333922 0.091508333333333344 6.7750000000000012 -0.0016666666666666633 0.27235000000000004 -0.42500000000000021 0.035000000000000017 -0.064999999999999988
decision_type=2 2 2 2 2 2 2 2 2 2 2 2 2 2 2 2 2 2 2 2 2 2 2 2 2 2 2 2 2 2
left_child=1 6 19 4 10 12 22 -6 -9 13 11 23 -4 -5 -7 -16 17 -13 -19 20 -2 -8 -1 24 -3 -26 27 -27 29 -10
right_child=2 3 5 9 7 14 21 8 28 -11 -12 16 -14 -15 15 -17 -18 18 -20 -21 -22 -23 -24 -25 25 26 -28 -29 -30 -31
leaf_value=0.0043588833549865948 -0.030149476457450669 0.00076195975326063137 -0.0086785233943436728 0.018222760197741779 -0.018316621943895349 -0.0043966847895463004 -0.043588227523977008 -0.029115932204151297 0.10251491719440785 0.067162930032663673 0.024481131046612252 -0.016765260362317951 -0.029066239329063229 0.036830133523487303 0.047249463928741908 0.0055468789769679777 -0.01865033273918934 0.07450968667412379 0.013504211067385349 -0.044728277538860967 0.036603075085402913 -0.016219472996786877 0.072226968115160203 0.051399754164276237 0.013915843919821848 0.12843947680026541 0.024346922559274412 0.037103473284316915 -0.041120465774214382 0.0062569151704563166
leaf_weight=58.429389372467995 153.12579219788313 66.370062544941902 338.49971354007721 210.16300895810127 78.031604751944542 62.00482352077961 38.618679612874985 32.610733464360237 4.3711367845535269 20.102261558175087 299.98569147288799 26.378885433077812 93.00083489716053 147.81254920363426 30.524661168456078 34.664939016103745 60.91731034219265 8.9954661726951581 33.603125378489494 191.56553516536951 6.3303806856274596 246.18694307655096 5.8337509632110587 21.594257831573486 44.302215620875359 6.8744628131389618 17.526571571826935 6.4995998442173022 10.466643184423445 522.57480111718178
leaf_count=330 1365 342 2328 1004 499 321 339 205 23 86 1464 138 818 682 155 180 380 45 174 1905 54 1897 33 110 236 36 88 32 61 3212
internal_value=-0.000167687 0.00850993 -0.0189425 0.0134327 0.00896472 -0.00765878 -0.0143247 0.00140212 0.00410146 0.0280996 0.0172288 0.00980509 -0.0130727 0.025906 0.0107075 0.0250739 -0.00349778 0.00988416 0.0263866 -0.0369018 -0.0274994 -0.0199306 0.0105199 0.0203953 0.0156661 0.0288198 0.0501876 0.0840515 0.00611712 0.0070554
internal_weight=2877.97 1968.25 909.717 1619.18 1241.1 558.695 349.069 648.055 570.023 378.078 593.048 293.062 431.501 357.976 127.194 65.1896 129.895 68.9775 42.5986 351.022 159.456 284.806 64.2631 163.167 141.573 75.2028 30.9006 13.3741 537.413 526.946
internal_count=18542 11416 7126 8817 7045 3802 2599 4000 3501 1772 3045 1581 3146 1686 656 335 737 357 219 3324 1419 2236 363 844 734 392 156 68 3296 3235
is_linear=0
shrinkage=0.05


Tree=16
num_leaves=31
num_cat=0
split_feature=28 13 13 13 1 13 28 37 27 15 22 37 10 14 22 13 7 35 22 14 23 17 10 22 13 23 24 24 20 20
split_gain=170.959 79.759 69.9583 33.2264 24.5239 20.2671 17.27 13.7493 12.9414 13.9925 12.5131 11.9368 11.6394 10.6392 10.953 10.5221 10.4836 9.93009 9.76441 9.73978 9.61038 9.69587 11.8743 10.089 9.12061 9.37621 9.11345 8.85073 14.1381 20.0519
threshold=4.5000000000000009 -0.46749999999999975 -0.29666666666666636 0.99166666666666681 2.5000000000000004 1.2875000000000003 1.5000000000000002 3.5000000000000004 -0.024999999999999908 -1.0000000180025095e-35 -2.3949999999999991 3.5000000000000004 0.4159500000000001 0.020724999999999941 -0.83500000000000008 -1.4049999999999994 7.1350000000000007 0.56350000000000011 -0.11000000000000008 0.0075333333333334205 6.8950000000000005 1.5000000000000002 0.30320000000000008 3.3650000000000007 1.7766666666666673 6.6250000000000009 0.023333333333333876 -0.0083333333333341902 1.9300000000000002 2.5250000000000008
decision_type=2 2 2 2 2 2 2 2 2 2 2 2 2 2 2 2 2 2 2 2 2 2 2 2 2 2 2 2 2 2
left_child=1 6 15 4 11 7 -1 13 9 -9 -8 18 20 14 26 -2 -15 -13 -3 -14 21 22 -5 24 25 -23 -4 -6 -29 -30
right_child=2 3 5 12 27 -7 10 8 -10 -11 -12 17 19 16 -16 -17 -18 -19 -20 -21 -22 23 -24 -25 -26 -27 -28 28 29 -31
leaf_value=0.01028514511210553 -0.048787590504394712 0.011436711433338119 -0.0014781187885113251 0.00048143870748994818 -0.0043932444185745233 0.0115366478341961 -0.033987218644354333 -0.0095460279562830253 -8.921757606072333e-05 0.11350369312321658 -0.010258006795152843 0.0017004836596886488 0.024914853354171554 -0.0077329184841544597 -0.024625043899680569 -0.030018207804233601 0.058438414324048477 0.081949961543574978 0.027528345582154397 0.04568269253432293 -0.0088113273528872098 0.081470770989988173 0.073935465838355308 -0.034393096773153317 0.061647468542901221 0.0085699656348614574 0.096531525809700688 0.0055310209342438665 0.096013406406715296 -0.021758557699417549
leaf_weight=86.784708067774773 110.35084640979767 151.91981749236584 9.3382407203316671 8.1977963000535983 268.20149600505829 113.37005251646042 67.318808741867542 3.9106954336166382 52.745046690106392 5.6455723047256452 317.97240407764912 128.50773259997368 138.45811891555786 133.5170296728611 227.45644598454237 230.92545377463102 6.2665624767541876 3.974070504307746 248.44017067551613 95.322960242629051 31.969468370079994 4.7298310697078696 16.730769634246826 9.4257361143827421 11.435782253742216 65.360205739736557 3.1793729588389388 302.18818777799606 10.155070021748541 5.6112260222434989
leaf_count=479 1222 780 66 39 1669 579 561 27 365 34 2375 695 642 958 1708 2102 43 21 1176 425 156 21 77 46 53 313 22 1798 58 32
internal_value=-0.000168608 0.00805977 -0.0182706 0.0136987 0.00935379 -0.00732338 -0.00986525 -0.0121602 0.00961065 0.0631483 -0.014404 0.0171173 0.0264387 -0.0157318 -0.0221191 -0.0360872 -0.00476643 0.00410774 0.0214222 0.0333828 0.0154585 0.0221542 0.04978 0.0145823 0.0202447 0.0134895 0.0234155 0.00229643 0.00793931 0.0540984
internal_weight=2869.41 1972.7 896.705 1500.63 1119 555.429 472.076 442.059 62.3013 9.55627 385.291 532.842 381.631 379.758 239.974 341.276 139.784 132.482 400.36 233.781 147.85 115.88 24.9286 90.9516 81.5258 70.09 12.5176 586.156 317.954 15.7663
internal_count=18542 11416 7126 8001 6229 3802 3415 3223 426 61 2936 2672 1772 2797 1796 3324 1001 716 1956 1067 705 549 116 433 387 334 88 3557 1888 90
is_linear=0
shrinkage=0.05


Tree=17
num_leaves=31
num_cat=0
split_feature=28 13 13 13 13 40 34 13 11 15 24 22 15 27 27 13 0 27 11 33 24 36 22 7 34 10 20 19 31 24
split_gain=157.087 92.6001 47.299 34.203 22.5391 19.5335 14.9254 14.6366 12.6964 14.2054 12.3269 12.3099 14.6202 11.6269 11.3234 15.6788 11.0469 11.0156 10.7272 11.4167 10.63 10.2491 10.4484 11.0963 16.401 10.1961 9.76205 10.669 10.9731 11.1575
threshold=3.5000000000000004 -0.50333333333333352 0.21666666666666726 0.87333333333333363 -1.2150000000000003 4.5000000000000009 5.2550000000000008 -1.4374999999999989 0.43695000000000001 -0.0049999999999999897 0.033333333333334554 0.39999999999999974 0.016666666666666708 0.14500000000000005 -1.0000000180025095e-35 1.9058333333333335 3.5000000000000004 0.044999999999999936 0.34500000000000003 0.115 0.038333333333334448 6.7550000000000008 -1.2399999999999993 4.7650000000000006 6.8750000000000009 0.26715000000000005 -0.65000000000000002 -1.0000000180025095e-35 2.5000000000000004 -0.043333333333334327
decision_type=2 2 2 2 2 2 2 2 2 2 2 2 2 2 2 2 2 2 2 2 2 2 2 2 2 2 2 2 2 2
left_child=2 7 4 5 -1 18 13 -2 21 -10 11 12 -4 -6 -5 -16 -12 20 -3 -20 -17 22 -8 24 -24 -14 -23 -28 -29 -30
right_child=1 3 10 14 6 -7 8 -9 9 -11 16 -13 25 -15 15 17 -18 -19 19 -21 -22 26 23 -25 -26 -27 27 28 29 -31
leaf_value=-0.019454336262870232 -0.047137089897338225 -0.013194649448271981 -0.0026462964458365229 0.022066543227645806 -0.010936480895513285 -0.03220079652724965 -0.021208775866950878 -0.026375184325035213 0.049859824259915503 0.0061974777029081005 0.0052538139250032003 0.021509183156021738 0.1050657443000769 0.076307052127205843 -0.0041857627653479465 0.0084410411422957392 0.037161925177044385 0.099868766082984908 0.078179452119206044 -0.00099198936351371238 0.094554759135725461 0.0015187905997770036 0.013284054008095403 -0.0041348278556320823 0.09952985906678892 0.023739376799491202 -0.0015444871321812961 0.045238183161394357 -0.044806653808174592 0.02214442713229434
leaf_weight=101.35928805917501 127.2583242431283 331.6635959520936 128.21165426075459 112.83566482365131 138.75783951580524 90.714331462979317 51.821096405386925 254.96081005036831 38.62191566824913 35.985720731317997 33.017334550619125 367.95678034424782 4.4795357435941687 3.9269675984978667 164.02375803142786 24.599646091461185 152.00763429701328 5.2295349091291419 4.6379538625478736 250.00238171219826 4.1947898864746085 105.23422881215811 39.401492647826672 105.15983566641808 6.4089176282286635 27.599619388580322 38.036244302988052 54.401982560753822 7.0796387344598761 51.422131285071373
leaf_count=740 1451 2352 660 607 843 843 322 2347 225 203 148 1725 21 24 964 121 675 25 30 1711 20 653 240 586 39 133 224 290 40 280
internal_value=-0.000168697 -0.0123902 0.0110628 -0.00430487 0.00253337 -0.0106093 0.00582895 -0.0332878 0.00967016 0.0288 0.0203616 0.0164715 0.00490707 -0.00853537 0.00942437 0.00222162 0.031468 0.0331105 -0.00726857 0.000450019 0.0209861 0.00656049 -0.00183731 0.00481202 0.0253499 0.0350958 0.0132083 0.0213581 0.0290738 0.0140423
internal_weight=2861.01 1370.12 1490.89 987.902 777.617 677.018 676.258 382.219 533.573 74.6076 713.273 528.248 160.291 142.685 310.883 198.048 185.025 34.024 586.304 254.64 28.7944 458.966 202.791 150.97 45.8104 32.0792 256.174 150.94 112.904 58.5018
internal_count=18542 10471 8071 6673 4709 4936 3969 3798 3102 428 3362 2539 814 867 1737 1130 823 166 4093 1741 141 2674 1187 865 279 154 1487 834 610 320
is_linear=0
shrinkage=0.05


Tree=18
num_leaves=31
num_cat=0
split_feature=28 13 13 9 1 13 13 28 20 9 40 31 20 24 23 7 8 9 23 27 28 24 2 8 34 35 24 12 4 26
split_gain=144.134 66.7737 63.2115 32.7411 18.3757 17.9312 17.0407 16.0771 14.5629 12.3629 11.7527 11.2123 14.6187 11.6954 13.7728 13.1551 11.12 10.9492 10.5967 13.2447 10.4934 10.341 10.0391 12.2748 9.99696 11.7685 9.84736 9.51845 9.59334 9.30004
threshold=4.5000000000000009 -0.6866666666666662 -0.29666666666666636 5.8850000000000007 2.5000000000000004 0.58750000000000002 1.196666666666667 1.5000000000000002 2.1050000000000009 5.6850000000000014 4.5000000000000009 2.5000000000000004 -0.070000000000000048 0.10083333333333312 6.6150000000000011 6.3950000000000005 0.41520000000000001 6.7650000000000006 6.9150000000000009 -0.10000000000000007 5.5000000000000009 0.068333333333333815 2.5000000000000004 0.31085000000000002 4.1950000000000012 0.32915 -0.05666666666666708 0.32360000000000005 55.500000000000007 -0.16500000000000001
decision_type=2 2 2 2 2 2 2 2 2 2 2 2 2 2 2 2 2 2 2 2 2 2 2 2 2 2 2 2 2 2
left_child=1 7 20 4 11 16 10 -1 -6 -10 -4 -3 -13 14 -14 22 17 26 -7 -20 21 24 -16 -24 25 -2 -5 28 -8 -9
right_child=2 3 6 5 8 18 27 29 9 -11 -12 12 13 -15 15 -17 -18 -19 19 -21 -22 -23 23 -25 -26 -27 -28 -29 -30 -31
leaf_value=0.0095187470238662433 -0.039088144297896185 0.01977808976142718 -0.0074330465100254442 -0.038390893047318173 -0.003487143466763125 0.030068059348342099 0.00078669539603737912 0.076036626529004447 0.048357970863302117 -0.027340528121267443 -0.02812194805165982 -0.021349100120865872 0.088090522951670386 -0.070925897011595004 0.0037838647633867358 -0.041759175734922632 0.0022522658147847204 0.054472095429055845 0.099565680000081647 -0.0023931723538122372 -0.042912627650915455 0.038177235123688785 0.077545594314377186 0.019210906003986505 -0.030351117170296555 0.10238722288571628 0.019641187418052718 0.021359721528028872 -0.067268127448694107 -0.01905172354261549
leaf_weight=64.868145614862442 2.7658214122056952 252.13173837214708 329.50081447511911 7.9217399582266799 459.11468261480331 338.40456700325012 57.100239023566246 2.5959106981754294 24.506421402096752 6.9157965034246436 86.707957915961742 44.304587975144386 5.882043555378913 4.2633265852928153 91.868382468819618 11.32817383110523 169.81109090149403 21.408375158905983 3.4313978999853125 44.388580143451691 174.77396062761545 6.2337718978524199 11.119999840855597 47.701464459300041 137.17252346128225 3.137331947684288 94.678685978055 70.750814005732536 5.694811448454856 272.37063325941563
leaf_count=363 26 1242 2308 49 2832 1573 294 21 133 35 810 278 28 21 488 54 925 114 16 217 1905 54 55 226 1309 30 531 360 30 2215
internal_value=-0.000168788 0.00729921 -0.0170819 0.0114811 0.00553086 0.0198732 -0.00675671 -0.0128718 -0.00123334 0.0316973 -0.0117431 0.0126117 0.00426468 0.0108561 0.0129328 0.0102042 0.0105646 0.0219471 0.0269548 0.00492305 -0.0345968 -0.0248627 0.0141105 0.0302389 -0.0276094 0.0361014 0.0151606 0.00878394 -0.00538512 -0.018154
internal_weight=2852.85 1979.02 873.838 1639.18 959.137 680.044 549.755 339.835 490.537 31.4222 416.209 468.6 216.468 172.163 167.9 162.018 293.82 124.009 386.225 47.82 324.083 149.309 150.69 58.8215 143.076 5.90315 102.6 133.546 62.7951 274.967
internal_count=18542 11416 7126 8817 5392 3425 3802 2599 3000 168 3118 2392 1150 872 851 823 1619 694 1806 233 3324 1419 769 281 1365 56 580 684 324 2236
is_linear=0
shrinkage=0.05


Tree=19
num_leaves=31
num_cat=0
split_feature=28 16 28 13 7 22 1 15 19 2 31 24 31 9 4 22 22 0 13 1 37 34 11 11 26 20 34 14 11 15
split_gain=133.387 81.4416 51.0282 28.3853 24.1699 18.502 14.9689 16.9141 13.9554 13.7965 12.1023 11.9408 11.5801 11.3449 11.3178 11.2704 14.5925 21.0486 11.3217 11.2494 22.099 13.8723 11.4845 11.6542 10.3454 10.182 10.4992 10.1376 9.97979 16.1458
threshold=5.5000000000000009 2.5000000000000004 3.5000000000000004 -0.32833333333333264 4.035000000000001 -2.4449999999999994 2.5000000000000004 0.025500000000000012 0.020000000000000014 3.5000000000000004 1.5000000000000002 -0.0099999999999984528 3.5000000000000004 7.0450000000000008 55.500000000000007 3.0350000000000006 1.7050000000000005 19.500000000000004 1.2433333333333338 1.5000000000000002 2.5000000000000004 5.2750000000000012 0.18635000000000004 1.0000000180025095e-35 -0.079999999999999613 0.9149999999999997 6.1250000000000009 0.024825000000000017 0.24035000000000004 1.0000000180025095e-35
decision_type=2 2 2 2 2 2 2 2 2 2 2 2 2 2 2 2 2 2 2 2 2 2 2 2 2 2 2 2 2 2
left_child=1 6 4 -2 27 -4 8 11 -1 -7 -11 -8 -5 -14 -13 16 -9 18 -18 28 21 22 23 -21 -22 -16 -27 -3 29 -6
right_child=3 2 5 12 19 9 7 15 -10 10 -12 14 13 -15 25 -17 17 -19 -20 20 24 -23 -24 -25 -26 26 -28 -29 -30 -31
leaf_value=0.028398447972276537 -0.043016327710793119 -0.021906609399702574 -0.045660874109461035 -0.021275267839382002 0.011566280177527075 -0.014567071903903717 -0.0022918848717604326 0.023670715482626749 -0.0068484169296641074 -0.0052591586617495006 0.039576581951837435 0.017654048056202357 -0.0022108400711280591 0.075450967424920468 -0.050007991237607796 -0.0035981925948028793 0.042803767484853053 -0.013700655865849447 0.12236928377643151 -0.02611674706302677 0.027883381555657717 0.014386499046618723 -0.01441365449873956 0.087549523884524208 -0.015721995547669131 -0.015773355992663659 0.067191961045416734 0.0043040566752353612 0.012669176060071653 0.074613472158806302
leaf_weight=289.70313949882984 164.28684496879578 108.59232474118471 43.026991650462151 186.46743689477444 22.031422361731529 490.74437521398067 186.53288455307484 50.105471029877663 31.097439587116241 46.018061153590679 22.365866594016552 245.34420515596867 38.849801398813725 5.350032150745391 12.20950783789158 19.14931720495224 6.8505020886659684 5.7892287522554389 12.87169526517391 3.6648476570844633 15.058012083172796 377.40461111813784 75.941376738250256 5.8622270375490189 140.68952788412571 12.764995127916338 5.4377797394990912 55.871532917022705 145.81762182712555 18.837101668119431
leaf_count=1287 1863 755 459 1467 111 3892 1054 259 145 323 155 1310 267 33 69 91 39 28 59 20 91 2100 429 33 911 66 29 381 727 89
internal_value=-0.0001685 0.00417876 -0.00263403 -0.0271332 0.00446467 -0.0140665 0.016378 0.0114233 0.0249817 -0.0116352 0.00940496 0.00747857 -0.0158209 0.00718949 0.0140877 0.0306664 0.0393436 0.0701259 0.0947322 0.00803187 0.0047855 0.0102673 -0.00792189 0.0438247 -0.0115061 -0.014683 0.00901117 -0.0130023 0.0187894 0.040626
internal_weight=2844.74 2449.78 1571.93 394.954 969.771 602.155 877.856 557.056 320.801 559.128 68.3839 462.289 230.667 44.1998 275.756 94.7662 75.6169 25.5114 19.7222 805.307 618.621 462.873 85.4685 9.52707 155.748 30.4123 18.2028 164.464 186.686 40.8685
internal_count=18542 14912 10476 3630 5647 4829 4436 3004 1432 4370 478 2528 1767 300 1474 476 385 126 98 4511 3584 2582 482 53 1002 164 95 1136 927 200
is_linear=0
shrinkage=0.05


Tree=20
num_leaves=31
num_cat=0
split_feature=28 13 28 13 9 24 39 13 22 14 34 35 11 15 21 15 5 23 13 31 28 15 31 9 25 4 12 27 36 22
split_gain=122.686 73.7006 34.5972 27.5888 20.9802 18.5814 19.4393 18.3314 16.446 12.7377 12.642 12.2339 12.1145 13.134 11.4436 11.786 10.8916 16.5545 17.312 10.6577 10.5088 18.5122 18.5387 10.4045 13.8786 11.4493 17.1349 10.0955 10.0286 10.4633
threshold=5.5000000000000009 0.20500000000000032 3.5000000000000004 -0.32833333333333264 5.9350000000000014 0.033333333333334554 2.5000000000000004 -1.2150000000000003 -2.4449999999999994 0.25491666666666674 5.3150000000000004 0.53875000000000017 0.43695000000000001 -0.0049999999999999897 1.0000000180025095e-35 0.0049999999999999637 1.0000000180025095e-35 6.9150000000000009 1.2183333333333335 3.5000000000000004 2.5000000000000004 0.024166666666666659 2.5000000000000004 5.1150000000000011 2.5000000000000004 51.500000000000007 0.36095000000000005 0.14500000000000005 6.7550000000000008 -1.2399999999999993
decision_type=2 2 2 2 2 2 2 2 2 2 2 2 2 2 2 2 2 2 2 2 2 2 2 2 2 2 2 2 2 2
left_child=1 2 7 -2 5 6 11 -1 -4 23 27 16 28 -14 15 -11 -3 18 -18 -5 -6 -22 -23 -10 25 26 -25 -9 29 -12
right_child=3 4 8 19 20 -7 -8 10 9 14 12 -13 13 -15 -16 -17 17 -19 -20 -21 21 22 -24 24 -26 -27 -28 -29 -30 -31
leaf_value=-0.018007996256948051 -0.042345354436360838 -0.0018904041596840362 -0.045007715194314263 -0.020508398490225538 0.027587342432274654 0.022569123492265579 -0.016380712692371267 -0.010071391475310878 -0.019776788574369361 0.15750782983871742 -0.022589077133246913 0.049257040707571115 0.047644108580394084 0.005497573111954453 -0.013226722792272834 0.019077430252256136 -0.0015881430030692612 0.059237913413617033 0.056974950089126376 0.0067941157330357604 0.0086537337825734629 0.048517960187182754 -0.0092983535753084386 0.11887695899762961 -0.012738414957655823 0.0061022059936940119 -0.012244134684368737 0.069609405243283073 0.012209437713689241 0.003886808321118965
leaf_weight=98.667646795511246 158.6882905960083 196.78940249979496 41.507534548640251 183.8363088965416 233.64384807646275 129.39066816866398 117.63363619148731 143.36783119291067 261.40650725364685 2.9896712750196439 50.006037518382072 16.541093900799751 38.575283713638783 35.491843938827515 5.438716858625412 3.1657761186361313 72.594327881932259 19.764323621988297 15.274729058146475 44.370468646287918 310.44533261656761 62.174815878272057 17.844221368432045 6.1260290965437871 124.95065300911665 37.579747751355171 4.199694536626339 4.0885865464806548 253.2337844222784 147.06073766946793
leaf_count=740 1863 1030 459 1467 1026 643 758 881 2237 22 314 82 218 199 43 24 382 102 71 300 1675 303 90 43 953 270 32 24 1456 835
internal_value=-0.000168206 0.00396386 -0.00447856 -0.0263339 0.012872 0.00591887 0.00100688 0.00211649 -0.0149049 -0.0121024 0.00507208 0.00737945 0.00870926 0.0274481 0.0396195 0.0863124 0.005104 0.0178921 0.00859218 -0.0151999 0.0191999 0.014181 0.0356249 -0.0134833 -0.00396591 0.0189152 0.0655472 -0.00786205 0.00562702 -0.00283149
internal_weight=2836.85 2449.95 1257.86 386.895 1192.1 567.988 438.598 770.492 487.364 445.857 671.824 320.964 524.368 74.0671 11.5942 6.15545 304.423 107.633 87.8691 228.207 624.108 390.464 80.019 434.263 172.856 47.9055 10.3257 147.456 450.301 197.067
internal_count=18542 14912 8750 3630 6162 3068 2425 4667 4083 3624 3927 1667 3022 417 89 46 1585 555 453 1767 3094 2068 393 3535 1298 345 75 905 2605 1149
is_linear=0
shrinkage=0.05


Tree=21
num_leaves=31
num_cat=0
split_feature=28 13 1 13 13 28 2 20 15 14 33 24 15 9 8 35 22 21 9 10 33 34 11 0 20 24 24 12 27 12
split_gain=112.788 67.3864 32.6072 27.0398 23.7585 17.6385 15.2393 14.7485 14.5144 13.7739 16.0668 16.7455 11.7809 11.3818 11.0991 10.3858 10.0287 13.1976 10.0152 10.0138 9.73361 10.5842 10.171 9.55762 13.1167 9.53162 9.92813 9.49738 12.473 10.8176
threshold=5.5000000000000009 -0.46749999999999975 2.5000000000000004 0.43583333333333313 1.966666666666667 3.5000000000000004 3.5000000000000004 -0.079999999999999835 -0.0036666666666666787 0.00081666666666671561 0.13500000000000004 0.038333333333333559 -0.044999999999999991 5.6950000000000012 0.19895000000000004 0.38005000000000005 -0.39999999999999963 0.010000000000000004 5.9450000000000012 0.19920000000000002 0.14500000000000005 4.9850000000000012 0.35825000000000007 2.5000000000000004 -1.3349999999999997 0.068333333333333815 0.081666666666667456 0.28745000000000004 -0.084999999999999951 0.36120000000000002
decision_type=2 2 2 2 2 2 2 2 2 2 2 2 2 2 2 2 2 2 2 2 2 2 2 2 2 2 2 2 2 2
left_child=1 5 8 -2 7 19 25 -4 13 12 11 -11 -9 -3 -12 -8 -10 23 -16 -1 22 -22 -15 -18 -25 -7 -27 -20 29 -29
right_child=3 2 4 -5 -6 6 15 9 16 10 14 -13 -14 20 18 -17 17 -19 27 -21 21 -23 -24 24 -26 26 -28 28 -30 -31
leaf_value=-0.014243092160294013 -0.034837192396669256 -0.0015716672930489847 -0.0069018567340756176 -0.0063605608938939739 0.03325417693624657 -0.026732478002005667 -0.009449613407085623 0.084104413560273955 0.006100375577615098 0.026275032311303195 0.069993797161494037 0.10438461711250442 -0.0015887468311090924 -0.014303682073599333 -0.0022507611066129537 0.11946566100360045 -0.0034631178375367057 0.051347564369330127 0.039942535351022775 0.0029033955378392796 -0.0071289582747243721 0.047306543979770084 0.037071777804778668 0.071758580311032077 0.022479654919334981 0.095293575235212424 -0.013886369719478864 -3.8937842959756776e-05 0.0021238038294970249 0.091395274018928371
leaf_weight=146.54427748173475 255.44460736215115 152.00636413693428 356.26557491719723 123.74454221874475 62.086388692259789 206.49974875897169 3.1413879022002211 4.0511537715792647 82.881560102105141 42.500642791390419 7.1206606999039641 8.1827647238969785 402.04989380389452 28.622690811753273 146.38730933517218 3.1080920696258545 33.294642552733421 43.098553046584129 33.036653131246567 203.25308488309383 11.49038180708885 40.067616194486618 14.521103575825689 14.148505240678785 296.16252461075783 3.2734716013073903 5.7216108217835426 5.475619047880171 87.001811072230339 7.9048473238945007
leaf_count=1028 2760 784 2306 870 279 2072 29 25 421 244 45 42 2390 135 884 28 151 198 174 1351 52 187 66 68 1342 30 52 27 463 39
internal_value=-0.000168062 0.00375958 0.0083338 -0.0255441 0.00316168 -0.0112735 -0.0223056 0.00146316 0.0167247 0.00547032 0.0129332 0.0388857 -0.000733895 0.00690515 0.00834887 0.0546646 0.0218836 0.0252664 0.00678009 -0.00427996 0.0205113 0.0351749 0.00298799 0.021995 0.0247265 -0.0245378 0.0258462 0.0166887 0.00903573 0.0539781
internal_weight=2829.09 2449.9 1878.36 379.189 1162.06 571.542 221.744 1099.98 716.294 743.711 337.61 50.6834 406.101 246.708 286.927 6.24948 469.586 386.704 279.806 349.797 94.7018 51.558 43.1438 343.606 310.311 215.495 8.99508 133.419 100.382 13.3805
internal_count=18542 14912 10322 3630 6918 4590 2211 6639 3404 4333 1918 286 2415 1224 1632 57 2180 1759 1587 2379 440 239 201 1561 1410 2154 82 703 529 66
is_linear=0
shrinkage=0.05


Tree=22
num_leaves=31
num_cat=0
split_feature=13 28 1 9 20 40 20 13 1 20 24 10 20 24 20 16 23 25 15 2 8 3 10 22 11 31 20 11 36 22
split_gain=104.789 59.3334 35.7918 22.3316 19.6185 14.8386 13.793 13.48 12.5155 12.0349 11.2718 16.3849 14.5551 11.2198 11.1862 11.8067 10.757 10.7361 12.2541 10.2119 10.0174 10.2502 10.0136 10.2907 9.80189 10.5378 12.4326 10.4708 9.51676 10.704
threshold=-0.6866666666666662 4.5000000000000009 3.5000000000000004 5.8850000000000007 0.81000000000000016 2.5000000000000004 -1.095 0.58750000000000002 2.5000000000000004 2.1050000000000009 0.063333333333333033 0.42815000000000009 -0.29499999999999987 0.081666666666667456 2.5950000000000011 2.5000000000000004 6.8350000000000009 5.5000000000000009 0.024999999999999984 3.5000000000000004 0.5415000000000002 47.500000000000007 0.50655000000000017 0.68999999999999984 0.46740000000000009 2.5000000000000004 -0.070000000000000048 0.49730000000000002 6.7550000000000008 -0.72000000000000031
decision_type=2 2 2 2 2 2 2 2 2 2 2 2 2 2 2 2 2 2 2 2 2 2 2 2 2 2 2 2 2 2
left_child=2 3 6 8 5 22 -1 20 24 -10 -7 12 -12 -14 15 16 -11 18 -8 -4 21 -5 -3 -24 25 28 -27 -26 29 -2
right_child=1 4 19 7 -6 10 17 -9 9 14 11 -13 13 -15 -16 -17 -18 -19 -20 -21 -22 -23 23 -25 27 26 -28 -29 -30 -31
leaf_value=-0.018302138556044675 -0.022649213337827268 -0.0055788677826894536 -0.033887711795978277 0.015055431768583439 0.0014959644814324278 -0.025268117550036873 0.0081764182442384415 0.022331361701804921 -0.0031936137196927001 0.08190437490708237 -0.018821284259579619 -0.053371763887610349 0.13134079738383 0.021300159676178317 0.0033802230355314284 0.13619908420771965 -0.024675017301875931 -0.029061561903734923 0.10176410569193417 0.048555048638607344 -0.044948814167107339 -0.0070717267370506657 0.015775395738586131 0.11814146641362216 0.082248084327484428 -0.024820308892478243 0.0060826159127361605 0.019712387560172264 0.024324717120523809 0.013705400508108912
leaf_weight=126.45490055531263 27.481289193034172 79.602982766926289 271.25270801782608 221.76928325742483 276.41630501300097 245.48049184679985 102.1967314183712 395.13074903190136 456.39809046685696 5.1778316050767881 6.2762060165405282 6.7243534773588172 4.9377417266368866 4.3634673431515694 18.617804564535618 3.9249611943960181 4.3618204295635223 19.423578530550003 3.6216589063405982 3.8088699057698241 8.5918053984642011 68.50646698474884 9.6330661773681623 3.2948738336563101 8.9842507094144803 40.666313156485558 162.99971060454845 26.254263803362846 132.39560058712959 76.918474465608597
leaf_count=1023 143 601 3091 1195 1834 2072 656 1806 2832 25 53 51 37 36 99 22 22 126 22 39 46 378 64 20 43 258 813 131 635 369
internal_value=-0.000166713 0.00444963 -0.0202786 0.00943158 -0.0085244 -0.0162116 -0.0066537 0.0162709 0.00450875 -0.00111282 -0.0221761 0.0118579 0.0400158 0.0797175 0.0284881 0.0632053 0.033173 0.00510754 0.0113795 -0.0327461 0.00825845 0.00983332 0.00104973 0.0418649 0.0102814 0.00825128 -8.78194e-05 0.0356562 0.0154237 0.00413573
internal_weight=2821.67 2294.91 526.758 1658.18 636.729 360.313 251.697 693.998 964.18 488.481 267.782 22.3018 15.5774 9.30121 32.0824 13.4646 9.53965 125.242 105.818 275.062 298.868 290.276 92.5309 12.9279 475.7 440.461 203.666 35.2385 236.795 104.4
internal_count=18542 13585 4957 8817 4768 2934 1827 3425 5392 3000 2249 177 126 73 168 69 47 804 678 3130 1619 1573 685 84 2392 2218 1071 174 1147 512
is_linear=0
shrinkage=0.05


Tree=23
num_leaves=31
num_cat=0
split_feature=28 16 28 13 7 22 25 0 2 22 0 24 24 26 19 36 36 23 31 6 27 27 21 9 15 11 11 11 18 3
split_gain=98.0836 55.87 36.2894 25.8593 18.0163 16.2855 12.3986 14.9949 10.8621 11.0009 10.8034 15.624 10.2762 10.2185 12.1438 11.1557 10.7768 10.0456 9.76794 9.67055 10.0023 9.58317 10.8582 9.56096 9.46468 14.7555 13.3387 13.0046 14.7517 12.5061
threshold=5.5000000000000009 2.5000000000000004 3.5000000000000004 -0.32833333333333264 4.035000000000001 -2.4449999999999994 4.5000000000000009 19.500000000000004 3.5000000000000004 2.475000000000001 19.500000000000004 0.016666666666667055 -0.01166666666666538 0.090000000000000316 -1.0000000180025095e-35 6.5550000000000006 6.6050000000000013 6.9250000000000007 3.5000000000000004 0.14500000000000005 0.010000000000000233 0.024999999999999915 -0.044999999999999991 7.0450000000000008 -0.00083333333333335247 0.23870000000000002 0.44285000000000002 0.35430000000000006 3.5000000000000004 30.500000000000004
decision_type=2 2 2 2 2 2 2 2 2 2 2 2 2 2 2 2 2 2 2 2 2 2 2 2 2 2 2 2 2 2
left_child=1 6 4 -2 -3 -4 17 19 -7 10 -10 12 -12 14 21 -16 -15 -1 -5 -8 -21 -6 -23 -20 26 -26 -17 -27 -29 -28
right_child=3 2 5 18 13 8 7 -9 9 -11 11 -13 -14 16 15 24 -18 -19 23 20 -22 22 -24 -25 25 27 29 28 -30 -31
leaf_value=0.019077832965538621 -0.040648941925759574 -0.011662675128267963 -0.043628493318820821 -0.018737084796301859 0.0047304249765290907 -0.012636486417754535 0.02472884302112283 -0.021776549665348522 -0.0080055576512633574 0.10168543261775947 0.059322240804782815 0.12376171852153586 -0.027362840074321056 0.052336227932094054 -0.057962806247437826 0.0040458477720170857 -0.018105961437979039 -0.0012295000457056492 -0.0012923029772274157 -0.025266565263542082 0.0090738215782896741 0.051008582706187203 -0.026483491522483544 0.068814043878313788 0.048612863196912326 -0.00011649541396949115 -0.012167283492175178 0.024068431914004804 0.12012393343161508 0.044232839010814602
leaf_weight=586.89445759356022 145.47202391922474 160.86485619097948 38.404794856905937 177.56353288143873 136.74849616736174 473.64075537770987 69.44563901424408 46.648223116993904 48.119412995874882 3.0342726707458487 6.2832456752657899 4.0593795627355567 7.4996123164892206 5.9516881108283988 5.6199481934308997 305.45315070450306 61.892012022435665 67.949699133634567 38.358891151845455 27.369650647044182 94.136605679988861 4.9530183076858512 51.761738859117031 5.5693498253822318 40.692072652280331 74.107306391000748 12.87005380541086 67.06197240203619 4.2503745108842841 41.594614155590534
leaf_count=2847 1863 1136 459 1467 754 3892 350 242 332 19 46 28 53 35 32 1730 368 344 267 148 505 26 306 33 208 388 73 343 23 225
internal_value=-0.000165546 0.00344899 -0.00227448 -0.0242711 0.00362587 -0.0121634 0.0134207 0.00363684 -0.00993651 0.00859819 0.00431612 0.0375469 0.0121546 0.00665111 0.00834262 0.0121227 -0.0119263 0.0169706 -0.0135145 0.00984516 0.00133855 -0.00243616 -0.0197159 0.00759598 0.0128441 0.0219985 0.00811038 0.0145511 0.0297936 0.0309054
internal_weight=2814.27 2447.31 1554.86 366.964 973.821 581.041 892.444 237.6 542.637 68.9959 65.9617 17.8422 13.7829 812.956 745.113 551.649 67.8437 654.844 221.492 190.952 121.506 193.463 56.7148 43.9282 546.03 186.112 359.918 145.42 71.3123 54.4647
internal_count=18542 14912 10476 3630 5647 4829 4436 1245 4370 478 459 127 99 4511 4108 3022 403 3191 1767 1003 653 1086 332 300 2990 962 2028 754 366 298
is_linear=0
shrinkage=0.05


Tree=24
num_leaves=31
num_cat=0
split_feature=28 13 1 13 20 28 13 14 33 26 11 8 2 10 8 22 31 27 12 36 27 15 26 8 31 10 14 0 3 4
split_gain=90.1025 51.6237 28.0851 25.0095 21.4357 15.1265 15.0337 14.2749 15.8537 15.4214 13.6889 19.9984 13.5855 11.3362 12.1142 11.2502 10.3622 10.7345 10.8901 9.5059 12.3925 9.26899 9.17901 9.17105 8.96169 8.83258 20.798 8.79411 9.67312 8.57564
threshold=5.5000000000000009 -0.6866666666666662 2.5000000000000004 -0.32833333333333264 -0.079999999999999835 1.5000000000000002 1.966666666666667 0.00081666666666671561 0.13500000000000004 -0.055000000000000153 0.39695000000000008 0.38074999999999998 2.5000000000000004 0.4159500000000001 0.48730000000000001 -2.9649999999999994 1.5000000000000002 -0.034999999999999691 0.39715000000000006 6.6850000000000014 0.055000000000000167 -0.044999999999999991 -0.15999999999999967 0.19255000000000003 3.5000000000000004 0.47384999999999999 0.031966666666666706 19.500000000000004 36.500000000000007 59.500000000000007
decision_type=2 2 2 2 2 2 2 2 2 2 2 2 2 2 2 2 2 2 2 2 2 2 2 2 2 2 2 2 2 2
left_child=1 5 12 -2 -4 -1 7 21 9 -9 11 -11 -3 -12 -15 -7 23 18 -18 -8 27 -6 -17 -10 -5 -25 -27 28 -21 -23
right_child=3 2 4 24 6 15 19 8 16 10 13 -13 -14 14 -16 22 17 -19 -20 20 -22 29 -24 25 -26 26 -28 -29 -30 -31
leaf_value=0.0091269672599866812 -0.039976911359417278 0.0061152838439753957 -0.0073739852203216832 -0.018035632792797664 0.070182874650333557 -0.041651694660468884 0.069106300054500219 0.090544244981040717 0.077050110257387824 0.12553428286461596 -0.043608007481386803 0.018777980886545944 0.019420344940845581 0.086887107486744913 -0.01132666225611261 0.059288862716639835 0.0031505047474521854 -0.01634712232187463 0.071172237266503152 -0.010958625798413541 0.08136642952237122 -0.0030798462790098684 -0.014862767697619211 0.0059693339902156277 0.0071800553958813714 0.079052899864714241 0.0088763488978209903 -0.029734604311694196 0.045107994123438348 0.07431439085159855
leaf_weight=65.04055418074131 140.64485250413418 328.10966844856739 418.67890536040068 175.30469001084566 4.4448751583695403 41.289380088448524 12.499264508485792 10.777253538370131 5.6850675567984572 6.5468052551150349 9.744859531521799 13.296105727553366 462.01774268597364 5.1992671340703946 7.9260840564966202 4.2329502701759329 28.212254792451859 70.285863235592842 7.4346652179956427 12.678449362516401 7.1279281228780738 411.17807223647833 296.87230437994003 135.22104752063751 44.100282199680805 15.321744948625563 33.956867158412933 10.441539049148558 19.564216822385788 3.6106587424874297
leaf_count=363 1863 1697 2836 1467 27 453 54 56 36 40 61 70 2081 29 43 35 158 414 39 57 31 2463 2673 790 300 76 174 47 86 23
internal_value=-0.000164364 0.00327131 0.00651666 -0.023518 0.001852 -0.0129776 0.00649943 0.00458506 0.0120457 0.0370975 0.023612 0.0540003 0.0138953 -0.00275383 0.0275782 -0.0171765 0.00752036 -0.00501211 0.0173374 0.0301204 0.0203377 -0.00163653 -0.0138203 0.0145009 -0.0129673 0.0125736 0.0306957 0.0101464 0.0230615 -0.00240614
internal_weight=2807.44 2447.39 2039.96 360.05 1249.83 407.435 831.153 768.841 349.608 53.4904 42.7131 19.8429 790.127 22.8702 13.1254 342.395 296.118 105.933 35.6469 62.3114 49.8121 419.234 301.105 190.185 219.405 184.5 49.2786 42.6842 32.2427 414.789
internal_count=18542 14912 11388 3630 7610 3524 4774 4499 1986 299 243 110 3778 133 72 3161 1687 611 197 275 221 2513 2708 1076 1767 1040 250 190 143 2486
is_linear=0
shrinkage=0.05


Tree=25
num_leaves=31
num_cat=0
split_feature=28 9 28 13 13 28 37 28 31 40 35 14 35 9 22 14 12 34 20 4 2 19 22 7 9 37 27 14 31 22
split_gain=82.732 48.0474 25.9625 24.2034 17.9259 18.2807 14.8967 14.9078 12.9532 13.9144 11.5883 11.6636 11.8263 10.9485 10.6757 10.4135 10.0594 10.7975 12.2823 9.8263 9.53932 9.44301 9.67671 9.42232 10.9073 9.06965 8.92945 8.84566 8.64371 8.5552
threshold=5.5000000000000009 5.0850000000000009 3.5000000000000004 -0.41416666666666652 1.2650000000000003 1.5000000000000002 2.5000000000000004 1.5000000000000002 1.5000000000000002 3.5000000000000004 0.52115000000000011 -0.03061666666666665 0.28115000000000007 7.9900000000000011 -2.4449999999999994 0.051566666666666684 0.46115 6.6350000000000007 -0.42500000000000021 54.500000000000007 2.5000000000000004 -0.055 -0.18500000000000003 4.4050000000000011 4.2550000000000008 3.5000000000000004 -0.029999999999999801 0.0075333333333334205 3.5000000000000004 1.9200000000000008
decision_type=2 2 2 2 2 2 2 2 2 2 2 2 2 2 2 2 2 2 2 2 2 2 2 2 2 2 2 2 2 2
left_child=1 2 6 -2 5 25 10 15 9 21 11 12 23 27 -4 -8 17 -13 26 -18 -9 22 -7 -1 -25 29 -19 -6 -5 -3
right_child=3 4 14 28 13 8 7 20 -10 -11 -12 16 -14 -15 -16 -17 19 18 -20 -21 -22 -23 -24 24 -26 -27 -28 -29 -30 -31
leaf_value=-0.011635023846721338 -0.040188927191709772 0.028242848566393416 -0.041998739318011083 -0.017903903670628159 0.010468350453853777 -0.019539230692578749 -0.0034201522197804162 -0.026146056293898184 -0.0042707947329184599 -0.0076983248342125284 0.04204257579918444 0.002811036837728942 -0.016035779475105146 0.069211089003493445 -0.012836719299058589 0.035733839710049661 0.023492890878697312 0.045116308523245163 0.06156676625143942 0.10392279293048062 0.013312297483789787 0.01033789524175416 0.080123040023013695 0.076308816834522092 0.00037641140321094196 0.0075832321873350586 -0.011657392931836204 0.028307729593511539 0.0063407440022831456 0.095324792302964756
leaf_weight=14.927961140871046 127.53402245789766 88.967075884342194 34.50175765901804 179.70959167182446 161.23782774806023 3.2955309450626382 76.654319018125534 109.79845958948135 339.18001490831375 116.9640940502286 21.818409308791161 195.94122526794672 100.10409730672836 10.905014902353285 347.23131255805492 21.814521759748459 13.650737822055818 11.019627407193186 18.248633444309235 5.2610340863466254 17.800408259034157 497.8722245618701 9.3340316116809809 10.293380945920946 8.7492244988679868 65.438414797186852 18.642649181187153 122.11628404259682 46.217374235391617 5.0211459994316092
leaf_count=103 1766 397 437 1544 730 21 395 788 2100 861 124 1136 598 45 2891 111 76 65 94 30 99 2687 46 54 47 305 116 535 320 21
internal_value=-0.000162679 0.00310381 -0.00513816 -0.0227745 0.00906019 0.00618876 0.000980629 -0.00936217 0.00360156 0.007857 0.00656557 0.00461502 -0.00738518 0.0200486 -0.0154724 0.00525392 0.0107381 0.00801366 0.0292908 0.0458676 -0.0206415 0.011421 0.0541174 0.0181063 0.0414213 0.0218756 0.00943421 0.0181565 -0.0129442 0.0318266
internal_weight=2800.25 2446.79 1026.46 353.461 1420.33 1126.07 644.725 226.068 966.646 627.466 418.657 396.839 134.075 294.259 381.733 98.4688 262.764 243.852 47.9109 18.9118 127.599 510.502 12.6296 33.9706 19.0426 159.427 29.6623 283.354 225.927 93.9882
internal_count=18542 14912 7164 3630 7748 6438 3836 1393 5715 3615 2443 2319 802 1310 3328 506 1517 1411 275 106 887 2754 67 204 101 723 181 1265 1864 418
is_linear=0
shrinkage=0.05


Tree=26
num_leaves=31
num_cat=0
split_feature=13 28 28 13 24 14 37 28 16 32 27 33 28 37 20 36 17 20 34 9 0 24 9 7 23 15 11 8 9 11
split_gain=77.449 40.5654 28.0319 20.5299 14.7346 13.2807 12.9369 18.9114 13.465 10.8813 11.5811 14.9152 10.2604 10.5663 10.1892 10.0654 9.31478 8.94557 12.1552 8.62346 8.38159 10.4737 8.25646 12.6565 8.24641 12.1897 8.16139 8.13333 8.65134 8.53902
threshold=-0.71250000000000024 3.5000000000000004 5.5000000000000009 0.87333333333333363 0.064999999999999961 0.044108333333333312 2.5000000000000004 1.5000000000000002 1.5000000000000002 3.5000000000000004 0.010000000000000233 0.14500000000000005 5.5000000000000009 4.5000000000000009 -0.66499999999999992 6.9750000000000005 5.5000000000000009 -0.58999999999999952 6.4150000000000009 6.5700000000000012 2.5000000000000004 -0.051666666666667187 5.3650000000000011 5.3350000000000009 6.745000000000001 0.036666666666666695 0.47654999999999997 0.5415000000000002 5.3550000000000013 0.23585000000000003
decision_type=2 2 2 2 2 2 2 2 2 2 2 2 2 2 2 2 2 2 2 2 2 2 2 2 2 2 2 2 2 2
left_child=2 6 4 5 14 12 8 27 -2 -10 15 -12 -3 -14 -1 16 -11 18 -16 -13 21 -7 -5 -24 25 -25 -26 28 -8 -30
right_child=1 3 -4 22 -6 20 7 -9 9 10 11 19 13 -15 17 -17 -18 -19 -20 -21 -22 -23 23 24 26 -27 -28 -29 29 -31
leaf_value=-0.020767353512738333 0.02577099418806433 -0.0085966255476682563 -0.042567026001070069 -0.010385147648918904 0.02708528212784439 0.10688593190009077 0.0039348718334516588 -0.0066142481169896008 0.0042306613970557903 0.031905222979383988 -0.01348371498208833 0.014879495412281028 -0.029096586462516366 0.024012373101702903 -0.0055503954040719171 -0.022799570564448021 -0.0011219663698881371 -0.0062900412915526871 0.13032096056768203 0.071560517855583053 0.00016379176155667345 0.0080351875587095951 0.099499638878403449 0.016631590231476815 0.0057647664353375691 0.09253256621203787 -0.036327037825348872 -0.034559215645498902 0.04954065384480319 0.017314358131967477
leaf_weight=240.80216716229916 170.41179120540619 393.30950295180082 96.139999322593212 56.965446315705776 22.278128996491432 4.2178827971220016 83.22978875041008 245.83124160766602 365.90017800778151 154.74049641191959 57.367671698331833 45.387131094932556 118.05565519630909 10.172424763441084 3.8130242973566046 10.596700787544249 24.76532407104969 114.94497991353273 2.8964593857526779 7.8745996952056876 178.56665506958961 7.3477353975176793 3.9463330134749404 85.272110722959042 151.20626179873943 5.6396399512886992 12.465604178607462 8.2581508755683881 27.306376934051514 83.143545478582382
leaf_count=2343 728 2904 1412 345 174 35 407 1368 1853 743 292 232 1202 80 34 50 122 822 23 37 1368 56 23 449 826 27 67 35 119 366
internal_value=-0.000160485 0.00363684 -0.0184175 -0.00377039 -0.0123829 -0.00847692 0.00955868 0.00269886 0.0132283 0.010022 0.0170682 0.0042061 -0.012601 -0.0248834 -0.0148087 0.0245533 0.0273487 -0.0030143 0.0531048 0.0232596 0.0028355 0.0440852 0.00684623 0.0106431 0.00926568 0.02134 0.00255896 0.0140363 0.0161083 0.0252816
internal_weight=2792.85 2311.98 480.875 1027.17 384.735 711.67 1284.81 447.769 837.044 666.632 300.732 110.629 521.538 128.228 362.457 190.103 179.506 121.654 6.70948 53.2617 190.132 11.5656 315.495 258.53 254.584 90.9118 163.672 201.938 193.68 110.45
internal_count=18542 13734 4808 7382 3396 5645 6352 2295 4057 3329 1476 561 4186 1282 3222 915 865 879 57 269 1459 91 1737 1392 1369 476 893 927 892 485
is_linear=0
shrinkage=0.05


Tree=27
num_leaves=31
num_cat=0
split_feature=13 28 2 32 27 13 20 1 24 20 10 13 38 1 37 20 23 4 34 15 36 8 22 26 15 35 35 21 12 34
split_gain=71.1593 47.4952 27.4694 17.3049 17.2926 13.9152 12.2854 11.2989 12.2176 12.918 10.4798 9.9018 9.79256 9.64186 17.1321 10.1078 9.28058 10.554 8.94984 13.7249 9.71635 9.91847 8.84716 8.82294 8.53955 8.42195 9.03078 10.0409 8.29674 8.65648
threshold=-1.4049999999999994 3.5000000000000004 3.5000000000000004 3.5000000000000004 -1.0000000180025095e-35 0.40666666666666679 1.3100000000000003 5.5000000000000009 0.068333333333333815 0.21499999999999989 0.23859999999999998 -0.26666666666666611 1.0000000180025095e-35 1.5000000000000002 2.5000000000000004 1.7300000000000004 6.8350000000000009 54.500000000000007 5.7350000000000012 0.035833333333333335 6.7750000000000012 0.56995000000000007 -0.41499999999999998 -0.060000000000000046 -0.01 0.20080000000000003 0.42055000000000003 1.0000000180025095e-35 0.40770000000000001 4.705000000000001
decision_type=2 2 2 2 2 2 2 2 2 2 2 2 2 2 2 2 2 2 2 2 2 2 2 2 2 2 2 2 2 2
left_child=10 5 6 18 11 13 7 8 -3 23 -1 -5 22 16 15 28 -2 -18 -4 20 21 24 -7 -10 -20 -13 27 -27 29 -15
right_child=1 2 3 4 -6 12 -8 -9 9 -11 -12 25 -14 14 -16 -17 17 -19 19 -21 -22 -23 -24 -25 -26 26 -28 -29 -30 -31
leaf_value=-0.038031040612552913 0.0060718707770847837 -0.011900546715692198 0.0074930236200083508 0.081021799410473869 -0.018735964131507719 -0.0067608963112187172 0.0018858071043800783 -0.025374073582158815 0.029653656057446871 -0.023210406319067386 -0.0026549674141817942 -0.047771148011932274 -0.010317222863314934 -0.021263372338367642 -0.013703762974902296 0.075651836256799498 0.015881723469206792 0.061249351177624284 0.11257786746391014 0.10941430673447601 0.0063110076947462601 0.12211518419473506 0.016944105852200887 0.11642181125765197 0.024867973026604741 0.043435405691284977 -0.023428280671508771 -0.022849096447822615 0.018216922927475489 0.0038519914587477676
leaf_weight=135.06935515999794 135.92859713733196 479.93744972348213 114.39985264837742 5.3085137382149687 99.367648631334305 42.492620229721069 157.50067130476236 156.8778944760561 14.341062523424627 10.120318375527857 24.775060966610909 5.7422018200159064 40.231591150164604 37.972572810947895 156.50390923768282 5.0532095134258261 42.503724917769432 18.355465039610863 3.1012831851840046 5.0394867882132521 36.82788509875536 3.5900408998131743 534.04749956727028 3.6819564402103451 26.384708851575851 26.625344574451447 10.725412622094153 7.2742682546377173 90.519619569182396 355.56074280291796
leaf_count=1721 671 3894 628 39 727 210 1072 1679 106 66 266 34 186 228 1072 25 211 90 19 24 225 18 2357 28 165 152 65 44 503 2017
internal_value=-0.000158296 0.00181325 -0.00570631 0.00614926 -0.00623671 0.00782637 -0.0106706 -0.0136446 -0.010023 0.0219956 -0.0325479 0.0160714 0.0135327 0.0036484 0.000695115 0.00530246 0.0133374 0.0295648 0.0162915 0.0297222 0.023977 0.043647 0.015197 0.0473797 0.0340931 0.00922589 0.0165601 0.0292119 0.00456806 0.00142858
internal_weight=2785.86 2626.02 1166.85 344.387 155.043 1459.17 822.459 664.959 508.081 28.1433 159.844 55.6757 616.772 842.398 645.61 489.106 196.788 60.8592 189.343 74.9434 69.9039 33.076 576.54 18.023 29.486 50.3672 44.625 33.8996 484.053 393.533
internal_count=18542 16555 8985 2140 1061 7570 6845 5773 4094 200 1987 334 2753 4817 3845 2773 972 301 1079 451 427 202 2567 134 184 295 261 196 2748 2245
is_linear=0
shrinkage=0.05


Tree=28
num_leaves=31
num_cat=0
split_feature=13 28 40 13 1 20 40 7 24 10 20 14 27 20 4 20 8 33 7 2 2 24 14 14 20 24 28 39 26 33
split_gain=66.2843 34.3859 29.0225 15.6095 15.7172 14.9215 12.4271 12.1256 10.5517 15.2557 12.1298 9.631 10.248 13.1155 9.62477 9.47742 9.26033 9.24815 10.504 9.48832 8.91967 8.9003 8.85347 9.11181 10.8839 9.3112 8.74248 8.43626 12.6522 8.87786
threshold=-0.6866666666666662 4.5000000000000009 2.5000000000000004 1.7766666666666673 2.5000000000000004 0.81000000000000016 2.5000000000000004 2.5550000000000002 0.063333333333333033 0.42815000000000009 -0.29499999999999987 1.0000000180025095e-35 1.0000000180025095e-35 -0.34500000000000014 56.500000000000007 0.22999999999999979 0.19255000000000003 0.13500000000000004 6.9250000000000007 3.5000000000000004 2.5000000000000004 -0.045000000000000366 0.0098000000000000326 0.050508333333333356 0.94000000000000006 0.041666666666667414 1.5000000000000002 1.0000000180025095e-35 -0.095000000000000182 0.19500000000000003
decision_type=2 2 2 2 2 2 2 2 2 2 2 2 2 2 2 2 2 2 2 2 2 2 2 2 2 2 2 2 2 2
left_child=2 3 7 4 20 6 14 -1 -8 10 -10 -6 13 -13 -3 -12 -15 18 -18 -19 -2 -9 -7 25 -25 -24 -23 28 -28 -29
right_child=1 5 -4 -5 11 22 8 21 9 -11 15 12 -14 16 -16 -17 17 19 -20 -21 -22 26 23 24 -26 -27 27 29 -30 -31
leaf_value=-0.041575424519547488 0.0048328811685230582 -0.0023754334054114168 -0.032859472972345663 0.026726251147595633 -0.0039954508518437156 -0.0057868254442352846 -0.022512436613954898 -0.023624043337241354 -0.015711545619277137 -0.051987241058370798 0.12467728870194579 -0.0058781020674169545 -0.0031088249668901301 0.086255320464679833 0.060090907965492393 0.024874503301214317 0.058653437468295211 0.0035768212029585558 -0.026863478920636109 0.031623033468277301 0.015736249529971134 0.017376170301805768 0.018399809268543656 0.069404181092018638 -0.0049650280639522955 0.074300645892067738 0.074946249116623009 -0.0015485986685718242 -0.031011117206988709 0.077075197215604269
leaf_weight=24.143235340714455 328.03103562444448 84.168019697070122 179.91458598524332 95.651331529021263 434.37894825637341 156.02313644438982 230.12190864235163 50.74932449683547 5.8842590823769578 6.2334415316581717 4.8383506610989571 62.524313114583492 152.98343130946159 5.2650488913059226 6.6539894491434088 4.6792183071374893 23.074814170598987 86.100493364036083 4.2525758296251288 46.412300243973732 438.05855406820774 52.784281924366951 38.830474846065044 5.3309992253780356 63.76536376029253 9.2174595817923528 3.0130345821380606 128.94367441162467 43.383039072155952 3.6932159662246695
leaf_count=297 1687 634 2379 405 2599 1074 2072 436 53 51 37 386 906 32 51 36 118 485 21 222 1956 290 257 38 409 56 27 1101 395 32
internal_value=-0.000156245 0.00340144 -0.0169164 0.00711232 0.00592572 -0.00670361 -0.013654 -0.00756431 -0.0193738 0.0140102 0.0407208 0.00109243 0.00689902 0.013625 0.0022011 0.0756102 0.0210107 0.0188616 0.0453456 0.0133999 0.0110675 -0.00465831 0.00201289 0.0124012 0.000772788 0.0291238 -0.000506342 -0.00577864 -0.0241301 0.000640646
internal_weight=2779.1 2292.48 486.624 1676.73 1581.08 615.747 342.579 306.71 251.757 21.6353 15.4018 814.992 380.613 227.63 90.822 9.51757 165.105 159.84 27.3274 132.513 766.09 282.567 273.167 117.144 69.0964 48.0479 231.817 179.033 46.3961 132.637
internal_count=18542 13585 4957 8817 8412 4768 2934 2578 2249 177 126 4769 2170 1264 685 73 878 846 139 707 3643 2281 1834 760 447 313 1845 1555 422 1133
is_linear=0
shrinkage=0.05


Tree=29
num_leaves=31
num_cat=0
split_feature=28 9 13 28 24 22 37 28 0 35 14 35 22 0 20 10 14 14 19 34 14 20 22 34 6 15 11 32 20 32
split_gain=62.7367 35.1806 21.1188 19.4744 14.9248 12.5137 12.2137 11.6542 10.3242 10.1568 10.03 10.6266 9.78992 9.32083 10.0044 9.98485 9.30722 9.28105 10.7684 8.90158 10.2016 9.85691 8.83479 8.80348 11.1605 11.8199 9.1998 10.4466 8.90838 8.49425
threshold=5.5000000000000009 5.0850000000000009 -0.41416666666666652 3.5000000000000004 0.016666666666667055 0.67000000000000026 2.5000000000000004 1.5000000000000002 3.5000000000000004 0.52115000000000011 -0.03061666666666665 0.28115000000000007 -2.4449999999999994 4.5000000000000009 0.4549999999999999 0.55345000000000011 0.08970833333333332 -0.21799166666666667 1.0000000180025095e-35 5.7650000000000006 -1.0000000180025095e-35 -1.0000000180025095e-35 -1.7149999999999999 5.705000000000001 0.16500000000000004 -0.0066666666666666602 0.30785000000000001 3.5000000000000004 -1.3349999999999997 3.5000000000000004
decision_type=2 2 2 2 2 2 2 2 2 2 2 2 2 2 2 2 2 2 2 2 2 2 2 2 2 2 2 2 2 2
left_child=1 3 -2 6 5 -3 9 16 22 10 11 -1 -5 14 19 -16 -8 18 -15 -7 -21 -22 -6 28 -25 -26 -27 -28 -12 -24
right_child=2 4 -4 12 8 13 7 -9 -10 -11 23 -13 -14 17 15 -17 -18 -19 -20 20 21 -23 29 24 25 26 27 -29 -30 -31
leaf_value=0.016768306228747747 -0.03797543024985859 -0.0015483458249050865 -0.011435847942701343 -0.040315822122393846 0.087551176594200461 -0.032549523382419447 -0.0016342404029786859 -0.018973836511220508 0.017624769902055172 0.03859898954356749 -0.03315197398182166 -0.015554451602706991 -0.011178719469937362 0.07938084522763432 0.060347543648788173 -0.0091490615656255238 0.045375433935774291 0.0056549045306711178 -0.018818700843490285 -0.01277631219981543 0.12428626424654117 0.017237037420087465 -0.02150604328706571 0.001499809363479727 0.018311477435565323 -0.0070132448555128082 0.030643347565949382 0.10779655013261431 0.0051157138880513243 0.011885337707414328
leaf_weight=34.20436230301857 113.85110339894891 492.51056683808565 219.4285830706358 31.525723151862621 2.6578981801867476 9.6918113976717013 87.436054036021233 123.49362412840128 428.58907862007618 22.30038183182478 18.140182062983513 99.106395438313484 336.99419018626213 8.9302549511194211 26.622082605957985 6.4134882837533942 11.970429614186285 354.87349978834391 4.0613719671964637 8.0900460407137889 3.8983246609568596 4.7958104461431486 38.962128579616547 64.080070972442627 66.104236178100109 4.1129161119461086 7.490154743194581 10.591246761381626 94.088674813508987 37.258608683943748
leaf_count=204 1766 2999 1864 437 18 50 447 887 2151 124 135 598 2891 42 135 30 59 1821 23 46 22 24 195 348 408 23 41 55 507 192
internal_value=-0.000154364 0.00262607 -0.020502 -0.00450689 0.00768155 0.00388407 0.000744497 -0.00871635 0.0145653 0.0057629 0.00392268 -0.0072612 -0.0136713 0.0101444 0.0285028 0.0468556 0.00402662 0.00717447 0.0486822 0.00560315 0.0276339 0.0652364 -0.00205871 0.00955718 0.017384 0.0289115 0.060483 0.0758361 -0.00106971 -0.0051835
internal_weight=2772.27 2438.99 333.28 1011.64 1427.35 919.887 643.119 222.9 507.468 420.219 397.918 133.311 368.52 427.377 59.5116 33.0356 99.4065 367.865 12.9916 26.476 16.7842 8.69414 78.8786 264.607 152.379 88.2986 22.1943 18.0814 112.229 76.2207
internal_count=18542 14912 3630 7164 7748 5192 3836 1393 2556 2443 2319 802 3328 2193 307 165 506 1886 65 142 92 46 405 1517 875 527 119 96 642 387
is_linear=0
shrinkage=0.05


Tree=30
num_leaves=31
num_cat=0
split_feature=13 28 2 32 27 26 37 40 9 20 10 20 22 21 24 9 10 35 20 34 3 26 29 10 31 15 12 14 13 22
split_gain=59.5953 35.9835 22.4223 14.8729 14.7493 12.673 13.0986 10.735 15.0374 13.1231 10.0328 9.86554 11.7089 10.2413 9.82423 10.7046 15.2583 13.9892 9.32916 11.1772 10.297 9.08195 9.58943 9.25802 8.78203 8.60727 8.5015 9.72729 8.48987 8.27972
threshold=-1.4049999999999994 3.5000000000000004 3.5000000000000004 3.5000000000000004 -1.0000000180025095e-35 0.10999999999999989 3.5000000000000004 1.5000000000000002 6.2950000000000008 1.5850000000000002 0.23859999999999998 -2.2249999999999992 -1.0299999999999998 -0.050000000000000003 0.064999999999999961 3.9650000000000003 0.089900000000000022 0.37155000000000005 -0.66499999999999992 5.5550000000000006 55.500000000000007 0.020000000000000021 1.0000000180025095e-35 0.63755000000000006 2.5000000000000004 0.028333333333333346 0.12770000000000001 -0.15656666666666666 -0.26666666666666611 0.39999999999999974
decision_type=2 2 2 2 2 2 2 2 2 2 2 2 2 2 2 2 2 2 2 2 2 2 2 2 2 2 2 2 2 2
left_child=10 5 7 -4 28 6 18 8 11 14 -1 12 -3 -13 -9 16 -16 -18 19 -2 -20 23 -23 -8 -21 -7 -11 -28 -5 -10
right_child=1 2 3 4 -6 25 21 9 29 26 -12 13 -14 -15 15 -17 17 -19 20 24 -22 22 -24 -25 -26 -27 27 -29 -30 -31
leaf_value=-0.036451680365359194 -0.017827643199998924 0.13135721094370728 0.014981203742209607 0.072901396207538577 -0.01768804715825956 -0.017204691822487801 0.0019976688156830387 -0.016809041372581341 0.012449626882355144 0.045430941745464429 -0.0012954250148176983 0.076001247721893039 0.004788725202857288 -0.0091524313256042319 -0.025708388549177993 -0.0040991687502970565 0.20754634423203355 0.037344628065790496 0.014793565585532076 0.0097906188043840204 -0.0074675551695258351 -0.0093459605183917899 -0.062139338205436594 0.065624698476752272 -0.039430234104271294 0.045282182218092513 -0.063377002645661276 0.0031497675153936665 0.0080011240838050637 0.092497902478481192
leaf_weight=125.94439357146621 54.109720893204212 2.9228390902280807 190.93099350482225 5.5935532152652732 97.447684861719608 74.018484503030777 237.79586035013199 535.0425940901041 6.0872039049863798 11.058006085455416 24.191461645066738 3.6617614552378646 4.8750067576766005 98.827407740056515 3.0974625125527373 30.687009692192078 2.2525405958294868 2.6016676053404808 747.51095428317785 204.46265088021755 55.826071798801422 60.821795172989368 10.018299363553522 5.8579225391149512 9.4825488254427892 5.9542891234159461 5.8431295156478873 92.127853363752365 50.830858618021011 6.8830936551094055
leaf_count=1721 354 29 1079 39 727 426 1255 4846 42 76 266 27 49 764 29 238 19 23 3531 1155 279 387 59 25 72 27 39 626 295 38
internal_value=-0.000151869 0.0016059 -0.00501173 0.00565888 -0.00590866 0.00680106 0.00791785 -0.00957675 0.00400401 -0.0120286 -0.0307869 -0.00198511 0.0522299 -0.00611004 -0.0150507 0.00929749 0.0609978 0.116325 0.0105514 0.00247437 0.0132466 -0.0010541 -0.0168121 0.00352739 0.00760904 -0.0125523 0.0038727 -0.000817984 0.0144349 0.0549297
internal_weight=2766.77 2616.63 1150.77 344.803 153.872 1465.86 1385.89 805.968 123.257 682.71 150.136 110.287 7.79785 102.489 573.681 38.6387 7.95167 4.85421 1071.39 268.055 803.337 314.494 70.8401 243.654 213.945 79.9728 109.029 97.971 56.4244 12.9703
internal_count=18542 16555 8985 2140 1061 7570 7117 6845 949 5896 1987 869 78 791 5155 309 71 42 5391 1581 3810 1726 446 1280 1227 453 741 665 334 80
is_linear=0
shrinkage=0.05


Tree=31
num_leaves=31
num_cat=0
split_feature=13 28 16 40 11 13 39 26 34 25 2 20 3 9 21 10 14 12 6 25 0 3 6 35 31 3 35 22 24 23
split_gain=55.1451 33.8252 22.2846 16.1892 11.5247 11.4386 10.2258 10.5359 9.89925 10.6471 10.5123 12.3567 9.66356 11.2431 9.6171 9.58673 9.53633 9.41325 9.27715 8.89401 12.9181 8.66509 8.85907 9.48995 8.59424 9.2484 8.90923 8.51761 8.32714 8.28881
threshold=-1.4049999999999994 5.5000000000000009 2.5000000000000004 2.5000000000000004 0.34605000000000002 0.45833333333333354 2.5000000000000004 -0.15999999999999967 7.0250000000000012 2.5000000000000004 3.5000000000000004 -0.020000000000000236 50.500000000000007 3.8250000000000006 -0.025000000000000005 0.23859999999999998 0.028391666666666652 0.38905000000000006 0.16500000000000004 4.5000000000000009 19.500000000000004 28.500000000000004 0.19500000000000003 0.39405000000000007 3.5000000000000004 55.500000000000007 0.39525000000000005 1.0650000000000002 -0.029999999999998913 6.9250000000000007
decision_type=2 2 2 2 2 2 2 2 2 2 2 2 2 2 2 2 2 2 2 2 2 2 2 2 2 2 2 2 2 2
left_child=15 2 19 8 -5 6 17 -8 10 12 16 -12 13 -10 -13 -1 24 -3 -18 29 -21 -20 23 -23 25 -4 -26 -28 -24 -2
right_child=1 5 3 4 -6 -7 7 -9 9 -11 11 14 -14 -15 -16 -17 18 -19 21 20 -22 22 28 -25 26 -27 27 -29 -30 -31
leaf_value=-0.035694770473657246 0.014463180512748981 -0.013766262263409122 0.0010093228896584693 -0.017849751091312507 0.00048453834498351491 -0.0028775352649427596 0.053512210605219518 -0.032731929818430615 0.096093623151932123 0.0045711068828473691 -0.0008468917877233489 0.087422117597710125 0.08680686595218412 0.01586953662196194 0.025497875729727844 -0.0012318950709470935 -0.0039842445148161754 0.047258093000775853 -0.009753542967450797 0.0070353457727688395 -0.022322304658093935 0.034434740137236609 0.050237283147110262 -0.0019815586088051439 -0.024353632157635773 -0.023926814727216503 0.012365667454127888 -0.061359120017709379 -0.023361743991779739 -0.0038519888172543677
leaf_weight=122.27824676409364 598.99411805719137 28.486550807952881 390.92586754262447 194.99800764769316 152.93503859639168 114.56495490670204 3.6465022638440123 122.64266726374626 4.8556528687477103 100.38128929585218 44.574098967015743 7.7343499660491934 6.998156636953353 43.42633680999279 33.114683389663696 24.167717471718788 118.63718536496162 8.120869465172289 29.752144478261471 193.60199820250273 46.46423813700676 81.308233737945557 4.8720822334289577 22.936837486922741 93.042576842010021 41.091808557510376 34.788942240178585 4.4148687422275534 18.19850380718708 68.878048948943615
leaf_count=1721 2847 275 2336 1667 1234 838 40 1523 28 605 242 38 37 230 163 266 688 81 186 1003 242 483 33 135 622 254 235 31 115 344
internal_value=-0.000150187 0.00152228 0.00348195 -0.000409972 -0.00979086 -0.0149831 -0.023497 -0.0302417 0.00260923 0.0142752 0.000646887 0.0173578 0.0318965 0.0239376 0.0372226 -0.0300074 -0.00105258 -0.00022882 0.00656905 0.00960738 0.00135324 0.0145402 0.0202174 0.0264221 -0.00477658 -0.0013625 -0.0159296 0.00406328 -0.00781899 0.0125743
internal_weight=2760.83 2614.39 2336.93 1428.99 347.933 277.462 162.897 126.289 1081.05 155.661 925.392 85.4231 55.2801 48.282 40.849 146.446 839.969 36.6074 275.705 907.938 240.066 157.068 127.316 104.245 564.264 432.018 132.246 39.2038 23.0706 667.872
internal_count=18542 16555 13798 9362 2901 2757 1919 1563 6461 900 5561 443 295 258 201 1987 5118 356 1640 4436 1245 952 766 618 3478 2590 888 266 148 3191
is_linear=0
shrinkage=0.05


Tree=32
num_leaves=31
num_cat=0
split_feature=13 28 16 40 13 11 39 26 34 2 3 0 11 24 3 1 4 24 27 9 24 15 9 3 13 22 19 33 8 36
split_gain=51.1942 31.4792 20.4247 15.1771 11.0416 10.8453 9.54903 9.63964 9.1049 11.9963 11.0239 16.6642 10.4233 9.17486 9.14272 8.96949 8.32789 8.2121 10.5927 8.78473 10.6984 10.582 10.1782 9.52015 8.17684 8.43813 8.27027 9.00336 8.68387 9.04801
threshold=-1.4650000000000003 5.5000000000000009 2.5000000000000004 2.5000000000000004 0.45833333333333354 0.34605000000000002 2.5000000000000004 -0.15999999999999967 6.6750000000000007 3.5000000000000004 23.500000000000004 15.500000000000002 0.60355000000000014 0.11166666666666682 51.500000000000007 2.5000000000000004 46.500000000000007 0.05333333333333324 -0.11999999999999965 3.0200000000000005 -0.018333333333333975 -0.023333333333333355 3.6950000000000007 36.500000000000007 1.966666666666667 3.4650000000000003 0.020000000000000014 0.15500000000000003 0.30270000000000002 6.5650000000000004
decision_type=2 2 2 2 2 2 2 2 2 2 2 2 2 2 2 2 2 2 2 2 2 2 2 2 2 2 2 2 2 2
left_child=-1 2 24 8 6 -5 16 -8 9 15 11 -10 13 14 -12 -4 -3 19 -19 20 23 -22 -21 -7 25 26 28 -28 -2 -30
right_child=1 4 3 5 -6 17 7 -9 10 -11 12 -13 -14 -15 -16 -17 -18 18 -20 22 21 -23 -24 -25 -26 -27 27 -29 29 -31
leaf_value=-0.030892043106478348 0.033026158212114264 0.090179596435871645 0.0030466399577151718 -0.017433904932425703 -0.0027386727557186753 0.16187886341744165 0.048712617557604199 -0.032155872997523254 0.0018124658797606164 0.021671656591761328 0.0013626192852453833 0.13401049772674054 0.069418715691122387 0.084776036620433037 0.02504773727897603 -0.0080108248910390027 -0.0069321717232953889 -0.0094257961043805755 0.07699733208287303 -0.057231070268081496 0.095071290136550607 -0.028950077166206324 -0.0034741425019894838 0.023281130905373197 0.023891348996599102 -0.01383343594501798 0.0056187776432430545 -0.029181123554114775 0.052694298462210576 0.0083755343028216918
leaf_weight=129.06378975883126 40.469975799322128 2.3581049442291251 396.11576545238495 193.82970809936523 114.36056619882584 2.5012891441583625 3.8012678623199454 120.51918577775359 5.18273828178644 57.327954418957233 227.0456129014492 4.414117619395256 6.7759109809994689 3.7091766223311415 49.654789142310619 341.5207131691277 34.602316912263632 6.6706351116299629 7.5681790784001333 9.5261867046356183 2.293248049914836 6.8797719925642005 116.35044654458761 2.4551447108387947 84.720961511135101 43.575826391577721 54.996026441454887 28.073743760585785 11.725096791982649 647.11529085785151
leaf_count=1840 215 21 2181 1685 838 22 40 1543 32 292 1318 24 36 19 293 2353 341 45 54 91 21 61 935 21 361 221 275 154 58 3152
internal_value=-0.00014804 0.0013629 0.00323753 -0.000469243 -0.0146228 -0.00956074 -0.0230495 -0.0296832 0.00242934 -0.000360581 0.00990245 0.0626176 0.00814088 0.00666014 0.00561299 -0.00207289 -0.000736362 0.000332965 0.0365096 -0.00334625 0.0340365 0.00205517 -0.0075424 0.0932252 0.0090981 0.00758071 0.0087734 -0.00614198 0.0105452 0.00916426
internal_weight=2755.2 2626.14 2350.5 1439.82 275.641 348.075 161.281 124.32 1091.75 794.964 296.782 9.59686 287.185 280.41 276.7 737.636 36.9604 154.245 14.2388 140.006 14.1295 9.17302 125.877 4.95643 910.677 825.956 782.38 83.0698 699.31 658.84
internal_count=18542 16702 13919 9483 2783 2935 1945 1583 6548 4826 1722 56 1666 1630 1611 4534 362 1250 99 1151 125 82 1026 43 4436 4075 3854 429 3425 3210
is_linear=0
shrinkage=0.05


Tree=33
num_leaves=31
num_cat=0
split_feature=13 1 20 24 24 14 39 15 31 28 20 11 8 24 34 34 22 20 10 12 7 32 30 12 27 12 10 10 12 23
split_gain=47.3867 28.8089 19.9464 15.0471 16.5399 14.0627 13.6053 10.5304 10.4571 13.6201 11.4805 10.9046 9.61005 12.2556 9.53012 10.0309 9.42731 8.79488 8.40374 9.02974 8.36396 13.8923 8.31423 8.13277 8.01704 8.01011 14.3832 7.8722 7.86703 12.153
threshold=-1.4650000000000003 2.5000000000000004 0.084999999999999756 0.068333333333333815 0.074166666666666284 0.0075333333333334205 2.5000000000000004 0.025500000000000012 2.5000000000000004 1.5000000000000002 0.49499999999999994 0.53090000000000004 0.21515000000000004 0.038333333333333559 6.3950000000000005 7.0750000000000011 1.5100000000000002 -0.44000000000000011 0.17445000000000002 0.26885000000000003 6.5050000000000008 3.5000000000000004 -1.0000000180025095e-35 0.41085000000000005 0.1000000000000001 0.29975000000000002 0.26635000000000003 0.20554999999999998 0.40885000000000005 6.8650000000000011
decision_type=2 2 2 2 2 2 2 2 2 2 2 2 2 2 2 2 2 2 2 2 2 2 2 2 2 2 2 2 2 2
left_child=-1 8 3 6 17 24 27 12 16 11 -11 -10 23 14 -14 22 28 -5 -15 -20 21 -21 -16 25 -4 -7 -27 -3 -2 -30
right_child=1 2 5 4 -6 7 -8 -9 9 10 -12 -13 13 18 15 -17 -18 -19 19 20 -22 -23 -24 -25 -26 26 -28 -29 29 -31
leaf_value=-0.03011689085737769 0.0071501585304550204 -0.015193127722356673 -0.0046609019469563877 0.042991295330695262 0.0065959487612611938 0.081253462674855115 -0.018373860738564084 0.028885352896304346 0.0086221894671974272 -0.017905353071327595 0.0072116831231564538 0.069263124417618283 -0.0083291399701520951 0.073103846609829978 0.083603797409412622 -0.015596999590837775 0.029756172029020214 0.15805762933231801 -0.028782026223877617 -0.013678196694747263 0.044810425040660434 0.054714665126302853 0.016201888633210881 0.12298984237208149 0.021306974073573182 -0.04410987852538175 0.092892938112574319 0.00017950435686061412 0.014786891345157356 0.063237202336897932
leaf_weight=125.84907041117549 348.01290196925402 118.03936311230063 505.51458686962724 3.8708644658327103 32.942507471889257 4.594328552484515 303.99077738448977 57.946925491094589 227.78150646388531 109.50461389869452 77.830242075026035 7.6628154069185248 165.56964492797852 7.1852012053132048 4.9035803824663153 25.690232649445534 73.87739409506321 2.9083256199955931 9.5805878788232786 24.101806811988354 26.140789434313774 10.730674568563698 68.337856214493513 2.6917143538594237 31.578917138278484 5.9776372313499433 2.8192722648382187 282.80792723596096 64.95776641368866 16.163440138101578
leaf_count=1840 1720 919 3234 30 239 37 3024 294 1053 722 372 34 1018 45 27 171 309 18 55 141 128 74 432 22 196 48 19 1930 310 81
internal_value=-0.000146001 0.00129158 -0.00257718 -0.00870947 0.0212323 0.00221202 -0.0103969 0.00910986 0.008387 0.0025907 -0.00747022 0.0105958 0.00591183 0.00413677 -0.000992748 0.0112853 0.0132588 0.0923557 0.0215896 0.0163434 0.0234338 0.00739126 0.0207145 0.0436845 -0.0031341 0.0277437 -0.000202613 -0.00434735 0.0104187 0.0244406
internal_weight=2749.56 2623.71 1697.92 744.56 39.7217 953.364 704.838 416.27 925.791 422.779 187.335 235.444 358.323 342.24 264.501 98.9317 503.012 6.77919 77.7391 70.5539 60.9733 34.8325 73.2414 16.083 537.094 13.3912 8.79691 400.847 429.134 81.1212
internal_count=18542 16702 12101 6160 287 5941 5873 2511 4601 2181 1094 1087 2217 2091 1648 630 2420 48 443 398 343 215 459 126 3430 104 67 2849 2111 391
is_linear=0
shrinkage=0.05


Tree=34
num_leaves=31
num_cat=0
split_feature=28 20 7 9 24 26 22 35 3 35 39 0 12 12 16 9 13 25 17 39 20 15 1 31 13 19 20 7 35 7
split_gain=45.391 25.1035 18.2655 14.0127 13.0327 11.1822 11.1126 10.0853 8.97854 10.7075 8.84177 9.92598 12.7496 9.42924 10.1941 9.16432 9.06549 8.68146 8.66724 8.76709 8.62664 8.62272 11.7586 11.5572 11.2705 11.0304 8.73343 8.62229 8.59972 9.33538
threshold=5.5000000000000009 -0.79500000000000004 4.5150000000000006 5.8850000000000007 0.0016666666666673715 0.044999999999999936 -2.7249999999999992 0.45635000000000009 46.500000000000007 0.5505000000000001 2.5000000000000004 22.500000000000004 0.28135000000000004 0.40050000000000008 3.5000000000000004 7.0450000000000008 0.45833333333333354 2.5000000000000004 1.5000000000000002 -3.4999999999999996 2.1050000000000009 0.024166666666666659 2.5000000000000004 2.5000000000000004 -0.62499999999999967 -0.014999999999999998 4.0200000000000005 5.7150000000000007 0.42135000000000006 6.245000000000001
decision_type=2 2 2 2 2 2 2 2 2 2 2 2 2 2 2 2 2 2 2 2 2 2 2 2 2 2 2 2 2 2
left_child=1 4 -2 5 -1 18 -6 -8 9 -9 13 16 -13 15 -15 17 -12 -4 19 -3 -20 22 -5 26 -24 -25 27 -23 -26 -30
right_child=2 3 10 21 6 -7 7 8 -10 -11 11 12 -14 14 -16 -17 -18 -19 20 -21 -22 23 24 25 28 -27 -28 -29 29 -31
leaf_value=-0.013769309246922299 -0.038581876741759939 0.06272141633410859 0.019538575591813115 0.015946486274359083 -0.041435144724848612 -0.0093814105526200536 0.00057954363714411911 0.084415465202523784 -0.014506062543419169 0.011210663784653139 -0.030471673537329977 0.13606335549157156 0.00019228463686741935 0.0081470190663419425 0.11766314285591495 0.057153918318277923 -0.0075123689226210578 -0.029918694543144636 -0.000417807752535781 0.01119456178069122 0.021210149791424753 0.074985614850948221 0.084014268639107922 -0.01941698587873017 0.0051374676879137023 0.035586037328383023 0.10005369493926822 0.022486938714669429 -0.036525911755055145 -0.00096013082798061507
leaf_weight=320.08583992347121 80.482490185648203 8.7183751761913282 14.273488935083149 257.99820376187563 13.840969894081352 205.71855331584811 182.60874140635133 10.74138098955155 7.2610982730984679 9.3373553715646249 85.089201726019382 2.3133605718612653 6.8066365756094456 4.9952030926942808 3.697911448776722 5.6349973902106276 86.908373847603798 23.451607301831245 638.36479351297021 155.39359509572387 49.694386586546898 8.6340897977352125 4.1959500089287749 27.247257180511951 346.26864475756884 13.697114765644072 4.335481032729148 83.057880938053131 27.616099260747433 55.591285139322281
leaf_count=2688 1406 42 110 1123 178 1360 1348 77 52 67 1062 23 72 34 34 34 663 192 3791 884 273 45 35 130 1904 60 18 378 167 292
internal_value=-0.000143586 0.00216658 -0.0180444 0.00489503 -0.00729753 0.00108118 0.00195905 0.00481983 0.0331416 0.0503725 -0.0109556 -0.0161753 0.0346571 0.00720625 0.0547334 -0.00232231 -0.0188706 -0.0112063 0.00360691 0.0139319 0.00114425 0.00976398 0.00749425 0.0212255 0.00246589 -0.00101683 0.0307092 0.0274304 0.00166916 -0.0127642
internal_weight=2744.06 2430.41 313.653 1886.53 543.875 1057.89 223.79 209.949 27.3398 20.0787 233.171 181.118 9.12 52.0532 8.69311 43.3601 171.998 37.7251 852.171 164.112 688.059 828.642 691.67 136.972 433.672 40.9444 96.0275 91.692 429.476 83.2074
internal_count=18542 14912 3630 10502 4410 6350 1722 1544 196 144 2224 1820 95 404 68 336 1725 302 4990 926 4064 4152 3521 631 2398 190 441 423 2363 459
is_linear=0
shrinkage=0.05


Tree=35
num_leaves=31
num_cat=0
split_feature=13 28 9 15 14 12 25 0 13 30 9 35 15 9 10 15 14 19 4 24 6 35 13 24 20 10 9 39 26 40
split_gain=41.6505 25.3656 16.306 12.3247 12.8913 10.5834 10.3644 11.9268 9.9457 10.8311 10.0632 9.55455 12.9834 14.0304 12.2683 9.8557 12.7426 9.89238 11.2896 11.7711 11.0074 10.0365 9.39467 8.98638 8.46184 9.44498 8.70278 8.32877 8.82943 7.99433
threshold=-1.4650000000000003 5.5000000000000009 5.0850000000000009 -0.00083333333333335247 0.028391666666666652 0.19140000000000004 4.5000000000000009 4.5000000000000009 1.2650000000000003 -1.4999999999999998 7.5750000000000011 0.38115000000000004 -0.018333333333333351 4.785000000000001 0.074350000000000013 -0.026666666666666682 0.27154166666666674 0.039999999999999994 52.500000000000007 0.043333333333334341 0.18500000000000003 0.29920000000000008 0.45833333333333354 0.010000000000000233 -0.65000000000000002 0.55120000000000002 6.4050000000000011 2.5000000000000004 -0.15999999999999967 2.5000000000000004
decision_type=2 2 2 2 2 2 2 2 2 2 2 2 2 2 2 2 2 2 2 2 2 2 2 2 2 2 2 2 2 2
left_child=29 2 3 4 -2 -6 8 24 9 -4 -10 15 13 14 -13 -7 17 18 20 -20 -17 -21 27 -19 -8 26 -26 -3 -29 -1
right_child=1 22 6 -5 5 11 7 -9 10 -11 -12 12 -14 -15 -16 16 -18 23 19 21 -22 -23 -24 -25 25 -27 -28 28 -30 -31
leaf_value=-0.017090643643508898 -0.012910428484031839 -0.0006829775871164738 0.060580429002262987 0.0045538375791550614 -0.030526957658857108 -0.010646089632724117 -0.022985010889872072 -0.0043984920754475861 0.014978789284079886 0.0056140361025702676 0.053654855053013255 0.07584599395329672 -0.03654480681553271 0.099295157505252862 -0.031031906668679735 -0.023008199028811099 0.11959958593636155 0.026905847890898019 0.019022410104708981 0.031382000452101703 0.040879641254780247 0.15144289889940243 -0.0024882252116848174 0.12584572227941532 0.019335493719315075 -0.021465614125012182 0.06437347903811079 0.046196030719777688 -0.03045769926712142 -0.042933703225378449
leaf_weight=65.685106791555882 349.32299096882343 36.860270295292139 9.0647418797016126 379.56292474642396 20.666702330112457 30.114853359758854 10.157904990017412 337.48284400999546 207.88389892876148 792.50115819275379 18.299169808626175 3.5641941055655506 24.814633890986443 4.1851985231041899 10.885158158838747 27.82147791236639 3.2401373684406272 5.6600682064890844 39.85700486600399 3.5988756269216529 8.898358501493929 3.371253713965416 113.85927911102772 3.8601996526122093 29.745717540383339 8.5983607321977598 16.774978816509247 3.8851304575800887 113.64070710912347 54.967051211744547
leaf_count=773 2511 362 48 2444 138 214 74 1951 900 4333 75 23 164 26 76 178 20 42 273 23 56 20 838 25 172 46 87 40 1543 1067
internal_value=-0.000141313 0.00118231 0.00284508 -0.00235013 -0.00720414 0.00325749 0.00618417 -0.000614392 0.00884843 0.00623564 0.0181078 0.00736773 -0.0128595 0.018681 -0.00466854 0.0143195 0.0221261 0.0187326 0.0132298 0.0295057 -0.00752619 0.089452 -0.0133842 0.0670232 0.0189495 0.0266776 0.0355758 -0.0214199 -0.0279237 -0.0288643
internal_weight=2738.83 2618.18 2349.93 919.424 539.861 190.538 1430.51 402.76 1027.75 801.566 226.183 169.871 43.4492 18.6346 14.4494 126.422 96.3074 93.0672 83.547 46.8271 36.7198 6.97013 268.245 9.52027 65.277 55.1191 46.5207 154.386 117.526 120.652
internal_count=18542 16702 13919 6233 3789 1278 7686 2330 5356 4381 975 1140 289 125 99 851 637 617 550 316 234 43 2783 67 379 305 259 1945 1583 1840
is_linear=0
shrinkage=0.05


Tree=36
num_leaves=31
num_cat=0
split_feature=13 28 20 24 22 24 39 4 23 10 22 31 34 10 19 20 13 23 23 1 15 22 36 13 23 25 20 19 12 40
split_gain=38.5401 24.0351 13.0768 12.5251 10.7828 10.3366 11.666 13.8569 9.88003 9.8012 8.69376 10.8853 10.0078 8.53945 7.88539 8.36458 16.1472 9.80812 10.5875 9.22571 9.25281 15.7865 9.92573 10.5787 9.52502 8.60001 8.39244 8.2384 7.89453 7.85417
threshold=-1.4650000000000003 4.5000000000000009 0.81000000000000016 -0.0083333333333341902 0.49499999999999994 0.066666666666666888 2.5000000000000004 56.500000000000007 6.8250000000000011 0.63755000000000006 0.55000000000000016 2.5000000000000004 6.0750000000000011 0.39945000000000003 0.095000000000000015 1.2849999999999999 0.051666666666667201 6.8150000000000004 6.9850000000000012 1.5000000000000002 -1.0000000180025095e-35 1.0400000000000005 6.8050000000000006 0.66166666666666762 6.8650000000000011 2.5000000000000004 1.3100000000000003 0.010000000000000004 0.34555000000000008 2.5000000000000004
decision_type=2 2 2 2 2 2 2 2 2 2 2 2 2 2 2 2 2 2 2 2 2 2 2 2 2 2 2 2 2 2
left_child=29 3 5 4 -2 6 7 -3 -9 14 11 12 -6 -7 15 17 -17 -5 19 -19 -21 22 -22 24 -24 -20 -18 -26 -27 -1
right_child=1 2 -4 9 10 13 -8 8 -10 -11 -12 -13 -14 -15 -16 16 26 18 25 20 21 -23 23 -25 27 28 -28 -29 -30 -31
leaf_value=-0.016457479755461302 -0.0055680491832279955 -0.0062791939538453289 0.0015013732187237742 0.0014830795900643982 0.028288936644649956 0.033539426949792742 -0.020366531076050465 0.011699423130279251 0.11791753341172551 0.040104821277201594 0.0046947117335903732 -0.014778459831801934 0.1412887728741738 -0.022242002219163816 -0.056926040029099151 0.097683875084223437 0.08496980286241905 0.033576164569038773 -0.041071109214501737 -0.00052560607910338852 0.10720735198474902 -0.009417050468566569 -0.0067329165317753601 0.070490670937526409 0.024812995750405981 -0.01895408098842364 0.012283547340704323 0.08805929896959773 0.049342564673651779 -0.042420148481721397
leaf_weight=64.823971927165985 479.48345744609833 97.763963341712952 275.09551030769944 632.72087130323052 4.0439039617776853 20.804923005402092 271.84223591536283 4.9148218408226949 3.9478040747344494 22.351607337594032 297.78202942013741 4.4613535925745964 3.8011951074004173 10.237010177224873 4.8536303564906111 5.9362381026148787 4.0612474083900443 57.646118670701981 15.61477606743574 94.461102772504091 4.252475529909133 30.728117160499096 21.514362454414368 12.506510034203528 32.927816800773144 9.9445148482918757 179.14619195461273 6.1032296717166892 7.3648833930492392 52.903384801000357
leaf_count=773 3071 835 1875 3450 22 176 2912 41 34 97 1539 24 22 80 28 32 20 260 86 582 25 149 129 59 195 56 820 37 46 1067
internal_value=-0.000139087 0.00112018 -0.00692987 0.00397316 -0.000869148 -0.0125937 -0.0148687 -0.000852161 0.0590136 0.00732071 0.00639667 0.0475793 0.0830409 0.0151438 0.00666631 0.00694315 0.0165245 0.00498562 0.0125475 0.0159285 0.0109045 0.0208988 0.0329492 0.0286265 0.0199789 -0.014166 0.0138948 0.0347027 0.0101051 -0.0281244
internal_weight=2734.04 2616.31 684.606 1931.71 789.572 409.511 378.469 106.627 8.86263 1142.13 310.088 12.3065 7.8451 31.0419 1119.78 1114.93 189.144 925.785 293.064 260.14 202.494 108.033 77.3044 73.0519 60.5454 32.9242 183.207 39.031 17.3094 117.727
internal_count=18542 16702 5953 10749 4678 4078 3822 910 75 6071 1607 68 44 256 5974 5946 872 5074 1624 1436 1176 594 445 420 361 188 840 232 102 1840
is_linear=0
shrinkage=0.05


Tree=37
num_leaves=31
num_cat=0
split_feature=28 20 8 34 39 40 9 26 11 15 11 23 15 12 15 34 38 32 6 36 11 26 13 14 24 15 12 3 17 19
split_gain=36.1265 20.08 16.6775 13.2147 12.0885 19.6275 11.0905 9.7917 8.45826 9.63168 8.37355 9.31266 8.85622 8.23608 7.88904 9.73551 7.70549 7.95905 11.081 11.6893 9.08131 8.2714 11.9769 8.92857 7.51549 8.00361 7.51279 9.00372 7.42958 7.49066
threshold=5.5000000000000009 -0.79500000000000004 0.21900000000000003 3.3750000000000004 1.5000000000000002 1.0000000180025095e-35 5.8850000000000007 0.044999999999999936 0.45475000000000004 -0.030000000000000009 0.33595000000000003 6.9050000000000011 0.0073333333333333592 0.36385000000000006 0.016666666666666653 6.0150000000000006 1.0000000180025095e-35 3.5000000000000004 0.15500000000000003 6.7350000000000012 0.34875 0.015000000000000126 -0.30583333333333312 0.04813333333333334 -0.0016666666666673711 0.041666666666666671 0.084500000000000006 44.500000000000007 1.5000000000000002 0.020000000000000014
decision_type=2 2 2 2 2 2 2 2 2 2 2 2 2 2 2 2 2 2 2 2 2 2 2 2 2 2 2 2 2 2
left_child=1 4 -2 -4 5 -1 7 28 -6 -10 12 16 -7 14 15 -14 17 20 -19 -20 -12 -22 23 -23 -5 -26 27 -9 29 -3
right_child=2 6 3 24 8 10 -8 26 9 -11 11 -13 13 -15 -16 -17 -18 18 19 -21 21 22 -24 -25 25 -27 -28 -29 -30 -31
leaf_value=-0.023013710349887237 -0.039104740900275221 0.017421416791593779 0.097574488952788599 -0.021094359193391005 -0.018732538198178019 -0.0094955003509793537 0.0086325568330457691 0.0038897141564046413 -0.057348901215502845 0.024191730752310049 0.087243023109028525 -0.013240673496424792 0.10771986456567102 0.064524222833098013 -0.028408921745517447 0.0046873542903686019 -0.038283213265718909 0.0025289633127454532 0.02546977543051945 0.081509080427948605 -0.025087811156310248 -0.061378042692875626 0.098352762600105614 0.035086927085376994 -0.0048993178591762417 0.090793400193659543 -0.011189817799865644 0.10644402284270429 0.00098463805331602794 -0.011651577870015237
leaf_weight=71.686631001532078 64.014061838388443 139.00789747014642 2.8027577325701705 110.95281163603067 204.39039213955402 94.467536266893148 832.60916892439127 7.9413593858480436 4.3139690682292011 22.56311933323741 3.2857152074575415 20.862009216099977 3.1763907670974794 8.1995276361703855 9.4505903311073762 8.2412125617265684 4.7298500947654238 14.522889595478771 18.264306839555502 18.971357837319374 15.914393074810507 3.9063054323196393 4.1930315792560569 6.2154481448233128 121.79988761246204 2.2249996587634078 193.3710806183517 2.9297720342874527 688.16960138827562 26.356166422367096
leaf_count=638 1239 766 20 1194 1966 666 4152 52 48 194 23 140 21 48 55 50 43 82 112 119 101 31 23 50 1160 17 1288 20 4064 160
internal_value=-0.00013662 0.0018915 -0.0164515 -0.0103529 -0.00663744 -0.000118751 0.00431591 0.000918135 -0.0152651 0.0111039 0.00688321 0.0168589 -0.00206937 0.0220649 0.00538182 0.0333511 0.0238357 0.0272813 0.0395732 0.0540215 0.00829823 -0.000282557 0.0272946 -0.00214196 -0.0116403 -0.0031826 -0.00891608 0.0315281 0.00327137 0.0127877
internal_weight=2729.53 2427.74 301.795 237.78 537.355 306.087 1890.39 1057.78 231.267 26.8771 234.401 110.865 123.535 29.0677 20.8682 11.4176 90.0033 85.2734 51.7586 37.2357 33.5149 30.2292 14.3148 10.1218 234.978 124.025 204.242 10.8711 853.534 165.364
internal_count=18542 14912 3630 2391 4410 2202 10502 6350 2208 242 1564 724 840 174 126 71 584 541 313 231 228 205 104 81 2371 1177 1360 72 4990 926
is_linear=0
shrinkage=0.05


Tree=38
num_leaves=31
num_cat=0
split_feature=7 28 13 24 15 10 37 26 28 37 20 36 34 26 24 39 0 19 20 14 23 22 33 22 24 26 34 11 23 35
split_gain=34.5109 23.0939 14.7474 12.182 11.8739 11.7681 11.8407 11.5224 10.7583 10.4252 10.4304 10.0525 9.19263 8.65874 8.55956 9.28655 8.2758 8.17179 8.04711 8.03769 8.02217 7.79215 7.74505 9.66401 7.63824 9.38169 10.0257 7.16677 12.7338 11.5998
threshold=2.5550000000000002 4.5000000000000009 -0.29666666666666636 -0.063333333333333894 0.029999999999999995 0.63755000000000006 3.5000000000000004 0.020000000000000021 1.5000000000000002 1.5000000000000002 1.7600000000000002 6.5650000000000004 4.3150000000000004 -0.10000000000000007 0.040000000000000487 1.5000000000000002 4.5000000000000009 0.010000000000000004 2.8850000000000011 0.076816666666666714 6.8950000000000005 3.3650000000000007 0.16500000000000004 3.0350000000000006 -0.019999999999999126 -0.090000000000000288 3.5350000000000006 0.24215000000000003 6.8950000000000005 0.35280000000000006
decision_type=2 2 2 2 2 2 2 2 2 2 2 2 2 2 2 2 2 2 2 2 2 2 2 2 2 2 2 2 2 2
left_child=-1 3 19 4 11 6 8 -8 12 10 -10 -2 20 -11 15 22 17 -13 -15 -3 -5 -16 23 -4 -12 -26 -27 28 -14 -29
right_child=1 2 14 5 -6 -7 7 -9 9 13 24 16 27 18 21 -17 -18 -19 -20 -21 -22 -23 -24 -25 25 26 -28 29 -30 -31
leaf_value=-0.040806808021935648 0.054939293612200485 -0.024059009937943819 0.035886919248077992 0.0019839889179376733 0.043050446482713729 0.033892640223212346 0.00053431240402551292 -0.021357355245602075 0.0047383667417959796 0.029290650548439819 -0.0018301796662242382 0.019134133037068374 0.054888473333669745 -0.0050218750277705032 0.0065050925151430173 -0.0085941332665025235 -0.026723931332584369 -0.029749888995130005 -0.053499190655793311 0.0031333644599750919 -0.07338829828027725 0.059052482848597598 -0.017445439377087309 -0.052298816981840246 -0.011616683661168822 -0.038728048056443885 0.039920221197092182 0.0010679622979334715 -0.01073072044012709 0.029829796959133292
leaf_weight=51.17600467428565 4.916558936238288 153.07363148033619 31.411795772612095 14.740820214152338 9.4223665073513967 33.36081874370575 262.66440309584141 77.943448025733232 875.97553072497249 17.889316737651825 27.862067118287086 23.870768312364817 30.224280804395676 252.3127503246069 87.297401025891304 367.59313915669918 83.614442825317383 13.319409236311911 8.8612234592437726 33.041356693953276 4.6419843584299079 7.6752450615167609 13.496375337243078 3.4476953744888297 12.527264788746832 4.3081942498683921 68.152445249259472 73.153987973928452 9.7873876392841321 67.311966925859451
leaf_count=995 30 2125 208 67 45 148 1437 533 5067 100 134 139 137 1595 610 2839 547 97 42 416 22 40 84 21 56 19 304 333 43 309
internal_value=-0.000134542 0.000643889 -0.00718152 0.00340311 -0.0110864 0.00446634 0.00392348 -0.0044753 0.00587251 0.00417294 0.00658153 -0.0151438 0.0166543 -0.0043616 -0.00279204 -0.00588445 -0.0179961 0.00162665 -0.00666663 -0.0192315 -0.0160669 0.0107517 0.0147141 0.0271651 0.0208888 0.0283368 0.0352441 0.0201685 0.0388371 0.0148508
internal_weight=2725.07 2673.9 697.037 1976.86 135.144 1841.72 1808.36 340.608 1467.75 1267.89 988.826 125.721 199.86 279.063 510.922 415.949 120.805 37.1902 261.174 186.115 19.3828 94.9726 48.3559 34.8595 112.85 84.9879 72.4606 180.478 40.0117 140.466
internal_count=18542 17547 6343 11204 858 10346 10198 1970 8228 7317 5580 813 911 1737 3802 3152 783 236 1637 2541 89 650 313 229 513 379 323 822 180 642
is_linear=0
shrinkage=0.05


Tree=39
num_leaves=31
num_cat=0
split_feature=7 28 9 40 11 13 37 13 35 22 20 13 7 24 0 20 26 24 39 26 23 15 26 27 28 19 10 4 9 12
split_gain=32.3178 21.7085 13.967 11.3636 11.3159 9.64242 9.58125 9.40634 10.5091 8.82451 10.0962 8.26458 8.98342 8.11319 13.6531 9.79835 8.74063 8.30245 7.96318 8.15441 7.55126 10.3322 7.45753 7.30233 7.76531 7.17171 7.1286 6.99294 18.1232 7.44524
threshold=2.5550000000000002 5.5000000000000009 5.0850000000000009 2.5000000000000004 0.48430000000000001 0.45833333333333354 2.5000000000000004 -1.9008333333333332 0.37440000000000007 1.4300000000000002 0.4549999999999999 1.9058333333333335 7.4250000000000007 0.0066666666666672656 2.5000000000000004 0.35500000000000004 0.105 -0.064999999999999933 2.5000000000000004 -0.15999999999999967 6.6050000000000013 -0.0066666666666666602 0.12500000000000003 0.15999999999999973 2.5000000000000004 1.0000000180025095e-35 0.6695000000000001 49.500000000000007 4.6750000000000007 0.38905000000000006
decision_type=2 2 2 2 2 2 2 2 2 2 2 2 2 2 2 2 2 2 2 2 2 2 2 2 2 2 2 2 2 2
left_child=-1 2 3 6 -5 18 7 8 -2 10 -6 12 13 14 15 16 -4 -16 27 -20 21 -8 -9 25 -25 -22 -13 28 -3 -29
right_child=1 5 11 4 9 -7 20 22 -10 -11 -12 26 -14 -15 17 -17 -18 -19 19 -21 23 -23 -24 24 -26 -27 -28 29 -30 -31
leaf_value=-0.040211441361964043 -0.00061750268528307087 -0.036789991772160281 0.019066039091979153 -0.015818585258939567 0.0163755731193597 -0.0016957476024389785 -0.020205109724633571 0.0056370045532895359 0.1375435964570175 -0.04772150545648704 0.1076967101170075 0.015851529499250339 -0.022149085326255768 0.0092765896670741494 -0.016700921235791578 0.042610627348150881 -0.040397217866575977 0.0011976629791174208 0.042864476951282725 -0.029742161834097808 -0.0030304188004578354 0.10160485584022079 -0.028440000134201004 -0.010309118844619214 0.11013935568252618 -0.019662939276797825 0.069021882792271644 -0.02207234459741976 0.15634120715949831 0.034236385684987894
leaf_weight=49.382750809192657 2.6898928321897975 2.557764057070016 24.013865306973457 205.18274062126875 11.388315580785276 112.56386758387089 3.2577533945441246 417.22169663384557 2.8185831047594547 3.4544415995478621 4.1220969781279555 83.89187516272068 31.461860582232475 584.78140058740973 72.721804030239582 32.593176379799843 8.3214837834238988 594.03434604033828 4.0023825839161864 114.36674297973514 188.37467678263783 3.738802269101142 16.697614051401615 2.6641047000885001 2.6885001435875893 98.804526854306459 6.8160109519958487 25.698818042874336 2.3133265562355518 7.6083760522305957
leaf_count=995 28 30 147 1928 106 838 21 2434 27 24 28 355 153 2965 452 173 53 3402 40 1722 1185 21 111 17 26 859 28 278 19 77
internal_value=-0.000131676 0.00060938 0.00211829 -0.00254183 -0.0124031 -0.0128572 0.000449388 0.00514992 0.0700769 0.0245494 0.0406454 0.00523804 0.00425494 0.00488597 0.00137687 0.023264 0.0037632 -0.000754501 -0.0208827 -0.0272871 -0.0064466 0.0448874 0.00432569 -0.00767437 0.0501896 -0.00875287 0.0198469 -0.00102628 0.0549298 -0.00920972
internal_weight=2720.23 2670.85 2401.74 963.104 224.148 269.111 738.956 439.428 5.50848 18.9649 15.5104 1438.64 1347.93 1316.47 731.685 64.9285 32.3353 666.756 156.547 118.369 299.528 6.99656 433.919 292.532 5.3526 287.179 90.7079 38.1783 4.87109 33.3072
internal_count=18542 17547 14543 6815 2086 3004 4729 2600 55 158 134 7728 7345 7192 4227 373 200 3854 2166 1762 2129 42 2545 2087 43 2044 383 404 49 355
is_linear=0
shrinkage=0.05


Tree=40
num_leaves=31
num_cat=0
split_feature=13 1 20 14 24 24 39 31 27 28 0 14 11 23 10 21 15 8 24 40 3 12 8 13 14 22 27 4 24 7
split_gain=30.3618 19.4777 12.5594 11.9014 11.6106 13.7086 9.52788 8.66029 10.3903 9.34191 9.38453 10.9285 11.538 9.49746 9.0844 8.29466 8.59995 8.31682 9.62043 8.19217 7.79804 10.8094 12.1818 14.7637 7.93139 7.74289 7.90774 7.70076 7.34799 7.21794
threshold=-1.4650000000000003 2.5000000000000004 0.084999999999999756 0.0075333333333334205 0.068333333333333815 0.074166666666666284 2.5000000000000004 2.5000000000000004 0.079999999999999641 1.5000000000000002 5.5000000000000009 0.13348333333333331 0.23870000000000002 6.8850000000000007 0.43630000000000008 0.14500000000000005 0.025500000000000012 0.21515000000000004 0.038333333333333559 -1.4999999999999998 40.500000000000007 0.36185000000000006 0.24894999999999998 -0.11583333333333366 -0.043425000000000012 1.5100000000000002 0.16500000000000006 59.500000000000007 0.040000000000000487 3.4150000000000005
decision_type=2 2 2 2 2 2 2 2 2 2 2 2 2 2 2 2 2 2 2 2 2 2 2 2 2 2 2 2 2 2
left_child=-1 7 4 27 6 -6 -3 25 9 10 14 12 -12 20 -9 16 17 -5 19 -19 21 22 -14 -24 -25 26 29 -4 -16 -2
right_child=1 2 3 15 5 -7 -8 8 -10 -11 11 -13 13 -15 28 -17 -18 18 -20 -21 -22 -23 23 24 -26 -27 -28 -29 -30 -31
leaf_value=-0.025948664780038207 0.062079687593343605 -0.0037558981006550539 -0.0039358039350475471 0.039229156573746066 0.081330588517646046 0.005253052119717912 -0.015722134594905762 -0.022479526550280328 -0.021722843532798904 -0.0048898998926357089 0.037019323625519095 0.064640227692574173 0.090843194323803639 -0.030614427897546832 0.055612317851730042 0.07294619641082542 0.02478470604287621 -0.046172273374140614 0.017930389249029857 -0.00035966058366996282 0.025829158971733747 -0.030538034224935076 -0.068809052098340193 -0.038245570707825471 0.034926627484989717 0.026066244985614807 0.069949388227588435 0.068021745482834656 -0.016103850458413945 0.0070776374779352134
leaf_weight=109.28319178149104 6.0503950491547576 396.5482538677752 531.21886067092419 16.10765653476119 7.2002206034958354 33.338215943425894 286.55912123993039 34.130431681871414 43.334634229540825 163.69131519272923 38.292699545621872 11.042407199740408 4.6232492774724951 15.822737067937849 8.2835761010646802 4.8342778086662284 58.753393538296223 10.154167354106901 77.408810943365097 250.22967480868101 47.518214628100395 20.525579750537872 5.6894800662994376 4.5863995105028144 19.235021561384208 74.354559302330017 5.1896474361419669 3.7443062737584105 6.2791141271591178 421.59372276812792
leaf_count=1840 43 2849 3405 125 48 239 3024 164 243 954 171 48 23 74 36 26 294 58 436 1572 216 95 29 20 82 309 25 25 26 2043
internal_value=-0.000129764 0.000952816 -0.0022673 0.00150535 -0.00723281 0.0187655 -0.00877566 0.00675477 0.00147246 0.00411957 0.0109463 0.0165679 0.0131715 0.00543258 -0.00837254 0.0078322 0.00706938 0.00412834 0.00245456 -0.00214621 0.0110146 -0.00186431 0.0153778 0.0035552 0.0208386 0.0111608 0.00860032 -0.00343216 0.0246899 0.00785582
internal_weight=2715.62 2606.34 1676.1 952.451 723.646 40.5384 683.107 930.243 423.055 379.72 216.029 167.336 156.293 118.001 48.6931 417.488 412.654 353.9 337.793 260.384 102.178 54.6597 34.1342 29.5109 23.8214 507.188 432.834 534.963 14.5627 427.644
internal_count=18542 16702 12101 5941 6160 287 5873 4601 2181 1938 984 758 710 539 226 2511 2485 2191 2066 1630 465 249 154 131 102 2420 2111 3430 62 2086
is_linear=0
shrinkage=0.05


Tree=41
num_leaves=31
num_cat=0
split_feature=7 28 9 15 27 14 22 13 12 8 10 33 39 26 10 25 0 20 10 13 30 9 9 1 34 8 34 10 3 6
split_gain=29.0153 19.2981 12.1789 9.83062 10.3054 10.2412 9.08779 8.72103 8.19812 8.65238 10.8278 8.45355 7.38162 7.35546 7.26675 7.20678 9.68711 7.59327 8.2926 7.4576 9.14517 8.26372 7.28581 7.26325 7.25703 7.24295 9.6287 9.36413 7.97598 7.61555
threshold=2.5550000000000002 5.5000000000000009 5.0850000000000009 -0.00083333333333335247 0.19999999999999976 -0.036591666666666654 1.1050000000000002 0.45833333333333354 0.34730000000000005 0.32660000000000006 0.31119999999999998 0.15500000000000003 2.5000000000000004 -0.15999999999999967 0.33455000000000007 4.5000000000000009 4.5000000000000009 -0.65000000000000002 0.55120000000000002 1.2650000000000003 -1.4999999999999998 7.5750000000000011 6.4050000000000011 5.5000000000000009 6.5750000000000011 0.41585000000000005 7.7700000000000005 0.53225000000000011 60.500000000000007 0.19500000000000003
decision_type=2 2 2 2 2 2 2 2 2 2 2 2 2 2 2 2 2 2 2 2 2 2 2 2 2 2 2 2 2 2
left_child=-1 2 3 4 5 6 -2 12 -5 10 -10 -12 -3 -14 -7 19 17 -17 22 20 -4 -21 -19 -18 -24 26 27 28 29 -22
right_child=1 7 15 8 -6 14 -8 -9 9 -11 11 -13 13 -15 -16 16 23 18 -20 21 25 -23 24 -25 -26 -27 -28 -29 -30 -31
leaf_value=-0.039231367644886696 -0.012509961441677786 -0.00092758402239719376 0.053925355179925444 0.0097640099708888196 0.093391007954249386 -0.0012131201170393982 -0.045574896555422927 -0.0016688474916297014 -0.0013551950544292779 -0.021231274127252231 0.0012057341375503118 0.10242839324242388 0.039061407903892849 -0.028785833019923508 -0.038371524892493007 -0.02277373346156621 -0.0026421882653531138 0.017233017279096166 -0.021472045461805211 0.012270511779113914 0.0067879560961504109 0.047400368626736439 0.075097852612979396 -0.03794806464396866 -0.0030227764775418099 -0.00080511894363608492 0.081429758295614843 0.034071010612825914 0.08281536334906936 -0.02504055963391856
leaf_weight=46.620482970029116 152.72988699376583 38.055159538984299 9.3774086833000165 230.25584373995662 2.5667878538370124 377.5679817982018 24.053620226681232 112.46317918598652 95.860225562006235 54.138824552297592 3.6803750880062562 4.6925432123243809 4.1442872360348693 110.68112684413791 13.632325537502764 10.311198718845842 320.85862409323454 30.193245366215706 8.5323977991938573 209.58820773661137 365.73600904643536 18.19343475997448 13.512407317757608 15.260044448077677 3.8113245218992224 375.00954857468605 4.5059853121638289 31.720753289759159 3.3345447480678549 19.811554588377476
leaf_count=995 1190 404 48 1513 19 2787 168 838 683 308 23 30 40 1722 94 80 1873 172 46 900 2112 75 65 93 22 1905 26 166 21 124
internal_value=-0.000126744 0.000557523 0.00197277 -0.00239198 -0.00656962 -0.00702135 -0.0170089 -0.0122375 0.00374127 -0.00501514 0.00340753 0.0579353 -0.0200121 -0.0263371 -0.002508 0.0048806 -0.000798396 0.0166593 0.0239136 0.00708414 0.00483522 0.0150764 0.0320633 -0.0042451 0.0579108 0.00425988 0.00872797 0.00794911 0.00581837 0.00515243
internal_weight=2710.9 2664.28 2398.94 959.178 570.551 567.984 176.784 265.344 388.628 158.372 104.233 8.37292 152.881 114.825 391.2 1439.76 402.479 66.3606 56.0494 1037.28 809.496 227.782 47.517 336.119 17.3237 800.118 425.109 420.603 388.882 385.548
internal_count=18542 17547 14543 6815 4258 4239 1358 3004 2557 1044 736 53 2166 1762 2881 7728 2351 385 305 5377 4402 975 259 1966 87 4354 2449 2423 2257 2236
is_linear=0
shrinkage=0.05


Tree=42
num_leaves=31
num_cat=0
split_feature=13 1 20 14 18 31 24 28 20 30 13 0 35 8 23 12 23 35 21 23 40 13 21 19 22 22 12 20 13 20
split_gain=27.3272 17.7226 13.7185 10.1417 10.5697 8.4643 10.8241 9.09359 9.60044 8.29137 8.30909 8.03711 9.68582 14.106 11.0974 9.53825 8.7379 10.9857 7.86726 7.71581 7.64139 7.42799 16.3932 7.55647 7.16331 8.99184 8.16737 7.81448 7.65199 10.3326
threshold=-2.2658333333333327 2.5000000000000004 -0.77999999999999992 0.013924999999999995 3.5000000000000004 2.5000000000000004 -0.046666666666665517 1.5000000000000002 0.49499999999999994 -2.4999999999999996 2.5708333333333342 5.5000000000000009 0.26340000000000002 0.44725000000000009 6.8950000000000005 0.35505000000000003 6.6850000000000014 0.39300000000000002 -0.019999999999999993 6.8350000000000009 2.5000000000000004 -1.9008333333333332 0.020000000000000014 1.0000000180025095e-35 -1.6249999999999998 -1.4349999999999998 0.13869999999999996 -0.745 -0.14250000000000004 1.1250000000000002
decision_type=2 2 2 2 2 2 2 2 2 2 2 2 2 2 2 2 2 2 2 2 2 2 2 2 2 2 2 2 2 2
left_child=-1 5 20 4 9 -2 -7 11 -9 -4 24 16 13 -13 19 -16 -8 18 -18 -14 21 22 23 -3 -11 -26 28 -28 -27 -30
right_child=1 2 3 -5 -6 6 7 8 -10 10 -12 12 14 -15 15 -17 17 -19 -20 -21 -22 -23 -24 -25 25 26 27 -29 29 -31
leaf_value=-0.041524361541160515 0.010228633537252757 0.05143492143479237 -0.055381910376165834 0.0050550775235162606 -0.012153521596332477 -0.021862631631564072 -0.041582184768906627 -0.015772037083047308 0.0087562360078751178 -0.036238603804732081 0.068039793303049934 0.053532988157512479 0.0089393770456029 -0.02346750643663062 -0.057361109627257746 0.022919863658112497 0.034449256634458622 0.060000166304149283 -0.02471647034270132 0.044267353380496373 -0.01937618534605548 -0.0064300804186533268 -0.036075099815090855 0.21276943467844217 0.075803712795496192 0.065778956282104881 0.074677436029320907 -0.0021006560085874561 -0.0093248412440739611 0.038327348871004342
leaf_weight=39.280742503702641 522.18969851732254 1.4109877273440354 6.6289048194885245 545.7112488374114 256.33307151868939 47.071170806884766 13.712045475840567 94.472557928413153 69.051551170647144 13.077960610389708 4.5666309595108023 29.386353939771652 101.30954122543335 7.4571025520563117 10.694949567317964 5.656758338212966 7.7056997269392005 7.3177839517593375 20.743359342217449 18.237867027521133 158.01563305780292 210.86844381690025 2.7387912608683109 1.4945290125906465 4.0111461766064158 7.5388212054967871 3.3386498540639868 450.64987894147635 26.086662754416466 20.172679252922535
leaf_count=887 2536 20 35 3530 1962 279 64 650 326 113 19 135 462 31 49 27 34 34 99 82 2037 1727 42 22 29 63 28 2935 172 113
internal_value=-0.000124048 0.000485566 -0.0025577 -0.000190226 -0.00380255 0.00594315 0.000772742 0.00353486 -0.00541445 0.000190632 0.000886431 0.0101203 0.0152094 0.0379481 0.00904468 -0.0295885 -0.00764681 0.0053631 -0.00869087 0.0143289 -0.0110162 -0.0049149 0.0516914 0.134422 0.000302169 0.00123589 0.000646863 -0.00153603 0.0190677 0.0114552
internal_weight=2706.93 2667.65 1712.64 1338.12 792.404 955.006 432.817 385.746 163.524 536.071 529.442 222.221 172.743 36.8435 135.899 16.3517 49.4789 35.7668 28.4491 119.547 374.528 216.513 5.64431 2.90552 524.876 511.798 507.787 453.989 53.7982 46.2593
internal_count=18542 17655 12847 8999 5469 4808 2272 1993 976 3507 3472 1017 786 166 620 76 231 167 133 544 3848 1811 84 42 3453 3340 3311 2963 348 285
is_linear=0
shrinkage=0.05


Tree=43
num_leaves=31
num_cat=0
split_feature=13 40 2 22 23 24 26 14 31 28 10 26 20 20 26 22 19 27 9 20 16 32 8 22 27 8 8 9 11 35
split_gain=25.6302 16.4847 15.0343 12.6907 11.9833 9.98587 8.74682 8.40492 8.11097 8.69512 9.21047 8.29987 7.80605 8.92172 14.3137 7.57036 7.5181 7.34419 7.53231 7.96203 7.29811 10.3016 9.90938 9.51127 8.97736 9.72051 7.563 7.2484 7.24351 7.16941
threshold=-2.2658333333333327 2.5000000000000004 3.5000000000000004 1.5400000000000005 6.7650000000000006 -0.058333333333334007 0.055000000000000167 -0.11177500000000001 2.5000000000000004 1.5000000000000002 0.18820000000000003 0.13500000000000026 -1.8399999999999994 -1.75 -0.020000000000000014 1.125 -0.044999999999999991 0.064999999999999961 6.7650000000000006 0.9149999999999997 1.5000000000000002 3.5000000000000004 0.11299999999999996 1.8599999999999999 -0.079999999999999613 0.48830000000000007 0.48165000000000008 6.0050000000000008 0.15505000000000002 0.39005000000000006
decision_type=2 2 2 2 2 2 2 2 2 2 2 2 2 2 2 2 2 2 2 2 2 2 2 2 2 2 2 2 2 2
left_child=27 8 5 6 16 -3 7 -4 11 -10 -11 20 -7 14 -14 -9 -5 18 -6 -20 29 -22 -23 24 28 26 -26 -1 -24 -2
right_child=1 2 3 4 17 12 -8 15 9 10 -12 -13 13 -15 -16 -17 -18 -19 19 -21 21 22 23 -25 25 -27 -28 -29 -30 -31
leaf_value=-0.044654544519713207 0.0093541263618998529 -0.030205091439726731 -0.029924636470898647 0.09344322121271352 -0.02626503764105358 -0.028476430716370422 -0.028166939477598543 0.010441312008992377 0.0070677856508457012 -0.017788381456078854 -0.001179462627222081 -0.018833595246610695 0.14595530630206552 -0.0067608640170740905 -0.019136930637639112 -0.029705978357783037 0.033152040453495062 0.064158207670493933 -0.043198466066956466 0.03552706323663303 -0.00024972922193813884 0.084738991224448335 -0.027703510404288013 0.037421415221593604 0.0067054418007856309 -0.020144475961606106 0.070288412330691483 0.089162792834086679 0.036463426619035046 0.030882767474865132
leaf_weight=36.811965469270945 133.99398939311504 56.059813801199198 17.9175467453897 6.6700849980115917 17.421034350991249 42.237979117780924 28.026433482766151 120.84780433773994 244.96523341536522 102.33799279481173 452.7805376239121 32.926748707890511 2.4837830364704132 442.70816991850734 2.7851260639727107 13.005743153393267 23.000036001205444 4.6699368953704825 4.0628866553306606 15.329659774899481 470.14314872398973 4.4835908822715274 4.9749803096055976 29.064966574311256 259.99672160297632 35.124645173549652 4.7625056207180014 1.0405507311224926 37.930067274719477 54.360078349709511
leaf_count=872 566 637 127 29 92 650 218 846 1129 909 2939 197 33 4097 40 74 114 23 22 69 2615 36 24 132 1434 166 22 15 183 232
internal_value=-0.000121812 0.000458447 -0.00556072 0.0045698 0.0224434 -0.0102145 -0.00250356 0.00223551 0.00302752 -0.000778797 -0.00424137 0.00587963 -0.00792847 -0.00599108 0.0586882 0.00654044 0.046706 0.00509017 -0.00240283 0.0190335 0.00666597 0.00468527 0.0108504 0.00995946 0.00763096 0.00457035 0.00784918 -0.040976 0.0290231 0.0155674
internal_weight=2702.92 2665.07 797.226 250.951 71.1536 546.275 179.798 151.771 1867.85 800.084 555.119 1067.76 490.215 447.977 5.26891 133.854 29.6701 41.4835 36.8136 19.3925 1034.83 846.481 376.337 371.854 342.789 299.884 264.759 37.8525 42.905 188.354
internal_count=18542 17655 7071 1614 349 5457 1265 1047 10584 4977 3848 5607 4820 4170 73 920 143 206 183 91 5410 4612 1997 1961 1829 1622 1456 887 207 798
is_linear=0
shrinkage=0.05


Tree=44
num_leaves=31
num_cat=0
split_feature=13 40 1 14 20 7 36 9 14 9 8 4 19 26 19 12 15 4 3 9 36 26 9 35 24 14 0 9 15 23
split_gain=24.1346 14.8637 12.2255 8.1747 8.95486 11.4865 14.1689 13.6927 11.6678 14.2003 11.4046 9.33062 9.23455 9.7106 12.065 8.94365 11.6873 11.3994 11.4396 8.84168 8.65946 8.5848 8.50415 8.25908 7.82331 12.1271 7.56821 9.50667 8.78901 8.38124
threshold=-0.6866666666666662 2.5000000000000004 2.5000000000000004 0.0075333333333334205 0.35500000000000004 4.4050000000000011 6.7550000000000008 5.9450000000000012 0.032758333333333396 6.0950000000000006 0.41585000000000005 44.500000000000007 -1.0000000180025095e-35 -0.060000000000000046 0.0099999999999999898 0.38205 -0.0055000000000000179 47.500000000000007 28.500000000000004 3.8650000000000007 6.8150000000000004 -0.084999999999999951 5.6950000000000012 0.33605000000000007 0.028333333333333769 0.063791666666666733 9.5000000000000018 6.2750000000000012 -0.01 6.6750000000000007
decision_type=2 2 2 2 2 2 2 2 2 2 2 2 2 2 2 2 2 2 2 2 2 2 2 2 2 2 2 2 2 2
left_child=1 -1 -2 -4 10 6 -6 22 26 20 11 -5 -13 14 24 16 19 -18 -19 -15 23 -16 -7 -10 -14 -26 28 -28 -9 -30
right_child=2 -3 3 4 5 7 -8 8 9 -11 -12 12 13 15 21 -17 17 18 -20 -21 -22 -23 -24 -25 25 -27 27 -29 29 -31
leaf_value=-0.0046618676587957229 0.0068410691993605307 -0.024738798819257394 -0.0041226240531711594 0.086022088799299304 0.11843234417416498 0.0010670386719407998 0.0050339771434215891 0.14018703489941237 -0.012710452209384224 0.0029480603518251543 -0.020019559806678154 -0.014090143020137903 0.15418739875987039 -0.042721822461148314 -0.019534929654805747 -0.020304002361074224 0.12908494080389343 -0.042228080532491656 0.036475009408891514 0.0071042125559082825 0.12259051466389995 0.056421007977238202 -0.03093184656251205 0.074781880141694776 -0.01696392781044646 0.12501762744503653 -0.04023897720391411 0.032396532174522069 -0.011425929736174539 0.061268488917502119
leaf_weight=289.06323487311602 812.35817532986403 135.35509560257196 818.82019720226526 3.3115249425172797 5.2423445731401426 129.40474542230368 5.8048219121992588 2.7243493720889118 5.1628843918442708 126.12000745162368 74.576679829508066 65.399599231779575 2.7489435374736804 11.934338252991436 9.2831586860120279 31.069578997790813 2.7911641374230376 5.4818719252943984 29.267305262386799 35.059179980307817 3.5936586782336226 6.2075959816575041 24.731871843338013 5.6481582671403885 3.0792272761464119 2.9398079253733158 5.6504417136311558 22.216945596039295 5.0882544517517116 17.961694054305553
leaf_count=2578 3782 2379 5681 22 37 838 42 14 29 655 490 481 17 102 70 228 18 43 210 268 19 43 152 32 23 22 34 119 24 90
internal_value=-0.000119466 -0.0110648 0.00192365 -0.000809975 0.00341176 0.00865153 0.0588463 0.00705949 0.0158924 0.00831964 -0.00323812 0.00276219 0.00141895 0.008671 0.0374314 0.0026358 0.0110671 0.0318679 0.0240592 -0.00554946 0.0553504 0.0109028 -0.00406732 0.0329993 0.0843004 0.0523825 0.0357306 0.0176688 0.0552592 0.0452213
internal_weight=2698.1 424.418 2273.68 1461.32 642.5 359.35 11.0472 348.303 194.166 140.525 283.15 208.573 205.262 139.862 24.2587 115.603 84.5339 37.5403 34.7492 46.9935 14.4047 15.4908 154.137 10.811 8.76798 6.01904 53.6417 27.8674 25.7743 23.0499
internal_count=18542 4957 13585 9803 4122 2085 79 2006 1016 735 2037 1547 1525 1044 175 869 641 271 253 370 80 113 990 61 62 45 281 153 128 114
is_linear=0
shrinkage=0.05


Tree=45
num_leaves=31
num_cat=0
split_feature=13 28 22 26 1 20 31 14 31 15 14 5 39 11 15 23 34 36 25 35 34 3 13 24 4 34 10 8 8 14
split_gain=23.415 15.1037 10.2197 9.34536 8.21411 8.06073 7.99839 7.63776 7.50754 8.79166 7.39513 7.81267 7.20273 9.36259 7.53851 7.46602 8.61114 7.37625 10.5283 7.91193 9.66286 7.53143 7.19102 7.11712 9.55215 8.28496 7.18932 16.8562 8.13896 17.4011
threshold=-2.2658333333333327 5.5000000000000009 -1.6599999999999997 -0.15499999999999978 2.5000000000000004 -0.81499999999999984 1.5000000000000002 -0.056133333333333306 3.5000000000000004 -0.020000000000000007 0.020724999999999941 1.5000000000000002 1.5000000000000002 0.4531 -0.030000000000000009 6.7750000000000012 5.4350000000000014 6.785000000000001 5.5000000000000009 0.41204999999999997 6.5650000000000004 37.500000000000007 1.966666666666667 -0.013333333333332307 44.500000000000007 6.3550000000000013 0.55120000000000002 0.42260000000000003 0.21515000000000004 0.017183333333333304
decision_type=2 2 2 2 2 2 2 2 2 2 2 2 2 2 2 2 2 2 2 2 2 2 2 2 2 2 2 2 2 2
left_child=-1 2 3 -2 -4 12 22 -5 9 -3 11 -11 17 -14 -15 -16 -17 18 19 -6 -21 -20 23 -7 -25 26 28 -28 29 -26
right_child=1 8 4 7 5 6 -8 -9 -10 10 -12 -13 13 14 15 16 -18 -19 21 20 -22 -23 -24 24 25 -27 27 -29 -30 -31
leaf_value=-0.04021650612325247 0.092447190330761722 -0.044046722277880201 0.0065064081132461581 -0.026790877582258649 -0.0084613084991371594 -0.0023069409411747908 -0.0036965360357404959 -0.0045127611538630678 0.0052886510503204502 -0.022305140565520264 0.00080476971450472827 0.052714655534218717 -0.018157750656361576 -0.058144858420614579 0.060177381326240911 0.072045187715369427 -0.035988243606019647 -0.012077582025514648 0.1360926357834786 -0.0060110103961600221 0.096474337238973973 0.035016201422580558 0.02514633808013432 0.075847626073951346 -0.014676671625829023 0.016388633368897756 0.09244597176509621 0.0013618514550200326 -0.0047829145332715442 0.085033266438819047
leaf_weight=35.920448336750269 2.254296723753213 23.728098701685667 855.22698979824781 50.748111065477133 24.097534622997046 267.22754675522447 386.23729949444532 159.04521414637566 55.596308365464211 106.00240374356508 71.691523797810078 3.5879335142672053 147.97691053524613 2.8528952412307289 9.4322416521608847 2.6268217191100103 6.1935869641602039 35.157635789364576 2.8200143501162511 4.5285814516246301 4.6735872812569141 5.3192807845771313 42.719969287514687 5.1631506606936446 9.6061091385781783 153.3310768455267 7.010623104870322 18.439209043979645 187.26398084312677 8.0361008420586568
leaf_count=887 18 385 4132 450 193 1720 2354 1360 496 1309 801 41 1369 27 71 19 50 281 24 34 32 45 181 30 73 900 35 87 1085 53
internal_value=-0.000117634 0.000424144 0.00166653 -0.00881366 0.00268316 0.000226022 0.00207775 -0.00990174 -0.0110077 -0.0154271 -0.0116811 -0.019849 -0.00795208 -0.0137143 0.01744 0.0292539 -0.00381461 0.00476768 0.0190595 0.00659955 0.0460391 0.0700361 0.00526929 0.00397502 0.00829213 0.00738306 0.00138871 0.0264526 -0.00172429 0.0307416
internal_weight=2694.52 2658.6 2397.99 212.048 2185.94 1330.71 1085.04 209.793 260.606 205.01 181.282 109.59 245.679 169.082 21.1055 18.2527 8.82041 76.5966 41.439 33.2997 9.20217 8.1393 698.798 656.078 388.85 383.687 230.356 25.4498 204.906 17.6422
internal_count=18542 17655 14623 1828 12795 8663 6518 1810 3032 2536 2151 1350 2145 1536 167 140 69 609 328 259 66 69 4164 3983 2263 2233 1333 122 1211 126
is_linear=0
shrinkage=0.05


Tree=46
num_leaves=31
num_cat=0
split_feature=7 28 16 34 11 40 15 27 20 19 37 26 35 23 32 8 7 39 24 13 7 34 0 33 20 12 11 11 9 15
split_gain=22.0166 14.3536 9.35713 8.24062 7.75384 9.36124 7.61105 9.82266 9.30551 7.91362 9.75399 9.6386 10.8204 10.0528 9.67832 7.57052 8.96459 7.39449 11.6238 7.80121 7.38653 7.36813 8.58011 11.0135 9.45499 17.9368 7.23343 7.81187 7.1394 7.10766
threshold=2.5550000000000002 5.5000000000000009 2.5000000000000004 3.3750000000000004 0.43695000000000001 2.5000000000000004 -0.016666666666666646 0.16500000000000006 1.3800000000000008 -1.0000000180025095e-35 2.5000000000000004 -0.064999999999999933 0.53285000000000016 6.9050000000000011 3.5000000000000004 0.13365000000000002 4.0550000000000006 1.5000000000000002 0.043333333333332565 0.28333333333333283 4.5150000000000006 5.9150000000000009 6.5000000000000009 0.17500000000000002 -2.8449999999999993 0.33690000000000003 0.34875 0.38820000000000005 7.3550000000000013 -0.043333333333333321
decision_type=2 2 2 2 2 2 2 2 2 2 2 2 2 2 2 2 2 2 2 2 2 2 2 2 2 2 2 2 2 2
left_child=-1 2 -2 -3 5 6 7 8 21 11 15 13 28 17 -14 -11 26 18 -8 -20 -5 29 -23 24 25 -24 -17 -28 -13 -4
right_child=1 3 4 20 -6 -7 9 -9 -10 10 -12 12 14 -15 -16 16 -18 -19 19 -21 -22 22 23 -25 -26 -27 27 -29 -30 -31
leaf_value=-0.03673100449962715 0.0056064711981206874 0.065049051306576275 0.010945231057615336 -0.031719367534178915 0.0079066060653218799 -0.010331254747938593 0.1091592721293092 0.080483955746174812 0.050705617258373262 0.051623914625449935 -0.001899962072760622 -0.012578450633626026 0.10808422935351099 0.084688168045011114 -0.0046542357428875558 -0.032035654087386088 0.013891064104468262 -0.022415961168684922 -0.032063790372714694 0.055436796653979582 -0.0081751632238884261 -0.023401265513671783 -0.036700810517674931 0.081664905776993479 -0.0024779465916634877 0.15098228063568542 0.080360819239375353 -0.019486189205305263 0.040178565079991527 -0.026151857531668272
leaf_weight=40.438336923718452 919.73129584640265 3.5337462462484828 15.215260751545427 39.443977806717157 216.98818826302886 283.09610530734062 3.6505687311291739 3.1328294873237601 6.4407321214675894 11.812978517264126 207.07727421075106 195.01700755208731 3.6849012821912757 5.2197391986846915 3.9382732287049294 20.053567387163643 235.38888646662235 10.944710671901703 5.9406204968690854 4.4595118016004562 214.31751994043589 37.264406610280275 2.3018395416438571 4.4342899546027175 94.235758472234011 2.8482089638710022 3.4896030947566024 4.4660760834813118 6.6307396292686454 85.287992149591446
leaf_count=995 4436 31 103 768 1384 2667 22 22 40 84 1304 1248 22 31 24 143 1266 66 38 20 2205 252 23 28 616 27 24 29 34 590
internal_value=-0.000115937 0.00044279 0.00164947 -0.0107789 -0.000821225 -0.00232902 -5.98927e-07 -0.00749738 -0.00860866 0.00260811 0.00629741 -0.00482157 -0.00863306 0.0215769 0.0498414 0.0124654 0.0107092 0.00839752 0.0323995 0.00545592 -0.0118348 -0.01019 -0.00282008 0.00456717 0.00112731 0.0670964 -0.0160314 0.0243097 -0.0108437 -0.0205357
internal_weight=2690.48 2650.05 2392.75 257.295 1473.02 1256.03 972.936 251.161 248.028 721.774 482.288 239.486 209.271 30.2152 7.62317 275.211 263.398 24.9954 14.0507 10.4001 253.761 241.588 141.085 103.82 99.3858 5.15005 28.0092 7.95568 201.648 100.503
internal_count=18542 17547 14543 3004 10107 8723 6056 1701 1679 4355 2850 1505 1328 177 46 1546 1462 146 80 58 2973 1639 946 694 666 50 196 53 1282 693
is_linear=0
shrinkage=0.05


Tree=47
num_leaves=31
num_cat=0
split_feature=13 28 20 31 24 24 39 27 19 19 20 35 3 7 8 27 31 13 22 15 15 12 20 9 18 34 26 7 26 6
split_gain=20.7591 12.4664 9.06464 9.88519 10.2719 9.1845 8.26297 8.21145 7.52995 7.52314 10.4588 7.41918 9.23374 7.51945 10.998 9.11276 7.85174 7.40811 7.35883 7.72386 9.89712 9.32215 11.5513 7.0677 7.04806 7.67026 7.03987 9.92373 6.98437 6.63408
threshold=-2.2658333333333327 5.5000000000000009 -0.79500000000000004 4.5000000000000009 0.0016666666666673715 0.0033333333333334107 1.5000000000000002 0.23000000000000001 0.020000000000000014 -1.0000000180025095e-35 0.49499999999999994 0.42350000000000004 50.500000000000007 4.8750000000000009 0.27875000000000005 -0.015000000000000123 1.5000000000000002 2.5708333333333342 3.6950000000000007 -0.019166666666666662 -0.00083333333333335247 0.13869999999999996 2.8150000000000004 6.0050000000000008 5.5000000000000009 3.3750000000000004 1.0000000180025095e-35 4.2150000000000007 -0.060000000000000046 0.115
decision_type=2 2 2 2 2 2 2 2 2 2 2 2 2 2 2 2 2 2 2 2 2 2 2 2 2 2 2 2 2 2
left_child=23 2 3 4 -2 -6 -7 8 9 10 29 12 13 15 -15 -10 26 18 19 -12 -21 22 -22 -1 25 -3 -17 -28 -20 -4
right_child=1 24 7 -5 5 6 -8 -9 11 -11 17 -13 -14 14 -16 16 -18 -19 28 20 21 -23 -24 -25 -26 -27 27 -29 -30 -31
leaf_value=-0.043271824544613473 -0.0089586938348742706 0.06616970355905781 0.03766424946892899 -0.032474287904568015 0.068769377442195134 0.012866779625007738 -0.0079533243411007652 0.072498047019591866 -0.052950757007427462 0.0073901159092168919 0.060873539170327333 -0.02378806597017339 -0.024912314195319377 0.07849309487509111 0.0062694069152859321 0.079926540886393199 -0.038336465656239216 0.046756735202850973 0.034390676182683641 -0.013582101595549761 0.021265545754321487 0.0055421894767192824 0.1075186515374108 0.089082531224592809 -0.035820969196283484 -0.0085529968269182875 0.071998638576580273 -0.042504946687583998 -0.030983726471612402 -0.0084103833698568366
leaf_weight=32.55523431673646 276.09420440718532 3.4867658838629714 8.0416386462748033 29.603576242923737 5.6458778865635386 112.94729390740395 82.437735661864281 4.2519951537251464 11.665955424308779 853.41427565738559 6.2196765393018714 44.642114050686359 33.608749978244305 5.5139826983213416 119.61513160169125 4.1833384931087521 7.2589190118014804 10.345307424664496 4.8950007855892208 63.425358533859253 24.718815036118034 376.8036570250988 4.6047923117876044 1.0409029312431801 24.133950408548117 228.48103717342019 3.0117033794522268 5.0907345190644264 24.70702987909317 274.33444785699248
leaf_count=872 2342 31 51 285 42 720 751 25 88 4569 37 283 228 34 670 29 61 43 23 364 132 1917 23 15 403 2598 25 37 122 1722
internal_value=-0.000114295 0.000380265 0.00150053 -0.00443812 -0.00269859 0.00589898 0.00408227 0.00309245 0.00293598 0.00412667 0.000637023 -0.00544643 -0.00113574 0.00397557 0.00945204 -0.0179806 0.00289263 0.00487238 0.00401498 0.00551995 0.00478674 0.00765543 0.0348102 -0.0391711 -0.0101053 -0.00742982 0.0272524 5.64205e-05 -0.0201734 -0.00709825
internal_weight=2686.78 2653.18 2397.08 506.729 477.125 201.031 195.385 1890.35 1886.1 1651.51 798.096 234.591 189.949 156.34 125.129 31.2107 19.5447 515.72 505.374 475.772 469.553 406.127 29.3236 33.5961 256.102 231.968 12.2858 8.10244 29.602 282.376
internal_count=18542 17655 14623 4140 3855 1513 1471 10483 10458 9003 4434 1455 1172 944 704 240 152 2661 2618 2473 2436 2072 155 887 3032 2629 91 62 145 1773
is_linear=0
shrinkage=0.05


Tree=48
num_leaves=31
num_cat=0
split_feature=13 40 9 40 11 22 40 3 24 24 0 11 36 3 0 37 13 35 9 22 21 3 28 31 16 21 13 24 24 24
split_gain=19.4553 11.4236 9.98577 8.94972 10.2154 7.40758 7.94985 17.1497 13.6793 7.34514 8.43575 8.17264 7.81194 13.5751 12.1878 6.91023 7.88005 9.71605 6.6628 9.61616 10.41 10.2501 7.41311 8.96732 7.83777 8.18132 7.19426 9.34221 14.5942 8.87503
threshold=-2.2658333333333327 4.5000000000000009 5.0850000000000009 2.5000000000000004 0.48430000000000001 1.4300000000000002 3.5000000000000004 45.500000000000007 0.011666666666666272 -0.0016666666666664829 22.500000000000004 0.32485000000000003 6.7250000000000005 32.500000000000007 7.5000000000000009 2.5000000000000004 -1.9008333333333332 0.37440000000000007 5.205000000000001 -1.7149999999999999 0.055000000000000014 27.500000000000004 1.5000000000000002 1.5000000000000002 2.5000000000000004 0.085000000000000034 1.0108333333333335 0.08666666666666735 0.058333333333334021 0.033333333333334554
decision_type=2 2 2 2 2 2 2 2 2 2 2 2 2 2 2 2 2 2 2 2 2 2 2 2 2 2 2 2 2 2
left_child=-1 2 3 15 -5 6 -6 8 -8 -3 12 -12 13 14 -11 16 17 -2 19 -4 21 -21 -20 24 -24 -26 27 28 29 -23
right_child=1 9 18 4 5 -7 7 -9 -10 10 11 -13 -14 -15 -16 -17 -18 -19 22 20 -22 26 23 -25 25 -27 -28 -29 -30 -31
leaf_value=-0.038611305129943173 -0.0043269093262606742 -0.026572064128480583 -0.045121402905073632 -0.014312292391322881 0.0049645195512976088 -0.046744390028130044 0.21013764478517377 -0.037966680487704782 0.051550772004901074 -0.029935757002609975 0.15381745940001079 0.012764810948662858 -0.019665965514644113 -0.01097310182352962 0.11849652381107607 -0.0057805389332833005 0.0031459127521953397 0.12435000530240088 0.012131666718766145 0.085759880808264632 -0.064331376498623402 0.031802616695054207 0.0095275433075426193 -0.0037005513843674323 -0.0015529128516935287 0.07195349272796131 -0.029731281931064404 -0.053123728293077613 0.1261717588659369 -0.033709664368235942
leaf_weight=32.418930863961577 2.869377337396144 61.947015419602394 5.6444939859211436 221.74796099215746 10.109111484140163 3.3264505714178076 2.4074760973453513 2.4665481261909008 3.1246161386370659 1.9388976171612764 1.6108203120529641 2.8330482579767704 42.101540543138981 13.390756752341984 4.8231876827776432 313.57834212109447 437.36090726032853 3.0015757009387016 188.09448756277561 6.6447584740817538 3.2898621186614028 44.079564612358809 415.95579378306866 500.61708709597588 334.4472773745656 3.8287471383810034 6.4106457233428946 3.4916899949312201 3.7675899751484385 5.856551118195056
leaf_count=887 30 912 42 2344 94 24 21 25 29 29 16 37 526 151 62 2364 2563 27 803 38 20 291 1966 3053 2056 23 31 21 21 36
internal_value=-0.000112245 0.0003586 0.00109991 -0.00278164 -0.0111262 0.0218354 0.0344338 0.0716786 0.120565 -0.014175 -0.00266096 0.0638938 -0.0074118 0.0181885 0.0759364 -0.000100319 0.00391833 0.0614603 0.00364997 0.0177713 0.0225985 0.0266695 0.00287503 0.00148751 0.00493106 -0.000720937 0.0204965 0.0261261 0.0312788 0.0241193
internal_weight=2683.19 2650.77 2522.12 999.992 243.182 21.4342 18.1078 7.99864 5.53209 128.645 66.6983 4.44387 62.2544 20.1528 6.76209 756.81 443.232 5.87095 1522.13 79.1852 73.5407 70.2508 1442.94 1254.85 754.232 338.276 63.606 57.1954 53.7037 49.9361
internal_count=18542 17655 15922 7521 2537 193 169 75 50 1733 821 53 768 242 91 4984 2620 57 8401 500 458 438 7901 7098 4045 2079 400 369 348 327
is_linear=0
shrinkage=0.05


Tree=49
num_leaves=31
num_cat=0
split_feature=7 28 22 24 15 31 18 15 11 19 20 20 27 9 9 34 15 17 32 9 13 34 8 9 20 23 22 4 38 24
split_gain=18.3746 10.8431 7.6661 10.3084 8.55822 8.36361 7.59841 7.44502 11.7034 9.40055 13.4287 8.82055 8.5791 8.54337 11.9395 7.95146 8.43793 8.94583 8.39876 7.88856 8.00361 7.24237 7.06663 11.1515 12.1405 9.66703 8.25552 7.96511 10.0407 9.39725
threshold=2.5550000000000002 5.5000000000000009 -2.0049999999999994 0.091833333333334113 -0.054999999999999973 3.5000000000000004 5.5000000000000009 -0.0049999999999999619 0.29450000000000004 -1.0000000180025095e-35 0.55999999999999994 -0.88000000000000045 0.16500000000000006 3.6950000000000007 3.0200000000000005 5.0550000000000006 -0.013333333333333348 4.5000000000000009 3.5000000000000004 2.4750000000000005 1.0000000180025095e-35 3.3750000000000004 0.48830000000000007 6.5050000000000008 -0.25499999999999984 6.7650000000000006 2.225000000000001 52.500000000000007 1.0000000180025095e-35 0.056666666666667094
decision_type=2 2 2 2 2 2 2 2 2 2 2 2 2 2 2 2 2 2 2 2 2 2 2 2 2 2 2 2 2 2
left_child=-1 2 3 4 -2 -6 21 8 11 10 -9 -4 13 14 15 -10 17 18 19 20 -17 -3 23 25 -25 26 27 28 29 -11
right_child=1 6 7 -5 5 -7 -8 9 12 22 -12 -13 -14 -15 -16 16 -18 -19 -20 -21 -22 -23 -24 24 -26 -27 -28 -29 -30 -31
leaf_value=-0.035074494894834433 0.079223043513278163 0.064571457411854924 -0.025366430833858145 0.078540144485844621 -0.0074513566534418294 -0.038459785998276784 -0.036909824541203139 -0.0070026138314488165 -0.031119170450686157 0.010084984158841494 0.0062943284634045561 -0.0048754379248754347 0.062758178583159671 0.0045491386633868596 -0.036010194820169782 -0.0077354534732737863 -0.014724450761241362 0.11898195258370688 -0.018928837557910513 0.12505191024902804 0.09746273880284434 -0.0078569555484047284 -0.0032820591716188419 0.06353565123683709 0.017710725541732305 0.014238497659208272 -0.032543398623076175 -0.0066656203851892908 -0.059448395564370607 0.054528794782368474
leaf_weight=37.057755613699555 2.4932320006191722 3.5053157024085513 69.316198017448187 3.1856564730405799 98.101979419589043 27.93879946693778 22.97796468436718 331.59996262192726 12.567491851747034 58.08116277307272 444.26256481558084 216.71357825770974 5.8646607622504225 469.59972385317087 33.297721669077873 5.6066179908812064 14.081702746450903 2.7719560079276553 7.307494092732667 2.6684282124042502 2.6686383411288261 224.64387423545122 101.91294721513987 18.520314894616604 65.822580918669701 261.86385198682547 18.212110497057438 97.633874028921127 4.2984599918127051 14.95649094134569
leaf_count=995 24 29 598 25 875 254 396 2128 93 334 2248 1323 40 2914 267 45 101 24 63 20 14 2579 475 104 301 1531 101 542 25 74
internal_value=-0.00011099 0.000379334 0.00141726 -0.0103082 -0.0125102 -0.0143248 -0.00950429 0.00210077 -0.00162159 0.00431361 0.000611278 -0.00984121 0.00260362 0.00196285 -0.0130368 0.00300951 0.0152275 0.03529 0.022579 0.0502952 0.0261893 -0.00674416 0.00879278 0.0110742 0.0277731 0.00797907 -0.00050576 0.00282894 0.0148155 0.0191861
internal_weight=2679.53 2642.48 2391.35 131.72 128.534 126.041 251.127 2259.63 842.464 1417.16 775.863 286.03 556.434 550.57 80.9701 47.6723 35.1048 21.0231 18.2512 10.9437 8.27526 228.149 641.302 539.389 84.3429 455.046 193.182 174.97 77.3361 73.0377
internal_count=18542 17547 14543 1178 1153 1129 3004 13365 5502 7863 4376 1921 3581 3541 627 360 267 166 142 79 59 2608 3487 3012 405 2607 1076 975 433 408
is_linear=0
shrinkage=0.05


Tree=50
num_leaves=31
num_cat=0
split_feature=13 40 20 24 3 0 8 34 20 15 7 17 23 20 26 10 34 9 12 25 33 4 18 22 24 34 10 10 24 33
split_gain=17.1987 10.1981 11.3925 10.1075 8.52309 10.285 9.57434 12.477 7.39176 8.74887 11.9005 17.0516 8.86453 7.78124 16.6988 7.19713 6.87575 6.79432 6.71899 7.20469 6.98223 6.66651 8.79325 8.52015 8.3287 8.08031 7.70713 8.07244 10.186 7.59962
threshold=-2.2658333333333327 2.5000000000000004 -1.8399999999999994 0.061666666666666987 32.500000000000007 11.500000000000002 0.49815000000000004 5.7350000000000012 0.27499999999999997 0.021666666666666657 4.4050000000000011 1.5000000000000002 6.7550000000000008 -1.75 -0.020000000000000014 0.63755000000000006 5.8250000000000011 6.0050000000000008 0.39955000000000002 1.5000000000000002 0.14500000000000005 50.500000000000007 3.5000000000000004 -3.1449999999999991 0.024999999999999915 4.3550000000000013 0.18230000000000002 0.089900000000000022 -0.01166666666666538 0.18500000000000003
decision_type=2 2 2 2 2 2 2 2 2 2 2 2 2 2 2 2 2 2 2 2 2 2 2 2 2 2 2 2 2 2
left_child=17 15 -3 8 5 -5 7 -6 13 10 11 -10 -11 14 -4 21 -7 -1 19 -14 -21 22 24 -23 26 -26 27 -2 -29 -27
right_child=1 2 3 4 6 16 -8 -9 9 12 -12 -13 18 -15 -16 -17 -18 -19 -20 20 -22 23 -24 -25 25 29 -28 28 -30 -31
leaf_value=-0.042000961592708559 -0.0012898520377349833 -0.029189966020547544 0.15910311118489773 0.0032068195971113773 -0.045656599093007705 0.10061149775885798 0.051019467631289644 0.018122109717724662 0.13447742963998097 0.036356162642168698 -0.0064946653039263409 0.0090723913431875018 0.083519024287246835 -0.012274504926791285 -0.01617538727594036 0.025157025069202157 0.031622703068482354 0.087200028417655964 -0.03619987345905009 0.044608829662541205 -0.0057629004754312608 -0.040597106170299012 -0.015082828560323284 0.0035161592444406132 -0.025390444623613243 0.017990128739955966 -0.013136690845300423 -0.0016596829769006474 0.11670518103598156 0.076645790777050013
leaf_weight=29.322785761207346 14.509284578263761 44.035387882962823 2.0961875133216381 11.80561711266637 14.336358167231085 7.2234718874096853 7.6291387081146231 16.486891102045774 3.5815898030996314 28.909885622560978 292.41212622076273 11.147148273885248 3.1146886721253386 273.26229724474251 3.8630299661308518 33.886468768119812 7.2230379059910774 1.0541265048086632 9.4625902548432332 8.6817108392715436 33.14159294590354 11.024431761354206 124.67043988034129 1535.3911678232253 9.2956637442111951 44.014905896037817 81.168876715004444 3.3236312754452229 4.0112420693039885 6.3144159093499175
leaf_count=872 86 740 27 87 98 52 43 123 30 163 2138 114 18 3002 58 150 54 15 60 57 207 114 821 8633 46 218 435 26 25 30
internal_value=-0.000109285 0.000320169 -0.0044879 -0.0030067 0.0158644 0.0378268 0.000870232 -0.0115423 -0.00483004 -0.000387786 -0.0042858 0.0395672 0.013983 -0.0110419 0.0454798 0.00232416 0.0661181 -0.0375175 0.00209337 0.0101568 0.0046933 0.00190221 -0.00509204 0.00320167 0.00256642 0.0174388 -0.00604184 0.0203213 0.0630708 0.0253492
internal_weight=2676.4 2646.02 778.413 734.377 64.7045 26.2521 38.4524 30.8232 669.673 390.451 307.141 14.7287 83.3105 279.222 5.95922 1867.61 14.4465 30.3769 54.4006 44.938 41.8233 1833.72 287.308 1546.42 162.638 59.625 103.013 21.8442 7.33487 50.3293
internal_count=18542 17655 7071 6331 457 193 264 221 5874 2787 2282 144 505 3087 85 10584 106 887 342 282 264 10434 1687 8747 866 294 572 137 51 248
is_linear=0
shrinkage=0.05


Tree=51
num_leaves=31
num_cat=0
split_feature=7 40 13 10 7 9 9 35 27 22 4 8 9 34 19 9 34 4 14 27 19 27 0 9 24 14 3 35 35 13
split_gain=16.1039 9.87562 8.06652 8.27516 8.135 7.67075 8.22336 8.82834 7.50075 6.9305 8.2739 7.0802 9.72812 7.69896 8.84607 9.43673 9.96444 9.13463 7.64223 13.3725 11.1398 10.9541 9.43299 10.4516 9.65892 8.93062 8.8291 8.76496 16.7792 8.59702
threshold=2.5550000000000002 4.5000000000000009 1.9058333333333335 0.63285000000000013 7.4250000000000007 4.5650000000000004 4.3750000000000009 0.51155000000000006 -0.07499999999999972 -1.8849999999999998 57.500000000000007 0.28960000000000002 6.0950000000000006 4.4150000000000009 0.020000000000000014 4.6850000000000014 6.6450000000000005 50.500000000000007 0.046216666666666691 0.079999999999999641 0.075000000000000025 1.0000000180025095e-35 18.500000000000004 5.1850000000000014 0.021666666666667837 -0.018783333333333315 44.500000000000007 0.37010000000000004 0.40889999999999999 -0.089166666666667269
decision_type=2 2 2 2 2 2 2 2 2 2 2 2 2 2 2 2 2 2 2 2 2 2 2 2 2 2 2 2 2 2
left_child=-1 2 4 -4 5 6 -2 8 -8 10 -7 12 18 -13 15 16 17 -15 20 26 21 22 23 -11 25 -24 -20 -25 -29 -27
right_child=1 -3 3 -5 -6 9 7 -9 -10 11 -12 13 -14 14 -16 -17 -18 -19 19 -21 -22 -23 24 27 -26 29 -28 28 -30 -31
leaf_value=-0.033860329597234368 -0.0014279788865746714 -0.013371557801806528 0.010096491264403247 0.058136745143360029 -0.024098939795986794 -0.021002042747260082 0.014781724249643352 0.049164097191930885 -0.025936969439094178 -0.0068925411655772588 0.042670037868775178 -0.011108248868707281 -0.06447634086403628 0.092766687004191759 -0.007043501804374604 0.004004085710627007 0.10790653732598923 -0.0023778283750184879 0.040816637406066975 0.10311135239864025 0.10194416194436268 -0.0084996588081576209 0.12502255309742658 0.0081502306801009665 -0.0077489347193457556 -0.00082902625246222524 0.001314827682862029 0.15119630569029632 0.024656859082323127 0.10511462806858583
leaf_weight=34.878112625330687 579.67535800114274 125.12078524380922 93.120341241359711 9.9189084023237211 33.320138067007065 50.93829732015729 13.122746292501686 4.8037120550870887 81.867315985262394 41.812455903738737 5.6700683347880831 106.29835561662912 4.1689773239195338 3.3010625764727619 191.26691851764917 1090.9028470925987 4.1950731128454199 10.698653515428303 27.441522471606731 5.3559086583554736 3.0371546745300284 76.785822786390781 4.9747557528316984 15.906888946890833 5.2950439751148215 4.9817376658320427 29.195336788892746 3.827024243772029 8.304458022117613 3.1104475185275078
leaf_count=995 4540 1715 396 42 167 410 82 34 611 326 44 551 30 19 1173 5950 26 66 183 36 23 571 36 120 39 44 214 23 59 17
internal_value=-0.000107742 0.000338444 0.00102098 0.014721 0.000435296 0.000779219 -0.00371026 -0.0169674 -0.0203117 0.00257628 -0.0146245 0.0031697 0.011219 0.00182955 0.00288715 0.00459972 0.0403118 0.0200568 0.0125909 0.0275954 0.00705541 0.00530877 0.0173285 0.00894541 0.0492185 0.0723031 0.0204541 0.0325639 0.0645753 0.0398932
internal_weight=2673.3 2638.42 2513.3 103.039 2410.26 2376.94 679.469 99.7938 94.9901 1697.47 56.6084 1640.86 234.198 1406.66 1300.36 1109.1 18.1948 13.9997 230.029 61.9928 168.036 164.999 88.2128 69.8508 18.362 13.0669 56.6369 28.0384 12.1315 8.09219
internal_count=18542 17547 15832 438 15394 15227 5267 727 693 9960 454 9506 1721 7785 7234 6061 111 85 1691 433 1258 1235 664 528 136 97 397 202 82 61
is_linear=0
shrinkage=0.05


Tree=52
num_leaves=31
num_cat=0
split_feature=13 1 20 14 27 18 30 22 22 9 35 13 12 31 24 11 4 20 14 22 12 8 26 36 22 0 7 26 7 7
split_gain=15.224 9.16758 8.02122 7.44699 7.63242 7.39438 7.1687 7.17207 8.4816 10.9946 9.75312 8.06425 7.21238 6.69432 9.32927 6.82056 6.69932 7.41749 6.60567 6.39769 7.26812 11.5777 8.21449 8.18591 12.6866 10.0641 8.72303 7.71275 6.31676 15.5567
threshold=-2.2658333333333327 2.5000000000000004 -0.77999999999999992 0.010833333333333391 -0.20500000000000004 3.5000000000000004 -2.4999999999999996 -1.6249999999999998 -0.81499999999999984 6.1750000000000007 0.31355000000000005 0.042499999999999545 0.31085000000000002 2.5000000000000004 -0.046666666666665517 0.66025000000000011 59.500000000000007 -0.015000000000000123 -0.27208333333333329 1.5100000000000002 0.40885000000000005 0.11299999999999996 0.105 6.8050000000000006 -0.94000000000000006 19.500000000000004 5.2550000000000008 -0.020000000000000014 4.7650000000000006 4.6850000000000014
decision_type=2 2 2 2 2 2 2 2 2 2 2 2 2 2 2 2 2 2 2 2 2 2 2 2 2 2 2 2 2 2
left_child=-1 13 -3 4 -4 6 -6 -8 9 10 11 -9 -12 19 -15 16 17 -16 -19 20 22 -22 27 -23 -25 26 -26 -2 29 -5
right_child=1 2 3 28 5 -7 7 8 -10 -11 12 -13 -14 14 15 -17 -18 18 -20 -21 21 23 -24 24 25 -27 -28 -29 -30 -31
leaf_value=-0.036437578870108886 -0.0095194293855130549 -0.0085922981019154882 0.070692297687500488 0.010568592566565567 -0.054009352910595401 -0.01092125699050573 -0.037844430066849843 0.017161146883298877 -0.00032771528502533706 0.088775551893154614 0.034697235893451792 0.12085108508764351 -0.042556270925841772 -0.021566168257689394 -0.015089947140146359 0.062311250880142992 0.061239196190269678 0.056714016447684749 0.002790432227601856 0.021521505891447773 0.11413090733787079 0.0037387227200822112 -0.025539704433420275 0.094204520569240668 -0.05825752450177666 0.079697502717192129 0.021677429228946624 0.0086283955542275619 0.0020079772868820118 0.090440844428218398
leaf_weight=28.525392759591341 75.011977292597294 356.84927025251091 3.4624256752431384 76.430267179384828 6.1450869962573043 242.0782592445612 12.020208209753035 5.1708525493741089 470.28790390491486 5.9029769301414481 4.7017197832465163 2.9419942274689674 8.4527764879167062 46.549048941582441 62.385915152728558 4.6508936658501616 4.619880959391593 5.7856026887893668 309.27858323603868 74.752098172903061 3.0710728242993346 53.95559923350811 24.131536893546581 7.2022621929645565 4.7467437759041848 5.0443883687257758 12.146523281931875 266.71911631524563 481.30587623640895 6.6247044689953318
leaf_count=887 361 3848 20 663 33 1911 110 41 3057 38 35 19 67 279 475 22 30 25 1441 309 20 256 134 39 25 21 52 1319 2950 55
internal_value=-0.000105788 0.00028642 -0.00193833 -0.000146997 -0.00337405 -0.0037125 -0.000328091 0.000319387 0.00124155 0.0284038 0.0116469 0.0547626 -0.0149441 0.00418503 -0.000418719 0.00212677 0.00139415 0.000661665 0.00378064 0.00797155 0.00573079 0.0187951 0.00265393 0.0152717 0.0366261 0.0177228 -0.000783042 0.00464484 0.00420539 0.0169394
internal_weight=2670.95 2642.43 1682.37 1325.53 761.164 757.702 515.624 509.478 497.458 27.1703 21.2673 8.11285 13.1545 960.051 433.27 386.721 382.07 377.45 315.064 526.781 452.029 86.1666 365.863 83.0955 29.1399 21.9377 16.8933 341.731 564.361 83.055
internal_count=18542 17655 12847 8999 5331 5311 3400 3367 3257 200 162 60 102 4808 2272 1993 1971 1941 1466 2536 2227 413 1814 393 137 98 77 1680 3668 718
is_linear=0
shrinkage=0.05


Tree=53
num_leaves=31
num_cat=0
split_feature=13 40 20 24 20 34 3 9 27 5 13 27 26 15 9 14 31 6 15 32 8 14 27 11 27 20 35 14 24 11
split_gain=14.2274 8.70775 10.2989 9.0632 10.7051 9.86753 9.60318 8.4315 7.70395 7.11658 6.91266 8.18967 6.58535 6.92902 6.51037 6.50524 6.48232 6.6907 7.58001 7.84827 8.52501 7.15941 6.42673 8.01789 7.45219 7.19893 10.1703 7.16113 11.0777 13.1276
threshold=-2.2658333333333327 2.5000000000000004 -1.8399999999999994 -0.0016666666666655947 -1.75 3.1750000000000003 22.500000000000004 5.0850000000000009 0.17500000000000029 1.0000000180025095e-35 1.9058333333333335 0.020000000000000021 0.13500000000000026 0.028333333333333346 6.0050000000000008 -0.047016666666666644 2.5000000000000004 0.12500000000000003 0.024166666666666659 3.5000000000000004 0.11299999999999996 -0.27208333333333329 -0.079999999999999613 0.15505000000000002 -0.05000000000000026 -0.65000000000000002 0.093400000000000011 -0.02841666666666667 -0.013333333333334084 0.33654999999999996
decision_type=2 2 2 2 2 2 2 2 2 2 2 2 2 2 2 2 2 2 2 2 2 2 2 2 2 2 2 2 2 2
left_child=14 12 -3 8 -5 -6 9 -8 10 -7 15 -12 16 -14 -1 -4 17 -2 19 21 -21 -19 23 -22 -24 -26 -27 -28 29 -29
right_child=1 2 3 4 5 6 7 -9 -10 -11 11 -13 13 -15 -16 -17 -18 18 -20 20 22 -23 24 -25 25 26 27 28 -30 -31
leaf_value=-0.040701181361435967 -0.014742401790649349 -0.028126722997775029 -0.020658156851531967 0.098434508168311965 0.089421356404790264 0.098088073142623314 -0.012230988524656107 0.0049660726852351891 0.052122507903854587 0.014153716774381915 -0.0040093938408712155 0.068881341327388046 -0.019626780967684943 0.063629200491654256 0.085164271035776548 -0.0059968678946286796 -0.00083639405237725733 0.05582599999501995 0.021114327614940809 0.077391365741029491 -0.032006766904805493 0.00014525307549647273 -0.015784897506619003 0.032395238476012132 -0.0006104365678854662 0.059734928593698611 -0.00017477245068129118 0.063515871615954664 0.032555272016465436 -0.013943773515744655
leaf_weight=26.51787265017629 40.408571932464838 42.476225497201085 110.376962473616 2.9073774702846995 3.2059865817427626 4.2775474116206151 101.38402021676302 239.9979148209095 5.2091017663478842 6.1653506308794022 10.670446395874025 6.0319602042436591 49.422090247273445 2.6321833431720725 1.0687912255525578 240.53603832051158 776.18196384608746 5.8377282842993727 76.690294329077005 4.6493983864784232 5.3948071151971808 521.2427115701139 33.037844620645046 46.393574491143227 115.72413210198283 12.016112446784971 70.446084849536419 6.579702526330947 67.910120241343975 32.427526146173477
leaf_count=872 192 740 1104 36 21 37 1027 1663 41 63 51 26 344 12 15 2262 4818 31 344 34 26 2801 164 215 683 57 350 33 313 167
internal_value=-0.000103627 0.000269608 -0.00419226 -0.00280105 0.00288186 0.00209938 0.00130366 -0.000141131 -0.00825704 0.0485343 -0.00911262 0.0223146 0.00211754 -0.0154168 -0.0358248 -0.0106085 0.00262045 0.00520347 0.00601079 0.00475404 0.0100867 0.00076195 0.00928417 0.0256865 0.00677206 0.00921462 0.0152184 0.0122025 0.0203576 -0.000877954
internal_weight=2667.82 2640.23 773.239 730.763 357.938 355.031 351.825 341.382 372.825 10.4429 367.615 16.7024 1866.99 52.0543 27.5867 350.913 1814.94 1038.76 998.35 921.66 394.579 527.08 389.93 51.7884 338.142 305.104 189.38 177.363 106.917 39.0072
internal_count=18542 17655 7071 6331 2847 2811 2790 2690 3484 100 3443 77 10584 356 887 3366 10228 5410 5218 4874 2042 2832 2008 241 1767 1603 920 863 513 200
is_linear=0
shrinkage=0.05


Tree=54
num_leaves=31
num_cat=0
split_feature=13 1 14 27 18 30 23 23 19 13 10 22 11 11 27 34 11 22 31 12 20 4 36 11 10 21 24 35 40 8
split_gain=13.4168 7.77092 7.29038 8.00785 7.88817 7.41722 7.11829 10.0419 15.397 10.9255 14.195 8.95837 10.4387 11.0201 8.70912 8.20309 7.98433 7.46724 9.7911 12.4726 9.72452 8.49627 8.18333 8.04107 7.3239 7.24267 7.01868 8.01079 6.51693 10.73
threshold=-1.4650000000000003 2.5000000000000004 0.014758333333333319 -0.20500000000000004 3.5000000000000004 -2.4999999999999996 6.8350000000000009 6.8750000000000009 -0.019999999999999993 0.6116666666666678 0.45480000000000004 -1.6599999999999997 0.12830000000000003 0.32215000000000005 0.064999999999999961 7.1350000000000007 0.32380000000000003 -0.98999999999999944 2.5000000000000004 0.41435000000000005 -1.2249999999999999 46.500000000000007 6.9150000000000009 0.27235000000000004 0.24035000000000004 -0.019999999999999993 -0.026666666666666835 0.44314999999999999 2.5000000000000004 0.52215000000000011
decision_type=2 2 2 2 2 2 2 2 2 2 2 2 2 2 2 2 2 2 2 2 2 2 2 2 2 2 2 2 2 2
left_child=-1 6 3 -3 5 -5 11 8 -8 10 -10 -2 15 25 16 -13 -15 18 19 20 -9 -19 -20 -22 -24 -14 27 -27 29 -6
right_child=1 2 -4 4 28 -7 7 17 9 -11 -12 12 13 14 -16 -17 -18 21 22 -21 23 -23 24 -25 -26 26 -28 -29 -30 -31
leaf_value=-0.019215270761949788 -0.017750469678143345 0.067190670277334705 0.0024721155123593494 -0.053797776154157539 -0.0064861258260588044 -0.0006175534376019709 -0.032804154569400272 -0.024846557051935489 0.027984945847613858 0.056169956693710513 -0.04573552333963795 0.030261888291769803 0.0077631368539974061 0.069492365489838046 -0.020899875204934595 -0.043218505408654538 0.0080974390330982859 -0.039595215537390975 -0.044578995234017781 0.11780650100876799 0.098104204931171612 0.0028798987165358373 -0.017457055938043611 0.022682768367120444 0.078397233625709398 -0.0031103871819813094 -0.01944153426760574 0.069273195664263598 -0.018449584892292255 0.068686878894311007
leaf_weight=88.752752713859081 57.239234767854214 3.9006113186478606 673.76749011129141 6.6281522139906874 191.57118535786867 607.65088402852416 10.675907358527182 6.5994359478354481 49.332925640046597 28.473022520542145 7.5259628891944876 47.651023767888546 52.299370273947716 5.3972848430275908 26.129604406654835 4.1271386742591849 281.03232829272747 12.698423750698565 7.8208595365285865 4.4510655105113974 5.238316096365458 161.60806461423635 4.2646431848406774 10.861776478588579 3.7407573312520981 27.004530824720863 118.13649822771549 4.4526482969522467 150.54160665348172 4.867584601044654
leaf_count=1840 359 22 4713 37 1379 4286 51 45 266 119 35 227 237 23 127 19 1315 63 53 22 26 770 29 57 22 139 576 21 1639 25
internal_value=-0.000101446 0.000557176 -0.00151914 -0.0043054 -0.00459552 -0.00119138 0.00418984 0.0103385 0.0238052 0.0308877 0.0182271 0.00110018 0.00300576 0.000852001 0.00673347 0.0244049 0.00925432 0.00438808 0.0230552 0.041276 0.0262694 -0.000214461 -0.0082034 0.0472218 0.0273337 -0.00825335 -0.0138529 0.00713524 -0.0106221 -0.0046234
internal_weight=2664.44 2575.69 1638.93 965.16 961.259 614.279 936.761 313.291 96.0078 85.3319 56.8589 623.47 566.23 514.452 312.559 51.7782 286.43 217.283 42.9769 27.1506 22.6995 174.306 15.8263 16.1001 8.0054 201.893 149.594 31.4572 346.98 196.439
internal_count=18542 16702 12101 7388 7366 4323 4601 1558 471 420 301 3043 2684 2438 1465 246 1338 1087 254 150 128 833 104 83 51 973 736 160 3043 1404
is_linear=0
shrinkage=0.05


Tree=55
num_leaves=31
num_cat=0
split_feature=13 40 9 24 0 36 3 0 11 40 11 11 22 20 8 9 21 3 22 26 11 9 12 37 34 24 22 36 15 2
split_gain=12.8186 8.12433 6.90558 6.49982 7.61723 7.11904 11.5655 9.79885 6.46828 6.3117 8.94988 7.07245 6.83181 6.76559 7.78414 6.20528 8.60008 9.99524 7.58197 6.55727 8.52998 8.83264 6.83444 6.39043 10.5767 8.38172 6.17621 7.19462 9.77979 11.1008
threshold=-2.2658333333333327 4.5000000000000009 5.0850000000000009 -0.0016666666666664829 22.500000000000004 6.7250000000000005 32.500000000000007 7.5000000000000009 0.32485000000000003 2.5000000000000004 0.48430000000000001 0.49730000000000002 1.4300000000000002 -1.7799999999999998 0.23829999999999998 5.205000000000001 0.055000000000000014 27.500000000000004 -1.7149999999999999 -0.020000000000000014 0.45040000000000008 5.1550000000000011 0.43545000000000006 1.5000000000000002 5.6950000000000012 -0.031666666666666725 1.5800000000000005 6.7650000000000006 -0.0083333333333333228 3.5000000000000004
decision_type=2 2 2 2 2 2 2 2 2 2 2 2 2 2 2 2 2 2 2 2 2 2 2 2 2 2 2 2 2 2
left_child=-1 2 9 -3 5 6 7 -5 -6 -2 -11 -12 13 -13 -15 16 17 -4 -19 20 21 -20 23 24 -21 -25 -17 28 -28 -30
right_child=1 3 15 4 8 -7 -8 -9 -10 10 11 12 -14 14 -16 26 -18 18 19 22 -22 -23 -24 25 -26 -27 27 -29 29 -31
leaf_value=-0.034890326989141095 -0.00015723197145627436 -0.024421881045014967 0.077173303031751961 -0.028630411095262993 0.13726541192220595 -0.018143430172240304 -0.0096230812465927015 0.1051962789072398 0.014097900715932905 -0.012621093786804139 0.1011909033989109 -0.054566443347077609 -0.060376316120114487 0.085930567749447656 0.0081643090680088518 0.00037577327662836999 -0.063689694444766951 -0.043326935240526512 0.00089064100077593179 -0.011340111725005136 0.11628779643824483 0.078224073044539946 -0.042563172287569735 0.050528638613975531 0.065199419490151664 -0.023439823660564126 0.041332092906686095 0.00076558260051702326 -0.0058492940792577094 0.021874306148125154
leaf_weight=26.214296419173479 753.95934974402189 58.210853280499578 6.9327501319348803 1.858063999563458 1.7270204387605179 40.591209702193737 13.047353241592644 5.1841893792152405 2.7847460824996233 214.06900336965919 2.4501235373318222 2.3677823245525422 2.8545531183481208 5.1049439124763003 8.7050233893096429 1093.0577990971506 3.2042256221175185 5.289214424788951 10.45723038539291 7.2326785400509861 3.3108355402946463 5.7075334005057803 5.7324857860803595 5.1912441179156295 12.005830027163027 14.603690013289453 29.600421503186226 173.04827754944563 63.841791391372681 83.114291839301586
leaf_count=887 4984 912 39 29 16 526 151 62 37 2344 20 39 22 45 67 6247 20 41 69 46 20 34 36 35 74 86 147 819 320 368
internal_value=-9.89501e-05 0.00024714 0.000862488 -0.0122781 -0.00143483 -0.00609516 0.0182485 0.0698868 0.0612441 -0.00238927 -0.00953364 0.0212324 0.0109389 0.0235224 0.0369111 0.00297612 0.0165604 0.0199233 0.0142151 0.0189527 0.0431715 0.0281959 0.00841621 0.0159031 0.0364245 -0.00404151 0.00222596 0.00801067 0.0151118 0.00983041
internal_weight=2661.46 2635.24 2511.84 123.403 65.1926 60.6808 20.0896 7.04225 4.51177 989.511 235.551 21.4824 19.0323 16.1777 13.81 1522.33 79.6677 76.4635 69.5307 64.2415 19.4756 16.1648 44.7659 39.0334 19.2385 19.7949 1442.66 349.605 176.557 146.956
internal_count=18542 17655 15922 1733 821 768 242 91 53 7521 2537 193 173 151 112 8401 500 480 441 400 123 103 277 241 120 121 7901 1654 835 688
is_linear=0
shrinkage=0.05


Tree=56
num_leaves=31
num_cat=0
split_feature=7 24 0 15 14 34 28 24 10 10 37 26 23 8 11 3 31 15 14 21 13 34 34 0 22 36 11 26 34 11
split_gain=11.9953 7.94908 15.9536 8.36244 7.58538 8.38204 7.45238 9.06727 8.62119 7.63263 8.67901 8.09997 6.77163 7.33338 6.54327 6.44192 6.38299 7.92124 6.22117 6.81006 14.8172 10.1014 7.31769 6.96785 6.15576 6.17372 6.09562 7.3529 6.63318 8.74914
threshold=2.5550000000000002 -0.063333333333333894 4.5000000000000009 0.029999999999999995 0.057500000000000086 5.6950000000000012 4.5000000000000009 0.066666666666666888 0.50655000000000017 0.63755000000000006 3.5000000000000004 0.020000000000000021 6.8250000000000011 0.52680000000000005 0.4472000000000001 31.500000000000004 3.5000000000000004 -0.0033333333333333405 -0.20219999999999999 -0.014999999999999998 -0.63833333333333309 6.5250000000000012 5.705000000000001 15.500000000000002 -0.46000000000000058 6.5850000000000009 0.10959999999999996 0.050000000000000273 5.2550000000000008 0.33595000000000003
decision_type=2 2 2 2 2 2 2 2 2 2 2 2 2 2 2 2 2 2 2 2 2 2 2 2 2 2 2 2 2 2
left_child=15 2 3 4 -2 -6 9 8 26 10 -3 12 13 18 -7 -1 -10 -18 -12 20 -20 -21 -22 -24 -4 -26 27 -8 29 -28
right_child=1 6 24 -5 5 14 7 -9 16 -11 11 -13 -14 -15 -16 -17 17 -19 19 21 22 -23 23 -25 25 -27 28 -29 -30 -31
leaf_value=-0.036666261103955274 -0.00074812335698516089 0.0038322344324226449 -0.036916176500212991 0.089345809366204898 -0.026107388113835325 0.13802265432028726 0.023496514999503205 0.016071711043594537 0.0020896067219944711 0.026329771279750214 0.045905328288210576 -0.019559915144027672 0.01161580339936266 -0.045544512949977543 0.036435550457678524 0.063659129887472507 0.098114609418064269 0.016965749696337511 0.082543432856977988 -0.023095450871503921 0.022066264410584402 0.0087526660845511865 -0.030664061865672665 0.025588963428542499 0.044145669776307767 -0.015650291895219208 -0.013851057377300685 -0.039873855998340819 -0.014028390797610863 0.013578383153961912
leaf_weight=29.06126783229411 49.980894733220339 1470.1808140836656 36.710455995053053 3.2455830387771121 2.653752349317072 2.7446328736841679 26.395625628530983 52.255476921796799 74.497486062347889 33.30074405670166 6.1310165375471106 74.927602663636208 76.369134601205587 11.064116418361662 3.7519730851054192 1.6932787317782629 3.960640192031863 12.492771312594412 6.0754162892699233 74.863209903240204 21.443038821220398 37.303531285375357 21.74549283832312 7.3707825988531104 4.5404917523264876 87.546688787639141 57.540600061416626 5.537839723750948 304.74900890886784 58.759317461401224
leaf_count=966 398 8228 335 19 17 23 267 399 520 148 33 533 420 51 26 29 25 67 39 433 102 217 106 36 31 686 555 62 3239 532
internal_value=-9.73296e-05 0.000265963 -0.00955183 0.0112034 0.00691432 0.0487679 0.00103615 -0.00382234 -0.00573356 0.00260971 0.0021727 -0.00506084 -0.000920127 -0.00606731 0.0793532 -0.0311426 0.00831456 0.0364998 -0.00357046 -0.00536746 0.00876598 -0.0125037 -9.94216e-05 -0.0164236 -0.0196036 -0.012702 -0.00855417 0.0125069 -0.0101515 7.38069e-06
internal_weight=2658.89 2628.14 191.174 62.3768 59.1313 9.15036 2436.96 596.189 543.933 1840.77 1807.47 337.293 262.366 185.997 6.49661 30.7545 90.9509 16.4534 174.932 168.801 56.6347 112.167 50.5593 29.1163 128.798 92.0872 452.982 31.9335 421.049 116.3
internal_count=18542 17547 1535 483 464 66 16012 5666 5267 10346 10198 1970 1437 1017 49 995 612 92 966 933 283 650 244 142 1052 717 4655 329 4326 1087
is_linear=0
shrinkage=0.05


Tree=57
num_leaves=31
num_cat=0
split_feature=13 28 35 13 33 26 0 24 23 35 36 37 3 35 24 14 22 22 8 26 36 25 6 15 16 12 24 4 10 0
split_gain=11.3425 7.34676 9.63636 9.6166 10.6494 10.0864 7.64025 10.7674 9.15874 7.9248 7.58163 7.56445 7.49194 7.901 7.65729 10.2481 9.06191 6.71533 7.63288 10.9925 9.18347 7.34206 7.14558 8.54278 7.15919 6.50271 6.16101 7.39915 6.92054 7.84804
threshold=-2.2658333333333327 1.5000000000000002 0.66025000000000011 -0.71250000000000024 0.20500000000000004 -0.15999999999999967 5.5000000000000009 -0.045000000000000366 6.8150000000000004 0.38920000000000005 6.8550000000000013 1.5000000000000002 40.500000000000007 0.078450000000000006 0.068333333333333815 -1.0000000180025095e-35 -2.8049999999999993 -2.3249999999999997 0.12965000000000002 0.055000000000000167 6.7950000000000008 5.5000000000000009 0.18500000000000003 -0.032499999999999994 5.5000000000000009 0.33260000000000006 -0.02499999999999902 53.500000000000007 0.52185000000000015 8.5000000000000018
decision_type=2 2 2 2 2 2 2 2 2 2 2 2 2 2 2 2 2 2 2 2 2 2 2 2 2 2 2 2 2 2
left_child=-1 2 6 4 5 10 8 -8 25 -10 -3 17 14 -14 16 -16 -9 -5 19 20 -19 -20 24 -24 -23 -2 -15 -28 29 -29
right_child=1 3 -4 11 -6 -7 7 12 9 -11 -12 -13 13 26 15 -17 -18 18 21 -21 -22 22 23 -25 -26 -27 27 28 -30 -31
leaf_value=-0.033790270241912876 -0.039957800585814329 0.12218272323633553 0.071749297617085969 -0.043459023075088726 0.088232036316425344 -0.011452190183505177 -0.024753775602005559 0.080474208113003418 0.00076588453929010919 0.063965654940925418 -0.0011664590909347568 -0.0036364804237474773 0.0890759559169923 0.04822451866971162 -0.011634453964499024 0.073831036542186174 -0.0025193182446331787 0.063811511831309828 0.0042177927859662562 0.13060499716777868 -0.06147733309355688 -0.0054606043668403055 0.033616199714196555 -0.059252134284956459 0.072091330651575608 -0.0036592478690513929 0.026923580141860321 0.056851081055399037 -0.053840881825551246 -0.0028075700416783055
leaf_weight=24.743717614561319 23.614420413970947 2.4832628890871993 5.6380436718463889 7.8057631067931643 2.7731045577675095 284.84161701239645 20.757116384804249 3.3898637890815726 23.510609969496731 6.2864725887775412 2.4997807703912258 726.48131598904729 4.1899530887603751 15.82619749009609 5.9723348170518884 8.4989670515060389 110.60252234339714 3.4742868021130544 1079.0118749067187 2.8304667137563229 2.5259473994374275 142.77549002319574 3.1236430481076232 11.949065435677765 3.0392483919858924 25.838867798447609 55.81132572889328 6.5768370032310477 5.3116379082202902 34.066197574138641
leaf_count=887 113 23 24 58 35 3508 105 19 108 29 22 4750 18 73 26 36 497 24 6476 22 21 943 26 91 31 118 251 31 22 155
internal_value=-9.57175e-05 0.000221108 0.00690157 -0.000823672 -0.0092854 -0.0102185 0.00585771 0.00985114 -0.00779815 0.0140995 0.0603037 0.000424871 0.0127215 0.021607 0.00429815 0.0385593 -5.12872e-05 0.00277299 0.00306199 0.0493827 0.0110681 0.00273208 -0.00723201 -0.0400063 -0.00384417 -0.0209922 0.019203 0.0146897 -0.000168127 0.00684637
internal_weight=2656.25 2631.51 355.891 2275.61 292.598 289.825 350.253 271.003 79.2504 29.7971 4.98304 1983.02 250.246 121.782 128.464 14.4713 113.992 1256.54 1248.73 8.8307 6.00023 1239.9 160.887 15.0727 145.815 49.4533 117.592 101.766 45.9547 40.643
internal_count=18542 17655 1625 16030 3588 3553 1601 1233 368 137 45 12442 1128 550 578 62 516 7692 7634 67 45 7567 1091 117 974 231 532 459 208 186
is_linear=0
shrinkage=0.05


Tree=58
num_leaves=31
num_cat=0
split_feature=13 40 13 26 9 13 7 10 9 27 24 9 7 15 35 12 4 35 15 18 26 21 9 8 31 0 23 36 27 22
split_gain=10.5766 7.20349 6.32448 6.62442 12.2657 6.2716 7.63231 7.38083 6.02587 7.41583 9.08452 8.44479 7.77871 7.76204 7.40147 6.07997 9.89701 8.42377 7.98496 8.51225 11.2786 15.2735 11.6635 11.6876 12.1732 8.19298 8.79427 7.79966 8.11459 7.64413
threshold=-2.2658333333333327 4.5000000000000009 0.44500000000000078 -0.11999999999999965 4.3350000000000009 1.9058333333333335 7.4250000000000007 0.63285000000000013 4.5650000000000004 0.16500000000000006 -0.060000000000000046 4.3750000000000009 4.495000000000001 0.0099999999999999967 0.49730000000000002 0.46115 52.500000000000007 0.51155000000000006 -0.0049999999999999897 2.5000000000000004 0.055000000000000167 0.015000000000000001 4.0650000000000004 0.24374999999999999 2.5000000000000004 9.5000000000000018 6.6850000000000014 6.7350000000000012 -0.010000000000000229 -0.56000000000000016
decision_type=2 2 2 2 2 2 2 2 2 2 2 2 2 2 2 2 2 2 2 2 2 2 2 2 2 2 2 2 2 2
left_child=-1 5 3 4 -3 6 8 -7 9 10 13 15 -11 -2 -13 18 -17 27 29 -20 22 -22 25 24 -24 -21 -27 28 -18 -12
right_child=1 2 -4 -5 -6 7 -8 -9 -10 12 11 14 -14 -15 -16 16 17 -19 19 20 21 -23 23 -25 -26 26 -28 -29 -30 -31
leaf_value=-0.033148916942458077 -0.033254524199440076 0.13692884057173479 0.00094258884290273628 -0.026501152924390443 -0.024644136484986645 0.0085358901030016948 -0.023603520876613091 0.054240340709016455 0.002191234176683357 0.10170320350668907 0.00067824251162199283 -0.020396351282852151 -0.0061499150748971481 0.016904366388514641 0.038614181277526416 -0.0098637059819427046 -0.063267227551962318 -0.045961173099600405 -0.0028949540024664866 -0.026368125070461476 0.032591512416509566 0.16678394236446448 0.03276176197547271 0.006969613065297974 0.15124264462253173 0.081971880191376606 0.0047979223332652032 0.068747477304351309 0.044421290950203529 -0.016907674068820332
leaf_weight=23.980861578136683 42.136688994243741 1.8191492278128851 54.698886498808861 61.861546507105231 3.3152228072285652 93.266285419464111 33.027619607746601 9.7575592100620252 1695.326379628852 3.4205178953707209 128.83641641400754 82.241064248606563 3.2700310796499252 9.441091410815714 5.6807654984295359 18.558991661295295 2.6812936887145042 2.6680655702948561 139.65326530300081 20.605956660583615 10.923843881115316 2.6311542615294448 4.7619419097900408 9.691920302808283 3.9797961264848709 4.0426195450127116 42.496981209143996 15.160220317542551 5.0327530205249849 118.74598222970963
leaf_count=887 423 25 465 1198 45 396 167 42 9964 33 1160 600 21 82 39 149 18 18 957 166 87 23 36 66 32 28 295 116 36 968
internal_value=-9.36658e-05 0.000207769 -0.0116722 -0.0219716 0.0326025 0.000784209 0.000266719 0.0128646 0.000599089 -0.00338992 -0.003913 -0.00223151 0.0489896 -0.0240732 -0.0165836 0.00014724 0.0179238 0.0381141 -0.00146464 0.00505881 0.0162635 0.0586395 0.00955152 0.0447808 0.0867018 -0.000120069 0.0115016 0.0479207 0.00699028 -0.00775635
internal_weight=2653.71 2629.73 121.695 66.9959 5.13437 2508.04 2405.02 103.024 2371.99 676.661 669.971 618.393 6.69055 51.5778 87.9218 530.471 44.1013 25.5423 486.37 238.787 99.1342 13.555 85.5792 18.4337 8.74174 67.1456 46.5396 22.8743 7.71405 247.582
internal_count=18542 17655 1733 1268 70 15922 15484 438 15317 5353 5299 4794 54 505 639 4155 337 188 3818 1690 733 110 623 134 68 489 323 170 54 2128
is_linear=0
shrinkage=0.05


Tree=59
num_leaves=31
num_cat=0
split_feature=13 1 24 35 26 27 0 19 14 16 28 19 20 20 9 34 2 33 27 33 15 4 20 0 14 14 20 10 26 12
split_gain=9.94131 8.4587 8.30235 7.8518 8.68146 6.907 6.40435 5.966 9.56375 11.9961 9.50436 9.24535 8.95184 11.4955 14.9989 8.31078 8.2581 7.5314 8.85554 7.01852 6.91393 8.06372 6.54568 11.4913 6.51689 8.77756 6.51679 6.35269 6.9696 6.28943
threshold=-0.6866666666666662 5.5000000000000009 0.063333333333333922 0.37440000000000007 -0.15499999999999978 0.23000000000000001 9.5000000000000018 0.020000000000000014 0.029208333333333395 4.5000000000000009 2.5000000000000004 -1.0000000180025095e-35 0.49499999999999994 -1.75 4.8550000000000013 6.5550000000000006 3.5000000000000004 0.15500000000000003 -0.034999999999999691 0.21500000000000002 -0.044999999999999991 54.500000000000007 -1.73 16.500000000000004 -0.024716666666666606 -0.0024166666666666499 -0.1350000000000002 0.6695000000000001 -1.0000000180025095e-35 0.13869999999999996
decision_type=2 2 2 2 2 2 2 2 2 2 2 2 2 2 2 2 2 2 2 2 2 2 2 2 2 2 2 2 2 2
left_child=1 2 -1 4 -4 7 -5 11 20 16 -11 12 13 14 15 -2 -10 18 -12 -13 21 26 23 24 -22 -26 -9 29 -29 -14
right_child=5 -3 3 6 -6 -7 -8 8 9 10 17 19 27 -15 -16 -17 -18 -19 -20 -21 22 -23 -24 -25 25 -27 -28 28 -30 -31
leaf_value=-0.0070415797296573372 -0.038297818051893945 -0.028607109368427332 0.12013787582913574 0.035164401641298561 0.025976407084908112 0.0629942999257848 -0.051676300552673776 -0.029958746952064755 -0.0069117833858558728 0.086209077543614912 0.11376113901932579 0.0059632721745420418 0.019811357775655694 -0.0093789995164314625 0.13361442242766228 0.074006990485512611 0.032276285529591095 -0.027091719575498663 0.01333799385431554 -0.061011716373937645 -0.044532405736847226 0.10085359141828398 -0.015661537731381511 0.050528938897935277 0.093861383920315553 -0.03205142674118306 0.051874015918042637 0.07114543338665566 0.0011678672110305285 9.3117846562787383e-05
leaf_weight=324.47891920804977 4.4303103908896428 42.142224758863449 2.9919411763548878 3.635734470561145 13.460878795012833 4.5103619918227187 5.1029801610857248 5.8142545484006396 89.539302244782448 7.2083212882280376 3.1114949136972463 942.24589493870735 43.714937556535006 331.85878659039736 3.2260449975728989 2.6224755123257637 15.81850581243634 6.0382038801908484 7.4551032297313196 3.9279585927724829 8.8291840367019159 2.757954489439725 202.12023643404245 10.742649566382168 2.5103728324174881 3.0851501785218742 4.1833011731505385 6.9601387530565262 7.2798264026641828 539.86696277186275
leaf_count=3542 38 1211 24 31 107 26 42 43 561 37 21 5414 252 2218 20 13 80 52 65 22 74 22 1398 76 18 23 26 31 34 3021
internal_value=-9.28084e-05 -0.00744528 -0.00489486 0.0227559 0.0430996 0.00118196 -0.0155463 0.00105834 -0.00475401 0.006216 0.0382663 0.00219612 -0.00131606 -0.00776602 0.0443101 0.00346109 -0.00102806 0.0174539 0.0429091 0.00568523 -0.0106571 0.025163 -0.0126674 0.0113788 -0.0177779 0.024438 0.00428273 0.0023753 0.0353712 0.00157017
internal_weight=2651.67 391.813 349.67 25.1915 16.4528 2259.86 8.73871 2255.35 369.214 129.171 23.8131 1886.13 939.959 342.138 10.2788 7.05279 105.358 16.6048 10.5666 946.174 240.043 12.7555 227.288 25.1674 14.4247 5.59552 9.99756 597.822 14.24 583.582
internal_count=18542 4957 3746 204 131 13585 73 13559 2496 816 175 11063 5627 2289 71 51 641 138 86 5436 1680 91 1589 191 115 41 69 3338 65 3273
is_linear=0
shrinkage=0.05


Tree=60
num_leaves=31
num_cat=0
split_feature=13 24 0 15 23 22 13 26 13 4 35 28 0 37 27 11 33 24 11 20 9 3 14 22 8 28 3 23 15 24
split_gain=9.54931 6.54471 14.5942 7.34339 7.67924 6.93698 9.90992 9.57989 6.90029 16.875 6.80729 6.04185 9.83321 9.50814 7.5771 7.34243 8.27781 7.85253 7.86296 7.25693 6.90478 6.77178 9.93563 6.80151 7.48272 6.67075 7.49832 7.42893 6.4969 7.87128
threshold=-2.2658333333333327 -0.063333333333333894 4.5000000000000009 0.016666666666666673 6.8350000000000009 -0.32000000000000001 -0.52750000000000019 0.14500000000000005 -2.1799999999999993 54.500000000000007 0.38825000000000004 1.5000000000000002 5.5000000000000009 1.5000000000000002 0.15999999999999973 0.20080000000000003 0.19500000000000003 0.013333333333333199 0.16174999999999998 0.87499999999999967 7.9900000000000011 31.500000000000004 0.17560000000000003 -0.38500000000000018 0.28799999999999998 4.5000000000000009 21.500000000000004 6.6150000000000011 -0.0073333333333333297 0.083333333333334383
decision_type=2 2 2 2 2 2 2 2 2 2 2 2 2 2 2 2 2 2 2 2 2 2 2 2 2 2 2 2 2 2
left_child=-1 2 3 5 -5 6 10 -8 9 -3 -2 12 28 14 19 17 21 18 -14 25 -15 -17 23 24 -23 26 -13 -27 -10 -30
right_child=1 8 -4 4 -6 -7 7 -9 11 -11 -12 13 15 20 -16 16 -18 -19 -20 -21 -22 22 -24 -25 -26 27 -28 -29 29 -31
leaf_value=-0.032217514575883864 -0.034705924888735896 -0.027861276922377845 -0.018543609681442377 0.10721708719708573 0.018231037006658322 -0.009325071166315561 0.11170024422248681 0.00068408923114542878 -0.032064360013350265 0.19074132560195345 0.07347141065811931 -0.052863384632536925 -0.011405792908112923 -0.0051450939761159805 0.068144551644952686 -0.0066619818286527497 -0.049371413308411341 0.055332467992091842 0.054932856410080867 0.0076240342212292511 0.044836429638596888 0.012415719641816701 0.067075981155945902 0.019399212330027671 -0.023556009118627014 0.04506120865553373 0.0022715553668160473 -0.010551160441426215 0.010653995152668037 -0.038316244857159676
leaf_weight=22.930651776492596 6.1637862920761126 1.9646846931427711 126.37936392240226 3.6757553257048112 7.1219615340232849 35.156160250306129 5.0368060022592527 3.1639152765274048 21.976806327700615 1.6032162792980669 1.9033201001584528 6.219553066417574 13.719729334115984 752.53435239568353 4.3575720265507689 49.732423387467861 6.1187286227941504 18.30231599509716 6.6230333596467963 411.53086293116212 6.9739261716604224 36.758365646004677 8.474928066134451 102.5117594897747 23.828701049089432 6.2087431624531737 725.11318329907954 183.12676703743637 39.748392477631569 10.340540438890455
leaf_count=887 65 48 1057 23 48 266 33 22 113 20 21 58 62 5478 28 230 27 81 30 2264 34 186 36 440 107 63 4303 2290 178 44
internal_value=-9.1265e-05 0.000189227 -0.00878427 0.0110381 0.0485236 0.00316706 0.0301636 0.0688692 0.000883473 0.0703666 -0.00918301 0.000781629 0.00698366 -0.000218878 0.00231969 0.0114212 0.00799726 0.0315706 0.0101922 0.00210438 -0.00468616 0.00958341 0.0142923 0.0115496 -0.00173185 -0.000362865 0.00180267 -0.0087275 -0.0093998 0.000544402
internal_weight=2649.3 2626.37 188.601 62.2217 10.7977 51.424 16.2678 8.20072 2437.77 3.5679 8.06711 2434.2 338.136 2096.06 1336.56 266.07 227.425 38.6451 20.3428 1332.2 759.508 221.306 171.574 163.099 60.5871 920.668 731.333 189.336 72.0657 50.0889
internal_count=18542 17655 1535 478 71 407 141 55 16120 68 86 16052 1534 14518 9006 1199 1026 173 92 8978 5512 999 769 733 293 6714 4361 2353 335 222
is_linear=0
shrinkage=0.05


Tree=61
num_leaves=31
num_cat=0
split_feature=13 10 20 19 27 24 0 15 14 12 24 27 21 34 19 22 33 21 31 12 0 19 26 13 3 8 28 15 12 20
split_gain=9.03353 7.56979 9.50121 7.0222 6.29634 7.01521 13.5348 6.683 6.3503 6.28851 9.2717 5.9838 11.7894 14.5925 5.56033 5.45277 5.76748 5.66468 5.45924 6.97615 4.89215 5.23903 5.51621 6.95436 7.93796 7.63447 5.82648 8.07795 9.77504 5.40381
threshold=-1.4049999999999994 0.23859999999999998 -3.1749999999999994 0.020000000000000014 0.24500000000000013 -0.063333333333333894 4.5000000000000009 0.029999999999999995 0.057500000000000086 0.27315000000000006 0.07833333333333449 -1.0000000180025095e-35 0.035000000000000003 5.7950000000000008 -1.0000000180025095e-35 -1.3100000000000001 0.12500000000000003 1.0000000180025095e-35 4.5000000000000009 0.30670000000000003 7.5000000000000009 0.025000000000000012 0.039999999999999598 1.0516666666666665 44.500000000000007 0.29835000000000006 3.5000000000000004 0.0033333333333333344 0.30310000000000009 0.29000000000000031
decision_type=2 2 2 2 2 2 2 2 2 2 2 2 2 2 2 2 2 2 2 2 2 2 2 2 2 2 2 2 2 2
left_child=1 9 -3 -4 5 6 7 8 -2 10 11 12 13 -1 -10 -8 17 -17 20 -20 -18 22 -22 25 -25 26 -24 -28 -29 -27
right_child=4 2 3 -5 -6 -7 15 -9 14 -11 -12 -13 -14 -15 -16 16 18 -19 19 -21 21 -23 23 24 -26 29 27 28 -30 -31
leaf_value=-0.020267763174689875 -0.0011110859613218619 0.10305060950192479 0.018213282162188656 -0.05472599097418375 0.070979380432781333 0.0011024630468395124 -0.04780261502869932 0.078724804991591513 -0.0055625579798025161 -0.030399728799956501 0.15820229636733191 -0.025851868705803211 -0.055819166577791339 0.19392108152750223 0.07616546900286307 -0.022453895527075222 -0.056701916512935928 0.079025029219064485 0.091305425865772796 -0.011093382124121823 -0.043582813946114927 -0.050055618464883593 0.054373066129109741 -0.0069212192471129145 0.07427106355188498 -0.0078750052596366065 -0.055737769275248185 0.1408811588031636 -0.02907827948636901 -0.047842653151747766
leaf_weight=1.4331333227455663 46.811170611530542 2.5191771294921663 12.531063331291081 4.4793796669691792 3.1624233946204177 2371.2211221158504 14.374858815222977 3.3713244944810858 3.3565836064517498 57.745385982096195 0.92428502254187961 10.832629710435867 2.0071612205356359 1.7864340506494043 5.4768383614718896 2.4510726928710929 8.7309588529169542 3.1329744644463062 2.5089794471859923 4.9345674961805344 11.901172269135712 10.658425401896237 5.8273936286568624 7.1870629563927633 5.1800947040319443 16.994801118969917 4.4784159809350967 1.5193117149174216 1.908953972160816 16.834487296640873
leaf_count=28 356 36 158 72 18 15142 143 18 22 1299 11 321 37 25 34 23 76 21 17 38 76 107 37 38 25 134 57 18 26 129
internal_value=-8.94524e-05 -0.0152901 0.0124271 -0.000993901 0.000471982 0.000384502 -0.0091992 0.0103679 0.00622636 -0.0225337 0.00421129 -0.00465155 0.0392871 0.0985787 0.0451099 -0.018934 -0.0149532 0.0344817 -0.0177511 0.023422 -0.0211108 -0.0173437 -0.0124899 -0.00631537 0.0270869 -0.0150004 0.0164386 -0.0115198 0.046243 -0.0277641
internal_weight=2646.28 94.2586 19.5296 17.0104 2552.02 2548.86 177.639 59.0159 55.6446 74.729 16.9836 16.0594 5.22673 3.21957 8.83342 118.624 104.249 5.58405 98.6646 7.44355 91.2211 82.4901 71.8317 59.9305 12.3672 47.5634 13.7341 7.90668 3.42827 33.8293
internal_count=18542 1987 266 230 16555 16537 1395 430 412 1721 422 411 90 53 56 965 822 44 778 55 723 647 540 464 63 401 138 101 44 263
is_linear=0
shrinkage=0.05


Tree=62
num_leaves=31
num_cat=0
split_feature=13 40 35 33 25 35 35 25 11 11 9 24 25 22 9 3 13 7 10 34 21 7 34 14 9 22 8 27 3 24
split_gain=8.53317 6.21291 5.9559 7.32987 8.72263 8.63502 8.10353 10.3846 16.925 7.37413 7.35498 6.9346 10.1044 5.85702 5.53107 5.3472 5.06942 7.26445 6.41142 5.6142 5.91201 5.44324 5.40672 9.2648 8.77094 8.60697 9.34293 8.53939 13.1099 14.0554
threshold=-2.2658333333333327 4.5000000000000009 0.32630000000000009 0.16500000000000004 2.5000000000000004 0.34115000000000001 0.37440000000000007 1.5000000000000002 0.35825000000000007 0.31590000000000001 4.3150000000000004 -0.023333333333332981 2.5000000000000004 -2.9649999999999994 6.0050000000000008 37.500000000000007 1.9058333333333335 7.4250000000000007 0.63285000000000013 4.3550000000000013 -0.019999999999999993 7.7150000000000007 5.1350000000000007 0.045266666666666601 6.745000000000001 1.325 0.43530000000000008 -0.084999999999999951 48.500000000000007 0.06000000000000006
decision_type=2 2 2 2 2 2 2 2 2 2 2 2 2 2 2 2 2 2 2 2 2 2 2 2 2 2 2 2 2 2
left_child=14 13 -3 4 6 -5 -4 15 -9 -7 -11 -12 -13 -2 -1 -8 17 22 19 20 -18 -19 -15 24 -24 26 -26 28 29 -25
right_child=1 2 3 5 -6 9 7 8 -10 10 11 12 -14 16 -16 -17 18 21 -20 -21 -22 -23 23 27 25 -27 -28 -29 -30 -31
leaf_value=-0.037106282578521874 -0.022625522175584702 -0.023379486262466841 -0.028982300543855068 0.1156164343702816 -0.02974658214599506 -0.031896232198560727 -0.043114781128584023 0.17568055509219269 -0.010178972676355341 0.12418070440170788 -0.056423639461063595 -0.012098132067651337 0.10637902789102037 -0.0036002103396540613 0.075965707142119365 0.045445550136992224 -0.00024953835452921956 -0.038333087807084998 0.050790622302173821 0.0020292803360030193 0.059284898614754833 0.0040012088815995469 -0.0017703893786135125 0.064490506102813136 0.023923472408305686 0.026533569346044224 -0.0049129660391399581 0.0055759219171662537 -0.030316929402082859 0.010778369147299438
leaf_weight=20.713290099054579 26.620492564514279 53.430965194478631 6.7811626587063101 2.2947510574013021 27.548540567979217 6.1134666409343508 3.5378702618181688 2.8046210594475269 2.1746589262038469 1.9631020128726948 2.3622563034296062 3.9252188950777009 3.3232408799231052 535.97438605129719 1.1411143876612175 3.2890522330999374 7.2954754531383541 20.821615464985371 9.5710779428482038 76.324722200632095 9.7337284535169584 11.951223805546759 1120.292558113113 23.088438630104065 38.979958351701498 54.771769620478153 100.53670835867524 433.04180300049484 8.7446576021611673 25.778521843254566
leaf_count=872 320 775 81 31 455 89 46 39 31 39 34 37 39 3396 15 37 32 108 42 323 41 59 7604 128 218 249 534 2681 56 131
internal_value=-8.84276e-05 0.000170801 -0.0109648 -0.000932375 -0.0118885 0.024364 0.0145791 0.0395995 0.094508 0.0125249 0.0359888 0.0179745 0.0422207 0.000702552 -0.0312023 -0.000448476 0.00095327 0.000482275 0.0118168 0.00782106 0.0337798 -0.0228951 0.000809518 0.00211877 -6.95742e-05 0.00973755 0.00314373 0.00798187 0.0260663 0.036156
internal_weight=2644.93 2623.08 119.549 66.1179 46.1359 19.982 18.5874 11.8062 4.97928 17.6873 11.5738 9.61072 7.24846 2503.53 21.8544 6.82692 2476.91 2373.98 102.925 93.3539 17.0292 32.7728 2341.21 1805.23 1314.58 194.288 139.517 490.653 57.6116 48.867
internal_count=18542 17655 1733 958 689 269 234 153 70 238 149 110 76 15922 887 83 15602 15164 438 396 73 167 14997 11601 8605 1001 752 2996 315 259
is_linear=0
shrinkage=0.05


Tree=63
num_leaves=31
num_cat=0
split_feature=20 39 40 24 22 35 35 35 35 18 15 22 11 21 22 26 4 34 27 24 0 33 7 21 18 2 3 13 12 10
split_gain=8.11323 8.93229 10.9833 8.0181 6.81741 6.19657 9.06597 8.31294 7.28608 8.65846 8.79137 8.50404 7.2635 9.36677 6.25736 6.06962 6.44104 5.86631 5.74548 5.70844 11.716 11.3289 10.4612 11.9052 9.22427 8.82297 8.40455 7.91368 7.21882 6.69341
threshold=-0.79500000000000004 1.5000000000000002 1.0000000180025095e-35 -0.055000000000000153 4.5550000000000015 0.24254999999999996 0.30130000000000007 0.29620000000000007 0.29280000000000006 3.5000000000000004 -0.0083333333333333436 0.47999999999999982 0.30130000000000007 0.020000000000000014 -2.9649999999999994 -0.07499999999999972 59.500000000000007 6.245000000000001 0.23000000000000001 0.06000000000000006 5.5000000000000009 0.12500000000000003 5.2250000000000005 0.010000000000000004 5.5000000000000009 3.5000000000000004 43.500000000000007 -0.041666666666666512 0.38720000000000004 0.12350000000000001
decision_type=2 2 2 2 2 2 2 2 2 2 2 2 2 2 2 2 2 2 2 2 2 2 2 2 2 2 2 2 2 2
left_child=1 2 15 -3 -5 -4 7 8 9 11 12 -7 -11 -14 -8 17 -17 -1 19 -2 22 -22 27 25 28 -24 -27 -21 -23 -30
right_child=18 3 5 4 -6 6 14 -9 -10 10 -12 -13 13 -15 -16 16 -18 -19 -20 20 21 24 23 -25 -26 26 -28 -29 29 -31
leaf_value=0.073312937036040068 0.00034521457844606459 -0.036962070880702462 -0.01147363381972737 -0.0099374006823178245 0.092354375306131678 -0.021462097636943598 -0.054912750833156471 0.092149248269932649 -0.042984409286939203 -0.042075583309909709 0.11251525419264248 0.067701772499324395 0.13310853099792738 0.0058377468373683522 0.0056163558202898473 -0.026415593541046417 0.062863818291921836 -0.024156294502893926 0.056982299976823303 0.0064397924890268014 -0.042992689178779034 0.016687146713751041 -0.054306810487800374 0.020190569843362576 -0.025922688249755983 -0.0357041879978501 0.027033363616634377 0.089270147046704551 0.11172893617206225 0.036603641815820133
leaf_weight=3.380226105451583 1871.9799958113581 29.416094671934843 45.419491071254015 220.17437314614654 1.6409781575202931 9.7750915754586511 4.3896732684224835 4.9252309724688521 3.7643083464354268 2.5379368737339991 4.9634733013808683 3.68122924119234 2.4816264249384403 3.4631511811167002 156.2895796969533 55.689158333465457 2.0962375886738291 2.8413523379713297 4.6297598853707305 9.1919023655354959 7.3132350221276274 84.340178366750479 20.260642755776644 15.93310961127281 9.7120496593415719 12.28265116363764 9.4418516159057599 4.2017934843897811 3.2553287371993056 33.236698441207409
leaf_count=27 11517 468 318 3057 13 73 88 36 26 23 33 19 20 29 1061 561 24 26 25 64 40 439 107 78 61 61 44 21 18 165
internal_value=-8.72297e-05 -0.00544861 0.000291794 -0.0124335 -0.00918065 0.00516903 0.00902034 0.0318528 0.0221689 0.0312854 0.0596618 0.00293035 0.0287358 0.0589665 0.00396273 -0.0181247 -0.0231769 0.0287994 0.00134433 0.00122055 0.00905446 0.0175654 -0.00739849 -0.0166077 0.0209579 -0.0305724 -0.00843734 0.0324249 0.024726 0.0433053
internal_weight=2642.71 556.929 305.698 251.231 221.815 241.691 196.271 35.592 30.6668 26.9025 13.4462 13.4563 8.48271 5.94478 160.679 64.007 57.7854 6.22158 2085.78 2081.15 209.169 137.857 71.312 57.9183 130.544 41.9851 21.7245 13.3937 120.832 36.492
internal_count=18542 5902 2364 3538 3070 1726 1408 259 223 197 105 92 72 49 1149 638 585 53 12640 12615 1098 723 375 290 683 212 105 85 622 183
is_linear=0
shrinkage=0.05


Tree=64
num_leaves=31
num_cat=0
split_feature=7 40 35 36 33 25 35 25 0 11 20 12 12 34 11 3 0 3 15 22 13 7 10 9 22 35 34 11 20 14
split_gain=7.73966 5.92192 5.98452 6.99366 7.13583 8.40098 8.15251 11.0625 11.4495 9.77032 6.75005 8.35406 11.4337 6.98001 6.54087 5.53791 5.45778 5.45538 5.03118 4.72828 4.52646 6.62963 5.8603 5.42623 6.02906 8.23286 5.06219 5.39784 5.09332 5.01269
threshold=2.5550000000000002 4.5000000000000009 0.32630000000000009 6.6250000000000009 0.16500000000000004 2.5000000000000004 0.37440000000000007 1.5000000000000002 16.500000000000004 0.34960000000000008 0.19999999999999998 0.29895000000000005 0.37390000000000007 6.2350000000000012 0.36890000000000001 31.500000000000004 22.500000000000004 37.500000000000007 -0.013333333333333327 -2.9649999999999994 1.9058333333333335 7.4250000000000007 0.63285000000000013 6.7350000000000012 0.67000000000000026 0.34395000000000003 4.3550000000000013 0.38575000000000004 2.6549999999999998 -0.18039999999999998
decision_type=2 2 2 2 2 2 2 2 2 2 2 2 2 2 2 2 2 2 2 2 2 2 2 2 2 2 2 2 2 2
left_child=15 19 16 -4 5 6 -5 17 9 -9 13 -12 14 18 -13 -1 -3 -8 -6 -2 21 -21 26 -23 -25 -26 27 28 -22 -28
right_child=1 2 3 4 10 -7 7 8 -10 -11 11 12 -14 -15 -16 -17 -18 -19 -20 20 22 23 -24 24 25 -27 29 -29 -30 -31
leaf_value=-0.033399120370567331 -0.020782031382330902 -0.027320099392122255 -0.0571276488264209 -0.026495278120396332 0.052984696194063499 -0.026386682203557357 -0.042236735103807536 0.12573955886440086 0.20640992513451764 -0.056164658664378232 -0.0075877862624800915 0.0786963497151284 0.0074688214328726982 0.096176092851168682 0.19816923542307008 0.05828362831642793 0.043796837293015742 0.049637213192380673 -0.054531951766440372 0.00078800366314697365 -0.013689376716145479 -0.059316306116927064 0.048682307708071353 -0.047087675827491467 -0.033788684000484522 0.036067172995809263 0.051950904392764868 0.076916739771516918 0.051271985810147427 -0.0013951217080382002
leaf_weight=24.314329406246546 25.351016692817211 49.250433811917901 5.0744870211929074 6.2925500981509712 1.4134249258786447 24.482251636683941 3.3342314697802049 1.6437502857297661 1.7070920243859289 1.3399173375219104 3.6973026469349843 2.5070180930197239 2.9652770794928074 1.3398480452597139 2.109625730663538 1.7667460851371277 2.8541432283818713 3.1349899359047413 4.7269402444362658 2336.0549953952432 6.9738588184118289 7.4797411784529677 9.4630402028560621 7.8484859019517925 7.4410708248615292 9.7369436994194967 4.6919426321983329 4.8051527738571158 5.3185789734125137 71.653383046388626
leaf_count=966 307 725 73 76 29 420 43 22 20 20 34 25 29 29 17 29 38 34 81 14920 30 42 42 44 35 46 20 20 23 303
internal_value=-8.57544e-05 0.00018459 -0.010767 -0.000739206 0.00397529 -0.00749149 0.0190145 0.0446752 0.103137 0.0440493 0.0296081 0.0540329 0.084082 -0.00722146 0.133291 -0.0271885 -0.0234245 0.00228545 -0.0297831 0.000701608 0.000921976 0.000475961 0.0111878 -0.0219489 -0.0107808 0.00580743 0.0073907 0.0319825 0.0144175 0.00188336
internal_weight=2640.77 2614.69 117.873 65.7687 60.6942 41.9348 17.4525 11.16 4.69076 2.98367 18.7594 11.2792 7.58192 7.48021 4.61664 26.0811 52.1046 6.46922 6.14037 2496.82 2471.47 2368.56 102.906 32.5062 25.0265 17.178 93.4429 17.0976 12.2924 76.3453
internal_count=18542 17547 1715 952 879 635 215 139 62 42 244 105 71 139 42 995 763 77 110 15832 15525 15087 438 167 125 81 396 73 53 323
is_linear=0
shrinkage=0.05


Tree=65
num_leaves=31
num_cat=0
split_feature=13 28 35 40 13 26 40 20 24 3 0 13 34 8 5 8 15 9 9 17 36 15 14 20 20 20 12 24 10 9
split_gain=7.31379 5.53973 8.33601 7.14214 7.91431 7.26075 7.16714 7.83419 6.61533 6.94988 8.33485 6.86557 6.75779 11.3663 6.72895 6.14979 15.8435 6.879 8.61232 8.24026 7.71906 9.0279 9.32308 11.1813 8.52361 11.6947 8.48257 8.29034 9.92499 12.4562
threshold=-2.2658333333333327 1.5000000000000002 0.66025000000000011 1.0000000180025095e-35 -1.2349999999999999 -0.10999999999999986 2.5000000000000004 -1.8399999999999994 0.061666666666666987 33.500000000000007 11.500000000000002 0.26166666666666721 5.7350000000000012 0.48730000000000001 1.0000000180025095e-35 0.11299999999999996 -1.0000000180025095e-35 4.6750000000000007 4.705000000000001 4.5000000000000009 6.7550000000000008 0.0016666666666666846 -0.0016916666666666744 2.8150000000000004 2.6549999999999998 2.1050000000000009 0.32525000000000004 0.036666666666666632 0.26200000000000007 4.995000000000001
decision_type=2 2 2 2 2 2 2 2 2 2 2 2 2 2 2 2 2 2 2 2 2 2 2 2 2 2 2 2 2 2
left_child=-1 2 -2 4 -3 -6 -5 -8 15 10 -10 -12 13 -11 -13 16 -9 -17 19 -19 24 22 -22 27 25 -20 -27 28 29 -24
right_child=1 3 -4 6 5 -7 7 8 9 12 11 14 -14 -15 -16 17 -18 18 20 -21 21 -23 23 -25 -26 26 -28 -29 -30 -31
leaf_value=-0.029833998466060031 0.0049747869680968398 -0.044279747902039306 0.066267469425885794 0.0027986383259725246 0.024557481718231772 -0.0079590898029592346 -0.025345117877705509 -0.0025482760773794027 0.0011737427089762893 -0.045834264930432335 0.020541297466236494 0.12919363488765334 0.017740035291935772 0.056256078700582648 0.039765560413407425 -0.013548030549451615 0.19261480139543885 0.11275428673731541 0.0048465629453175963 -0.012363440019284291 -0.032783016118684276 3.9639406289977266e-05 -0.029779536111054963 0.10413179312574333 -0.021714253435675235 0.006104321371491867 0.079484823101403479 0.038734664485363439 -0.023457272602513853 0.15166206950982222
leaf_weight=20.499049320816994 350.51357898116112 14.134992334991692 5.6364940106868735 1186.5469927322119 18.264231361448765 285.95037768408656 38.685081312432885 3.868387745693326 12.649790477007629 13.320073664188387 7.4278425760567179 4.4030105695128423 20.788637597113848 3.4280763119459143 4.0276437029242516 151.20779222622514 1.4222348239272822 3.1961345113813868 176.05287959985435 2.2370254099369049 56.701899686828256 158.41069569811225 1.8906542137265199 2.2879874333739272 26.383431881666183 6.7084623537957695 9.5371726155281049 7.8917219638824454 43.171516286209226 1.8929898552596567
leaf_count=887 1601 189 24 6867 99 1804 740 79 92 94 65 22 144 17 23 1758 28 33 1526 24 538 1147 23 14 144 41 53 62 386 18
internal_value=-8.43989e-05 0.000148485 0.00594482 -0.000763946 -0.00770623 -0.00600688 0.000372842 -0.00342646 -0.002247 0.0128329 0.0314445 0.0555904 -0.00130204 -0.024938 0.0864704 -0.00377252 0.0499158 -0.00421116 -0.00136685 0.0612389 -0.00205971 -0.00767882 -0.0184195 -0.00416486 0.00493578 0.00859217 0.0491831 -0.00868255 -0.0166519 0.0609973
internal_weight=2639.14 2618.64 356.15 2262.49 318.35 304.215 1944.14 757.591 718.906 66.0451 28.5083 15.8585 37.5368 16.7481 8.43065 652.861 5.29062 647.57 496.363 5.43316 490.929 272.247 113.837 57.1349 218.682 192.299 16.2456 54.8469 46.9552 3.78364
internal_count=18542 17655 1625 16030 2092 1903 13938 7071 6331 457 202 110 255 111 45 5874 107 5767 4009 57 3952 2188 1041 503 1764 1620 94 489 427 41
is_linear=0
shrinkage=0.05


Tree=66
num_leaves=31
num_cat=0
split_feature=28 10 3 7 33 15 35 14 22 14 34 14 4 15 24 12 7 12 17 11 3 36 35 20 39 8 7 31 20 36
split_gain=6.8949 9.05368 7.71884 6.19576 16.8757 7.07291 5.83049 7.20116 5.54433 6.72072 5.49364 6.36402 11.3174 10.8671 11.735 9.61007 8.92147 8.27568 8.23172 6.37196 9.44509 9.03899 6.57152 7.25597 6.47188 12.1288 10.9208 6.07707 6.56738 6.0367
threshold=5.5000000000000009 0.043050000000000005 49.500000000000007 3.0450000000000004 0.15500000000000003 -0.020000000000000007 0.39405000000000007 0.061341666666666662 -2.0049999999999994 -0.050791666666666672 3.5350000000000006 0.0098000000000000326 45.500000000000007 -0.016666666666666646 0.011666666666666272 0.41945000000000005 6.6150000000000011 0.442 5.5000000000000009 0.37260000000000004 44.500000000000007 6.7250000000000005 0.33895000000000003 0.85500000000000009 4.5000000000000009 0.49815000000000004 5.2750000000000012 4.5000000000000009 0.14000000000000015 6.7550000000000008
decision_type=2 2 2 2 2 2 2 2 2 2 2 2 2 2 2 2 2 2 2 2 2 2 2 2 2 2 2 2 2 2
left_child=8 -2 3 4 -3 -5 -4 -8 9 -1 -7 15 -13 14 -14 27 17 -17 -19 20 22 24 29 -24 -21 26 -26 -12 -29 -15
right_child=1 2 6 5 -6 10 7 -9 -10 -11 11 12 13 19 -16 16 -18 18 -20 21 -22 -23 23 -25 25 -27 -28 28 -30 -31
leaf_value=-0.028246570118143046 -0.034477474793894673 -0.0512757166547834 -0.040894588494539391 -0.032020021762183007 0.26282980259679378 0.069300368952288707 -0.013431898588785197 0.10359451372183032 0.0013335517238463764 -0.0026139324275555285 -0.019865185109530524 0.12320277924658629 0.19370430965866506 -0.04435086610488493 0.0028523300500940198 0.14419009046273704 -0.032970082051530097 -0.01070269029770018 0.1126720103744968 -0.0033763880311114742 0.10458254820477715 -0.019004918853602296 -0.009070205966198128 0.11264592746762614 0.12749832220421767 0.17190607827276666 -0.029874502339879649 -0.0115385644680538 0.085400333224179684 0.025899987316324608
leaf_weight=34.191272430121899 28.580594167113304 0.92596361227333435 22.799062162637711 17.269752467051148 0.79452640935778618 2.9420937523245803 8.2734486255794746 1.562859984114765 2251.7108340319246 101.44430104643106 69.165709018707275 2.1767228022217742 1.5963504370301955 5.8152509517967754 1.6256444826722143 2.2224950604140741 3.561193522065877 3.971580620855093 2.0497982986271381 7.9782650694251043 3.3023185767233363 36.985290186479688 2.1394886132329693 2.862908024340868 1.6479061115533111 1.8586300797760484 3.3301127403974533 4.2451144158840171 2.9692232646048069 6.4495224878191948
leaf_count=399 887 42 350 287 29 25 131 22 13436 1077 872 19 22 58 19 26 34 44 23 73 30 382 29 25 27 14 34 41 19 66
internal_value=-8.37822e-05 -0.00799956 -0.0045679 -0.000669216 0.093779 -0.00154208 -0.0270131 0.00516206 0.000742171 -0.00907546 0.00157432 0.000373645 0.0108001 0.00756342 0.0974107 -0.00882124 0.0331635 0.0617319 0.0312965 0.0035633 0.0271074 -0.0057859 0.0122904 0.0605888 0.0272153 0.0629153 0.0222217 -0.0153103 0.0283588 -0.00740893
internal_weight=2636.45 249.102 220.521 187.886 1.72049 186.165 32.6354 9.83631 2387.35 135.636 168.896 165.954 77.7684 75.5917 3.22199 88.1851 11.8051 8.24387 6.02138 72.3697 20.5695 51.8002 17.2672 5.0024 14.8149 6.83665 4.97802 76.38 7.21434 12.2648
internal_count=18542 3630 2743 2240 71 2169 503 153 14912 1476 1882 1857 798 779 41 1059 127 93 67 738 208 530 178 54 148 75 61 932 60 124
is_linear=0
shrinkage=0.05


end of trees

feature_importances:
win_dev=200
tenji_dev=114
n_win_diff_in=111
l_win=102
course_in=98
n_win_diff_out=93
st_dev=75
motor_dev=74
m_2ren=72
w1_n_win=68
tenji_diff_out=65
tenji_diff_in=61
w1_m_2ren=60
l_2ren=58
lane=56
n_2ren=52
b_2ren=52
n_win=49
jcd=47
w1_course_diff=47
age=42
tenji=42
w1_lane=40
w1_course_in=39
avg_st_diff_in=33
w1_tenji=32
weight=30
avg_st_diff_out=26
w1_lane_diff=25
w1_avg_st=23
cls_val=22
tenji_rank=20
win_rank=18
avg_st=13
motor_rank=13
w1_cls_val=13
st_rank=10
course_diff=7
f_count=4
w1_maezuke=3
maezuke=1

parameters:
[boosting: gbdt]
[objective: binary]
[metric: binary_logloss]
[tree_learner: serial]
[device_type: cpu]
[data_sample_strategy: bagging]
[data: ]
[valid: ]
[num_iterations: 300]
[learning_rate: 0.05]
[num_leaves: 31]
[num_threads: 0]
[seed: 0]
[deterministic: 0]
[force_col_wise: 0]
[force_row_wise: 0]
[histogram_pool_size: -1]
[max_depth: -1]
[min_data_in_leaf: 20]
[min_sum_hessian_in_leaf: 0.001]
[bagging_fraction: 1]
[pos_bagging_fraction: 1]
[neg_bagging_fraction: 1]
[bagging_freq: 0]
[bagging_seed: 3]
[bagging_by_query: 0]
[feature_fraction: 1]
[feature_fraction_bynode: 1]
[feature_fraction_seed: 2]
[extra_trees: 0]
[extra_seed: 6]
[early_stopping_round: 0]
[early_stopping_min_delta: 0]
[first_metric_only: 0]
[max_delta_step: 0]
[lambda_l1: 0]
[lambda_l2: 0]
[linear_lambda: 0]
[min_gain_to_split: 0]
[drop_rate: 0.1]
[max_drop: 50]
[skip_drop: 0.5]
[xgboost_dart_mode: 0]
[uniform_drop: 0]
[drop_seed: 4]
[top_rate: 0.2]
[other_rate: 0.1]
[min_data_per_group: 100]
[max_cat_threshold: 32]
[cat_l2: 10]
[cat_smooth: 10]
[max_cat_to_onehot: 4]
[top_k: 20]
[monotone_constraints: ]
[monotone_constraints_method: basic]
[monotone_penalty: 0]
[feature_contri: ]
[forcedsplits_filename: ]
[refit_decay_rate: 0.9]
[cegb_tradeoff: 1]
[cegb_penalty_split: 0]
[cegb_penalty_feature_lazy: ]
[cegb_penalty_feature_coupled: ]
[path_smooth: 0]
[interaction_constraints: ]
[verbosity: -1]
[saved_feature_importance_type: 0]
[use_quantized_grad: 0]
[num_grad_quant_bins: 4]
[quant_train_renew_leaf: 0]
[stochastic_rounding: 1]
[linear_tree: 0]
[max_bin: 255]
[max_bin_by_feature: ]
[min_data_in_bin: 3]
[bin_construct_sample_cnt: 200000]
[data_random_seed: 1]
[is_enable_sparse: 1]
[enable_bundle: 1]
[use_missing: 1]
[zero_as_missing: 0]
[feature_pre_filter: 0]
[pre_partition: 0]
[two_round: 0]
[header: 0]
[label_column: ]
[weight_column: ]
[group_column: ]
[ignore_column: ]
[categorical_feature: ]
[forcedbins_filename: ]
[precise_float_parser: 0]
[parser_config_file: ]
[objective_seed: 5]
[num_class: 1]
[is_unbalance: 0]
[scale_pos_weight: 1]
[sigmoid: 1]
[boost_from_average: 1]
[reg_sqrt: 0]
[alpha: 0.9]
[fair_c: 1]
[poisson_max_delta_step: 0.7]
[tweedie_variance_power: 1.5]
[lambdarank_truncation_level: 30]
[lambdarank_norm: 1]
[label_gain: ]
[lambdarank_position_bias_regularization: 0]
[eval_at: ]
[multi_error_top_k: 1]
[auc_mu_weights: ]
[num_machines: 1]
[local_listen_port: 12400]
[time_out: 120]
[machine_list_filename: ]
[machines: ]
[gpu_platform_id: -1]
[gpu_device_id: -1]
[gpu_use_dp: 0]
[num_gpu: 1]

end of parameters

pandas_categorical:[]
