tree
version=v4
num_class=1
num_tree_per_iteration=1
label_index=0
max_feature_idx=48
objective=binary sigmoid:1
feature_names=jcd lane cls_val age weight f_count avg_st n_win n_2ren l_win l_2ren m_2ren b_2ren win_dev motor_dev st_dev win_rank motor_rank st_rank avg_st_diff_in n_win_diff_in avg_st_diff_out n_win_diff_out tenji tenji_dev tenji_rank tenji_diff_in tenji_diff_out course_in maezuke course_diff w1_lane w1_cls_val w1_avg_st w1_n_win w1_m_2ren w1_tenji w1_course_in w1_maezuke w1_lane_diff w1_course_diff w2_lane w2_cls_val w2_avg_st w2_n_win w2_m_2ren w2_tenji w2_course_in w2_lane_diff
feature_infos=[1:24] [1:6] [1:4] [16:77] [41:68] [0:3] [0:0.31] [0:8.4499999999999993] [0:0.68420000000000003] [0:9] [0:1] [0:1] [0:1] [-5.4200000000000008:3.5883333333333343] [-0.50553333333333339:0.70833333333333326] [-0.13333333333333333:0.17833333333333334] [1:6] [1:6] [1:6] [-0.25:0.22] [-7.7400000000000002:6.9500000000000002] [-0.22:0.25] [-7.9900000000000002:7.5099999999999998] [6.4299999999999997:7.5999999999999996] [-0.33166666666666611:0.24666666666666615] [1:6] [-0.51999999999999957:0.44000000000000039] [-0.33999999999999986:0.51999999999999957] [1:6] [0:1] [-5:4] [1:6] [1:4] [0:0.31] [0:8.4399999999999995] [0:1] [6.4800000000000004:7.5199999999999996] [1:6] [0:1] [-5:5] [-5:5] [1:6] [1:4] [0:0.25] [0:8.4399999999999995] [0:1] [6.4500000000000002:7.4800000000000004] [1:6] [-5:5]
tree_sizes=3350 3430 3384 3430 3430 3427 3441 3443 3436 3462 3458 3434 3462 3468 3458 3453 3453 3463 3452 3449 3466 3446 3451 3438 3440 3447 3444 3466 3462 3444 3462 3437 3450 3465 3437 3461 3475 3445 3423 3444 3430 3435 3472 3434 3413 3438 3424 3440 3447 3420 3460 3444 3417 3422 3430 3422 3410 3405 3429 3438 3440 3447 3412 3404 3438 3449 3441

Tree=0
num_leaves=31
num_cat=0
split_feature=13 28 40 13 13 13 13 28 24 39 7 31 40 11 28 14 12 34 24 9 20 47 15 10 13 3 48 45 10 27
split_gain=575.063 163.104 84.9987 62.3373 54.2969 51.9068 41.9474 32.1353 29.1822 27.0687 22.4951 18.2584 18.2374 16.6034 16.1973 15.2615 15.2475 17.0768 15.2024 14.8478 16.7448 17.7907 15.589 14.2464 15.2777 14.3546 14.685 14.1788 14.1397 13.9093
threshold=0.009166666666666325 4.5000000000000009 2.5000000000000004 -0.53083333333333316 1.009166666666667 -1.2358333333333336 1.3883333333333343 4.5000000000000009 -0.040000000000000473 2.5000000000000004 3.5350000000000006 2.5000000000000004 1.0000000180025095e-35 0.45040000000000008 2.5000000000000004 0.18076666666666669 0.10264999999999996 4.1950000000000012 0.0033333333333325226 7.245000000000001 1.7500000000000004 3.5000000000000004 0.030833333333333327 0.32330000000000009 2.4050000000000002 51.500000000000007 2.5000000000000004 0.41390000000000005 0.44295000000000001 -0.1400000000000001
decision_type=2 2 2 2 2 2 2 2 2 2 2 2 2 2 2 2 2 2 2 2 2 2 2 2 2 2 2 2 2 2
left_child=1 3 4 10 8 -3 7 -4 13 -7 -1 14 15 -2 27 -10 -8 -18 -9 20 21 22 28 25 -25 26 -6 -5 -14 -11
right_child=2 5 6 11 23 9 16 18 12 29 -12 -13 19 -15 -16 -17 17 -19 -20 -21 -22 -23 -24 24 -26 -27 -28 -29 -30 -31
leaf_value=-1.1313492956337756 -1.0991626267247514 -1.1505150183684594 -1.0692277874770064 -1.0413910815911567 -1.065435865120572 -1.1003622924714462 -0.94958221357078876 -1.1084168461528654 -1.078242898023823 -1.035815244717943 -1.1062457588707113 -1.1001111247384401 -1.0606275791517938 -1.0231339166080673 -1.0845518943402148 -0.99143059633337827 -1.1202613614496144 -1.0430235785909248 -1.0864388352742109 -1.0021141809738898 -1.0054106146713737 -1.0758239418533251 -0.97240860416856489 -1.0305600747811059 -0.94786409814945083 -1.1505236217118175 -0.96579225906776023 -1.0952863006814975 -1.022466478286495 -1.1302360029273426
leaf_weight=115.09234654903412 80.358114719390869 264.16791450977325 129.54929709434509 48.252419352531433 25.722106814384464 104.39044809341431 3.7550520896911612 178.92823207378387 136.87164866924286 3.9428046941757193 397.28451108932495 123.16570854187012 99.508880376815796 7.8856093883514395 165.22229194641113 5.2570729255676261 8.2611145973205549 53.50949227809906 140.43894815444946 13.70594012737274 15.583466172218321 93.313044428825378 6.5713411569595328 138.18591690063477 5.8203307390213004 4.1305572986602774 4.3183099031448355 16.334476590156555 32.105695366859436 362.73803186416626
leaf_count=613 428 1407 690 257 137 556 20 953 729 21 2116 656 530 42 880 28 44 285 748 73 83 497 35 736 31 22 23 87 171 1932
internal_value=-1.09592 -1.11546 -1.06949 -1.10075 -1.05775 -1.13277 -1.08478 -1.09023 -1.06633 -1.12283 -1.11188 -1.08458 -1.06062 -1.09237 -1.07625 -1.07503 -1.04741 -1.05335 -1.09875 -1.05277 -1.05558 -1.05896 -1.04757 -1.0341 -1.02722 -1.06313 -1.05111 -1.05502 -1.05132 -1.12922
internal_weight=2784.37 1600.59 1183.78 865.352 669.338 735.239 514.442 448.916 491.161 471.071 512.377 352.975 402.917 88.2437 229.809 142.129 65.5257 61.7706 319.367 260.788 247.082 231.499 138.186 178.177 144.006 34.171 30.0404 64.5869 131.615 366.681
internal_count=14830 8525 6305 4609 3565 3916 2740 2391 2616 2509 2729 1880 2146 470 1224 757 349 329 1701 1389 1316 1233 736 949 767 182 160 344 701 1953
is_linear=0
shrinkage=1


Tree=1
num_leaves=31
num_cat=0
split_feature=13 28 13 40 13 13 13 39 28 24 7 37 11 41 7 31 27 39 34 12 34 14 10 3 13 48 46 0 25 27
split_gain=518.133 162.727 65.2987 65.1717 58.0829 36.9254 31.6549 30.411 26.1703 23.6517 20.9934 19.2553 18.0251 16.4751 16.1435 14.9878 14.6704 13.1638 12.9488 12.2378 14.8765 12.0515 11.8578 12.8196 12.0013 11.966 11.672 11.6695 16.2685 11.1613
threshold=0.12500000000000047 4.5000000000000009 -0.53083333333333316 2.5000000000000004 -1.1766666666666659 1.009166666666667 1.3883333333333343 2.5000000000000004 5.5000000000000009 0.0033333333333334107 4.0850000000000009 3.5000000000000004 0.44750000000000006 3.5000000000000004 4.7150000000000007 2.5000000000000004 -0.1400000000000001 1.5000000000000002 7.1550000000000011 0.10264999999999996 4.1950000000000012 -0.020024999999999984 0.32330000000000009 51.500000000000007 2.4050000000000002 2.5000000000000004 6.6250000000000009 15.500000000000002 3.5000000000000004 -0.020000000000000014
decision_type=2 2 2 2 2 2 2 2 2 2 2 2 2 2 2 2 2 2 2 2 2 2 2 2 2 2 2 2 2 2
left_child=1 2 10 5 -3 9 8 -6 13 11 -1 12 -2 21 -10 17 -9 26 -13 -8 -21 -5 23 25 -24 -7 -4 28 -22 -12
right_child=3 4 15 6 7 22 19 16 14 -11 29 18 -14 -15 -16 -17 -18 -19 -20 20 27 -23 24 -25 -26 -27 -28 -29 -30 -31
leaf_value=-0.025934719915600341 0.022536171047341139 -0.05270135278757393 -0.053981540476826684 0.010304154468347865 -0.00095951437093666687 0.028513479732842614 0.12951615378985182 0.06192571019701533 0.093218091474228021 0.042817678083477986 0.0093544111730892079 -0.0096898935350398976 0.076002190999266903 -0.0058419260507675888 -0.011869174657483883 -0.0017171370482110431 -0.031544720093358118 0.0097280590708903481 0.074391237039480487 -0.023420013587478923 0.060769082837702264 0.035695601537699399 0.06009418554097961 -0.053377373206769677 0.13093453375729863 0.11602753290736839 0.035298188196275553 0.076552061344453678 -0.010740782108983075 -0.01261490642609601
leaf_weight=242.48995447158813 141.04338763654232 270.07779367268085 3.8007741421461096 82.265904054045677 111.81961672008038 26.111743777990345 4.0229046344757071 4.2440015673637381 3.752192109823226 194.72698628902435 84.986577257514 61.927149683237076 17.747445344924927 57.345373630523682 140.48354849219322 151.53400030732155 386.65266732871532 185.16047197580338 4.9446489363908759 8.1604642868041974 18.303825780749321 108.18543761968613 142.65108108520508 4.0172978341579428 6.2402361035346976 4.5930649936199179 99.429855555295944 22.542606487870216 14.065045073628424 180.80660831928253
leaf_count=1306 742 1478 20 436 596 137 20 22 20 1019 455 327 92 304 749 807 2092 979 26 44 95 573 736 22 31 23 521 117 73 968
internal_value=-1.61109e-05 -0.0169692 -0.00308919 0.0274276 -0.0339997 0.0382209 0.0132286 -0.0239525 0.00779723 0.0300506 -0.0152961 0.0190337 0.0285119 0.0176533 -0.0091354 0.0110145 -0.0305299 0.0177043 -0.00347275 0.0449637 0.0395707 0.0247277 0.0569271 0.0306152 0.0630632 0.0416045 0.0320111 0.0489318 0.0296963 -0.00559028
internal_weight=2784.13 1721 948.208 1063.13 772.794 604.003 459.127 502.716 392.032 420.39 508.283 225.663 158.791 247.797 144.236 439.925 390.897 288.391 66.8718 67.0948 63.0719 190.451 183.613 34.7221 148.891 30.7048 103.231 54.9115 32.3689 265.793
internal_count=14830 9244 5056 5586 4188 3155 2431 2710 2082 2206 2729 1187 834 1313 769 2327 2114 1520 353 349 329 1009 949 182 767 160 541 285 168 1423
is_linear=0
shrinkage=0.05


Tree=2
num_leaves=31
num_cat=0
split_feature=13 13 40 28 40 13 31 13 28 13 28 10 9 7 24 39 23 27 14 11 35 9 35 44 10 4 11 43 35 20
split_gain=469.021 139.831 78.9319 74.3675 46.9804 44.5928 23.4778 20.9943 16.6731 15.7055 14.9182 16.1955 14.487 14.5457 16.485 14.171 16.3057 14.621 13.8846 12.7098 12.4793 12.4056 15.8602 12.8999 12.469 13.2394 14.8743 13.1599 12.5846 13.226
threshold=-0.53083333333333316 0.43583333333333313 3.5000000000000004 4.5000000000000009 2.5000000000000004 -1.5766666666666662 2.5000000000000004 1.3883333333333343 5.5000000000000009 1.865 4.5000000000000009 0.17705000000000001 7.1750000000000007 6.0650000000000004 -0.028333333333332874 1.0000000180025095e-35 6.9350000000000014 -0.020000000000000014 0.016308333333333317 0.22745000000000001 0.4093 4.6150000000000011 0.24054999999999996 6.5650000000000004 0.35740000000000005 53.500000000000007 0.35735 0.15500000000000003 0.36525000000000002 0.2850000000000002
decision_type=2 2 2 2 2 2 2 2 2 2 2 2 2 2 2 2 2 2 2 2 2 2 2 2 2 2 2 2 2 2
left_child=2 3 5 6 9 -1 12 10 -5 15 11 -6 13 14 -2 17 -17 -3 -13 -11 -14 -16 23 -23 27 26 -26 28 29 -24
right_child=1 4 -4 8 7 -7 -8 -9 -10 19 -12 18 20 -15 21 16 -18 -19 -20 -21 -22 22 24 -25 25 -27 -28 -29 -30 -31
leaf_value=-0.041578608060266774 0.0054394178281460918 0.04551570924112644 -0.048434440756128377 -0.0038576232590960477 -0.045113509145347105 -0.01091203008036622 0.00028459814565519277 0.04179938664703868 -0.024174109679669337 -0.0012097403310334586 0.0028523073325640736 0.018966029874765242 0.042072757021973134 -0.0012241440934416237 0.016550782597721095 0.051352066105647659 0.015369898508793486 0.012209605017517723 0.06481949045447892 0.090725865873685071 0.14114635129958175 0.05694766067153393 0.067702186888630972 0.14376804578540697 0.0071338379312603688 -0.016010967708774637 0.0805876442534086 0.024421480853222755 0.10535601020175725 -0.041141083792594041
leaf_weight=154.70961572229862 94.802246809005737 57.663795232772827 316.66525715589523 212.01156823337078 6.7128641605377188 507.07991379499435 213.53510975837708 68.48940022289753 192.83787812292576 4.4069038331508663 181.796531021595 44.011814013123512 14.546798065304758 75.370598271489143 99.372401416301727 228.90766391158104 36.506443366408348 76.886543646454811 26.419682502746582 25.583909407258034 4.0670851916074744 24.079893335700039 10.357307314872743 5.2028397470712653 18.073450312018398 22.305364415049553 11.140205129981039 31.529137402772903 13.872811645269392 3.8205892443656913
leaf_count=857 496 296 1764 1143 35 2742 1131 349 1045 22 968 230 75 392 518 1167 187 398 137 127 21 125 54 27 94 116 58 164 72 20
internal_value=-2.96949e-05 0.0150865 -0.0279046 0.00324747 0.0314515 -0.0180811 0.0138292 0.0171815 -0.0135348 0.0423187 0.0106702 0.0290935 0.0205783 0.0186193 0.0230898 0.0397019 0.0464029 0.0264835 0.0361662 0.0772167 0.0637201 0.030069 0.0396381 0.0723736 0.0310099 0.0129965 0.0351444 0.0465862 0.0714996 0.0383716
internal_weight=2782.77 1804.31 978.455 1046.93 757.386 661.79 642.076 327.43 404.849 429.955 258.941 77.1444 428.541 409.927 334.556 399.964 265.414 134.55 70.4315 29.9908 18.6139 239.754 140.382 29.2827 111.099 51.519 29.2137 59.5798 28.0507 14.1779
internal_count=14830 9467 5363 5551 3916 3599 3363 1719 2188 2197 1370 402 2232 2136 1744 2048 1354 694 367 149 96 1248 730 152 578 268 152 310 146 74
is_linear=0
shrinkage=0.05


Tree=3
num_leaves=31
num_cat=0
split_feature=13 40 13 28 13 13 40 37 25 13 9 27 21 13 44 26 7 37 19 19 1 12 47 48 11 46 21 31 13 20
split_gain=427.295 104.087 87.0979 63.5507 42.2273 33.6968 30.7336 25.5486 24.0538 17.0514 16.8294 16.4908 16.1923 15.8688 15.6931 14.2672 16.6733 13.654 14.473 13.1972 12.9491 12.7947 12.7844 12.773 12.6067 15.4424 13.6475 12.5046 12.9242 11.9526
threshold=-0.25500000000000028 2.5000000000000004 0.63916666666666722 4.5000000000000009 -1.6583333333333328 -1.2183333333333324 3.5000000000000004 2.5000000000000004 4.5000000000000009 1.009166666666667 5.1350000000000007 -0.12499999999999999 -0.055 0.33500000000000046 6.4250000000000007 -0.029999999999999801 4.1650000000000009 1.5000000000000002 -0.014999999999999998 1.0000000180025095e-35 4.5000000000000009 0.25095000000000006 2.5000000000000004 -2.4999999999999996 0.28380000000000005 6.8150000000000004 0.055000000000000014 1.5000000000000002 1.6308333333333336 -1.2899999999999996
decision_type=2 2 2 2 2 2 2 2 2 2 2 2 2 2 2 2 2 2 2 2 2 2 2 2 2 2 2 2 2 2
left_child=1 4 3 8 -1 -3 10 12 13 -8 21 -7 -6 29 24 16 -5 18 -10 -11 -13 -4 27 -24 -14 -26 -27 -12 -29 -2
right_child=2 5 6 15 7 11 9 -9 17 19 22 20 14 -15 -16 -17 -18 -19 -20 -21 -22 -23 23 -25 25 26 -28 28 -30 -31
leaf_value=-0.03887132713109389 0.050275157503424199 -0.051434296382645385 0.057610081238885502 0.10517224192268636 0.098554611737874026 0.037558303419692164 -0.007872414295587658 -0.013437412274838587 0.046581555588070436 0.037032786452521997 0.076597645668401715 -0.013764564063764495 -0.020578607213799102 0.039763320880280291 0.023441620280967992 -0.015657314502816624 0.0022243192230798768 -0.011704108327174036 0.0043847862091604753 -0.013738205115487085 -0.034991793052425134 0.011297594726213819 0.057433608638890521 0.028128636010758823 -0.0084630623416368511 0.019521622777388323 0.11024126833176935 0.037792115495947701 0.0825734760379227 0.015053429556034474
leaf_weight=94.181793630123138 26.632122114300728 236.76077349483967 18.596728205680847 4.0799813270568839 4.8460513055324546 9.578737795352934 59.421634316444397 277.59030798077583 27.517007559537888 66.54280386865139 46.68313355743885 100.54379439353943 61.026435658335686 126.67087370157242 90.424616798758507 235.86223089694977 109.18736325204372 82.992517456412315 77.702825203537941 15.847686961293219 251.69555641710758 75.294129967689514 50.164351865649223 143.69648791849613 69.740506932139397 50.433217421174049 4.516923561692237 90.87057338654995 19.584520787000656 252.0319065451622
leaf_count=533 137 1358 94 22 26 51 316 1502 142 342 234 540 328 645 483 1273 587 437 403 83 1409 384 251 723 374 269 24 457 95 1308
internal_value=-4.15393e-05 -0.0217099 0.0176875 0.00827418 -0.00790081 -0.0367689 0.0328123 -0.00267888 0.0182309 0.012543 0.0392733 -0.0271724 0.00794957 0.0250897 0.00635953 -0.00865295 0.00593259 0.00345961 0.0154201 0.0272671 -0.0289327 0.0204706 0.0443029 0.0357117 -0.00195764 0.00715588 0.0269788 0.0549018 0.0457322 0.0184196
internal_weight=2780.72 1251.34 1529.38 942.677 652.76 598.579 586.702 558.578 593.547 141.812 444.89 361.818 280.988 405.335 276.142 349.13 113.267 188.212 105.22 82.3905 352.239 93.8909 350.999 193.861 185.717 124.691 54.9501 157.138 110.455 278.664
internal_count=14830 6897 7933 4954 3539 3358 2979 3006 3072 741 2238 2000 1504 2090 1478 1882 609 982 545 425 1949 478 1760 974 995 667 293 786 552 1445
is_linear=0
shrinkage=0.05


Tree=4
num_leaves=31
num_cat=0
split_feature=13 13 40 28 13 40 15 1 31 22 9 25 4 13 24 13 8 19 34 35 10 26 24 34 46 7 8 9 24 5
split_gain=391.845 108.196 71.7624 61.0434 39.1172 36.7554 19.1709 17.4454 19.5309 15.6125 13.9455 13.9365 13.3678 13.835 17.9697 12.6078 16.8702 14.3402 13.1914 12.5153 12.702 12.1966 12.1384 13.7538 14.8092 11.5549 11.5454 13.7757 13.3606 12.32
threshold=-0.53083333333333316 0.43583333333333313 3.5000000000000004 5.5000000000000009 -1.6583333333333328 2.5000000000000004 0.018333333333333358 4.5000000000000009 2.5000000000000004 0.55000000000000016 7.1750000000000007 4.5000000000000009 44.500000000000007 1.009166666666667 -0.040000000000000473 0.34666666666666718 0.45585000000000003 -0.025000000000000005 4.9450000000000012 0.44485000000000002 0.32024999999999998 -0.069999999999999826 -0.0033333333333334099 6.8250000000000011 6.7950000000000008 2.8500000000000001 0.46185000000000004 6.2650000000000006 0.035000000000000593 1.5000000000000002
decision_type=2 2 2 2 2 2 2 2 2 2 2 2 2 2 2 2 2 2 2 2 2 2 2 2 2 2 2 2 2 2
left_child=2 3 4 7 -1 12 9 8 10 -7 11 15 -3 14 -14 16 17 18 -2 26 -21 -20 -11 -24 -25 -4 29 -28 -29 -16
right_child=1 5 25 -5 -6 6 -8 -9 -10 22 -12 -13 13 -15 19 -17 -18 -19 21 20 -22 -23 23 24 -26 -27 27 28 -30 -31
leaf_value=-0.040908064322787319 0.06991970729274756 0.11779934052307239 -0.060493066518031303 -0.022711910699287366 -0.010504449294674638 -0.0036018934995761011 0.036070916043722569 -0.003791305272911002 0.0004290965552756221 0.0040885573916362812 0.06156048026692125 0.0035679260166895169 -0.0025823950469935908 0.046076327318067649 0.040228725977960976 0.058628115999859079 -0.01925437325859497 0.029072051690115071 0.061012311402154622 0.014231982025485861 0.094578527703002735 -0.034930365827434716 0.027037500666592818 0.022598124516149488 0.15464053335575148 -0.039515019241326083 -0.027691778292250748 0.0089268578404311915 0.083451312204817885 -0.039542675906324806
leaf_weight=133.00188903510571 4.7013276517391231 5.0638470500707617 96.646987482905388 188.98316387832165 517.13686960935593 132.31806938350201 81.884193331003189 211.58112825453281 215.05663043260574 54.771892219781876 18.315368667244911 132.03895364701748 39.70452193915844 194.07582232356071 130.58140298724174 23.116637229919434 24.653182923793793 203.42176125943661 3.8781199008226457 7.1976502239704159 15.538000479340552 22.711799755692478 55.450755536556244 3.8684732764959318 4.7074298709630966 204.60750092566013 16.844143316149712 22.959505751729015 8.1485279053449613 5.0264250487089148
leaf_count=772 24 25 575 1045 2827 692 419 1148 1137 282 91 686 204 941 651 116 127 1040 20 36 77 117 282 20 24 1189 84 114 40 25
internal_value=-5.21291e-05 0.0135004 -0.0260719 0.00301685 -0.0167243 0.0276258 0.0150619 0.00867414 0.012745 0.00821121 0.0188641 0.0169776 0.0370247 0.0360952 0.0282209 0.0232456 0.0200921 0.0242248 -0.00728648 0.0341494 0.0691424 -0.0209372 0.0213687 0.036151 0.095078 -0.0462451 0.0298152 0.00872781 0.028448 0.0372719
internal_weight=2777.99 1826.6 951.393 1048.46 650.139 778.141 333.001 859.475 647.894 251.117 432.837 414.522 445.14 440.076 246 282.483 259.366 234.713 31.2912 206.296 22.7357 26.5899 118.799 64.0267 8.5759 301.254 183.56 47.9522 31.108 135.608
internal_count=14830 9467 5363 5551 3599 3916 1719 4506 3358 1300 2221 2130 2197 2172 1231 1444 1328 1201 161 1027 113 137 608 326 44 1764 914 238 154 676
is_linear=0
shrinkage=0.05


Tree=5
num_leaves=31
num_cat=0
split_feature=13 13 40 28 13 40 15 1 31 22 21 9 24 9 20 7 4 13 24 35 15 44 39 4 11 12 3 12 24 34
split_gain=356.457 95.7193 68.3035 55.4361 36.793 32.0784 16.8265 15.6047 17.3522 13.9077 12.1657 12.0568 12.612 12.7803 11.4939 11.4125 11.3938 11.9883 16.6608 10.884 11.9511 10.7553 13.7068 11.5573 10.6649 15.6385 13.6372 11.0599 10.636 11.5252
threshold=-0.53083333333333316 0.43583333333333313 3.5000000000000004 5.5000000000000009 -1.5766666666666662 2.5000000000000004 0.018333333333333358 4.5000000000000009 2.5000000000000004 0.55000000000000016 -0.074999999999999983 7.1750000000000007 -0.039999999999999584 6.3650000000000011 3.1550000000000007 2.8500000000000001 44.500000000000007 1.009166666666667 -0.040000000000000473 0.4093 0.0033333333333333136 5.4850000000000012 2.5000000000000004 44.500000000000007 0.36160000000000009 0.41705000000000009 57.500000000000007 0.43445 -0.0033333333333334099 6.8250000000000011
decision_type=2 2 2 2 2 2 2 2 2 2 2 2 2 2 2 2 2 2 2 2 2 2 2 2 2 2 2 2 2 2
left_child=2 3 4 7 -1 10 9 8 11 -7 -3 12 -2 -14 -9 -4 -12 18 -18 20 -13 -6 23 -23 27 26 -26 -10 -11 -30
right_child=1 5 15 -5 21 6 -8 14 24 28 16 19 13 -15 -16 -17 17 -19 -20 -21 -22 22 -24 -25 25 -27 -28 -29 29 -31
leaf_value=-0.038221007822693567 -0.0021384785525559937 0.11045295060429328 -0.059583620215486868 -0.021844130111385095 -0.019681463985505784 -0.0034279215762318496 0.033692235402203272 -0.0052531310302473162 -0.012569729214039309 0.0038764808246310174 0.10650327394219872 -0.0086110276512511106 0.023873905335543118 -0.0051466039316152489 0.07915039975746474 -0.038408455613056142 -0.004338293098667431 0.042122581900474999 0.031181082930315625 0.12719970570089634 0.082045600343627845 0.070528228489294589 -0.02372626749431125 -0.00049627568760398798 0.031071537539262412 -0.037428744970058873 -0.066905182526435777 0.033715585568026375 0.025363743878185092 0.086482785052007335
leaf_weight=144.89060872793198 77.984713524580002 5.2266706377267829 93.300975024700165 186.72484175860882 172.99291406571865 132.08777794241905 83.24545294046402 207.0570505708456 125.05630894005299 54.877185627818108 5.3138915896415702 7.3330027908086794 296.24986396729946 43.50956566631794 4.1136706322431555 200.09328997135162 39.261416167020798 194.78059515357018 207.49220839142799 4.2610463500022879 7.2095653414726257 5.8621225208044043 70.814617693424225 249.72968496382236 60.105839878320694 11.773703023791311 3.7745942473411551 14.391660705208777 56.136159852147102 8.9418451040983182
leaf_count=857 406 25 575 1045 954 692 419 1126 662 282 25 36 1502 222 22 1189 202 927 1018 20 35 32 394 1362 317 62 20 76 282 44
internal_value=-6.10881e-05 0.0127433 -0.0251447 0.00285747 -0.0160382 0.025921 0.0142021 0.00820319 0.012031 0.00776488 0.0346124 0.0177582 0.0159953 0.0201575 -0.00360892 -0.0451423 0.0337254 0.0328495 0.0255295 0.0569238 0.0363325 -0.00960236 -0.00426051 0.00113271 0.000407552 0.0155228 0.0252822 -0.00779288 0.0200897 0.0337616
internal_weight=2774.59 1836.91 937.684 1049.55 644.29 787.363 335.288 862.821 651.65 252.043 452.075 436.548 417.744 339.759 211.171 293.394 446.848 441.534 246.754 18.8036 14.5426 499.399 326.406 255.592 215.102 75.6541 63.8804 139.448 119.955 65.078
internal_count=14830 9467 5363 5551 3599 3916 1719 4506 3358 1300 2197 2221 2130 1724 1148 1764 2172 2147 1220 91 71 2742 1788 1394 1137 399 337 738 608 326
is_linear=0
shrinkage=0.05


Tree=6
num_leaves=31
num_cat=0
split_feature=13 13 28 28 22 8 23 40 13 40 25 24 9 1 10 13 41 3 28 21 19 12 12 46 31 13 12 33 40 12
split_gain=324.374 84.868 65.06 50.341 28.6425 22.2623 17.1164 16.6187 15.9899 15.3001 14.4317 13.4478 13.3794 12.6808 12.1155 12.1275 11.8185 13.956 11.8027 11.4627 11.3711 11.2559 12.6589 13.5819 11.0881 11.203 11.2254 10.7719 10.5427 10.5009
threshold=-0.53083333333333316 0.43583333333333313 5.5000000000000009 5.5000000000000009 0.53499999999999981 0.16889999999999991 6.8050000000000006 3.5000000000000004 -2.1758333333333328 3.5000000000000004 4.5000000000000009 0.02666666666666773 5.8150000000000004 4.5000000000000009 0.42150000000000004 1.9525000000000008 5.5000000000000009 44.500000000000007 1.5000000000000002 -1.0000000180025095e-35 -0.044999999999999991 0.11324999999999992 0.33015000000000005 6.8150000000000004 2.5000000000000004 0.33500000000000046 0.29895000000000005 0.12500000000000003 2.5000000000000004 0.3716000000000001
decision_type=2 2 2 2 2 2 2 2 2 2 2 2 2 2 2 2 2 2 2 2 2 2 2 2 2 2 2 2 2 2
left_child=2 3 5 10 6 18 21 27 -4 11 13 14 19 24 16 -16 17 -6 -1 -11 -12 -3 23 28 25 -2 -27 -7 -23 -21
right_child=1 4 8 -5 9 7 -8 -9 -10 12 20 -13 -14 -15 15 -17 -18 -19 -20 29 -22 22 -24 -25 -26 26 -28 -29 -30 -31
leaf_value=0.0097355870457441693 0.018618983795490835 0.076472039362073294 -0.061252983883451309 -0.021003354842476913 0.015504530401687172 0.027257875545247508 0.0010466957656419082 -0.032858757743316154 -0.035757761836452774 -0.038451201892804397 0.046468546715677725 0.051887032922959743 0.031550189913628811 -0.0013217504421437873 0.03656641484456287 0.086200541507447312 -0.018063920190068732 0.051257254356702822 -0.03080429376381217 0.052303059519026557 -0.0035855140622248621 0.034414321642953237 0.03272770929558308 -0.043994115957566575 0.0051651679652893728 0.089496381034306072 0.026401313266173523 -0.0069702145456105608 -0.0052777674948647621 -0.043976571744429781
leaf_weight=19.467623502016068 270.26646485924721 9.5433215498924238 98.367785334587097 184.54617285728455 92.913852959871292 24.730263903737068 154.06792002916336 60.870004206895828 164.08314327895641 18.510952785611156 11.841319128870962 102.67066413164139 35.771154209971428 132.67307141423225 123.12356440722942 13.673728361725805 17.200892135500908 38.648705333471298 230.87294271588326 9.1408044248819333 271.58134569227695 33.276011049747467 97.809831082820892 11.670705854892729 149.90631937980652 11.554881259799005 18.079149425029755 325.93613258004189 33.644107565283775 4.1033233851194373
leaf_count=111 1356 47 622 1045 452 136 777 368 984 95 62 487 180 721 593 62 84 189 1349 47 1435 161 488 58 788 56 88 1793 175 21
internal_value=-6.86178e-05 0.0120369 -0.0242476 0.00270632 0.0243536 -0.0158945 0.013371 -0.00874251 -0.0453135 0.0325469 0.00775947 0.0363676 0.0105805 0.0122621 0.0307877 0.0415277 0.0209117 0.0260075 -0.0276517 -0.0130413 -0.00149427 0.0235827 0.0207213 0.00577883 0.0162688 0.021819 0.0510033 -0.00455633 0.0144591 0.0224735
internal_weight=2770.55 1846.22 924.328 1050.45 795.77 661.877 340.012 411.536 262.451 455.758 865.903 388.231 67.5262 582.48 285.561 136.797 148.763 131.563 250.341 31.7551 283.423 185.944 176.401 78.5908 449.807 299.9 29.634 350.666 66.9201 13.2441
internal_count=14830 9467 5363 5551 3916 3757 1706 2297 1606 2210 4506 1867 343 3009 1380 655 725 641 1460 163 1497 929 882 394 2288 1500 144 1929 336 68
is_linear=0
shrinkage=0.05


Tree=7
num_leaves=31
num_cat=0
split_feature=13 13 40 28 13 40 13 28 31 44 13 24 26 44 18 7 8 7 34 48 9 10 3 24 26 11 41 14 32 28
split_gain=295.192 75.3215 62.5921 45.72 33.2246 25.5538 15.2158 13.6778 21.3726 13.914 13.8945 13.4341 12.8149 12.7436 12.2656 17.2489 11.8279 11.2116 10.764 10.7595 12.4657 12.4795 11.3249 10.7972 10.4195 10.2635 10.0437 14.7883 14.4991 12.1619
threshold=-0.53083333333333316 0.43583333333333313 3.5000000000000004 5.5000000000000009 -1.6583333333333328 2.5000000000000004 1.3883333333333343 3.5000000000000004 2.5000000000000004 6.5550000000000006 0.009166666666666325 0.013333333333334087 -0.05000000000000026 4.9250000000000007 1.5000000000000002 6.3050000000000006 0.42974999999999997 2.8500000000000001 7.4250000000000007 1.5000000000000002 4.205000000000001 0.16774999999999998 21.500000000000004 -0.056666666666666192 -0.13000000000000031 0.32495000000000007 3.5000000000000004 0.024716666666666751 3.5000000000000004 2.5000000000000004
decision_type=2 2 2 2 2 2 2 2 2 2 2 2 2 2 2 2 2 2 2 2 2 2 2 2 2 2 2 2 2 2
left_child=2 3 4 7 -1 -3 13 8 24 -10 11 12 -9 14 15 -7 -15 -4 -12 20 -6 25 -21 -23 -2 -22 27 -26 -29 -28
right_child=1 5 17 -5 19 6 -8 10 9 -11 18 -13 -14 16 -16 -17 -18 -19 -20 22 21 23 -24 -25 26 -27 29 28 -30 -31
leaf_value=-0.037817102329901452 -0.057715910932461756 0.03053117091326802 -0.057988617523142383 -0.020188876683709528 -0.014776408987314693 0.00074496106020405586 0.032780716818081389 0.03936503336396821 -0.0081037155901345966 0.02785508306350868 0.013635472044858717 0.011919623256003951 -0.018072618365671016 0.030126294954850287 -0.019657418624513808 0.10672023209797273 0.0039397909612866175 -0.036354566948037792 -0.051957037213939718 0.064382574451685895 0.0030976697570336852 -0.029251544490158366 -0.022252576287979511 0.0061383093912561089 0.020345890896351047 0.11674536931594322 0.028098518229197091 0.028915788487269313 0.083918384694376694 -0.00073210438274226163
leaf_weight=124.56450882554054 4.0718365162610999 463.76877212524414 87.081725224852562 182.44633881747723 156.30526699125767 18.811743110418323 72.597702890634537 10.338420659303663 133.15985226631165 33.712573289871216 173.76314881443977 66.44950033724308 160.007454007864 73.111970916390419 65.321809902787209 4.8243357688188544 105.12343634665012 191.76688914000988 6.4882385283708564 3.8697514384984961 3.6344855576753599 24.778073072433472 149.50639523565769 165.54893647134304 86.461099877953529 4.381573349237442 73.64646814763546 25.322909161448479 22.742164000868797 72.676825806498528
leaf_count=772 20 2197 575 1045 872 96 349 55 703 178 902 352 861 374 338 24 538 1189 34 22 20 137 842 910 432 24 365 125 112 367
internal_value=-7.4964e-05 0.0113744 -0.0233754 0.0025655 -0.014676 0.0228991 0.0124823 0.00734366 0.0133711 -0.000839102 0.000814068 -0.00714849 -0.0145867 0.00696712 -0.0084893 0.0223755 0.0146815 -0.0431107 0.0112744 -0.00900194 -0.00421671 0.00410491 -0.0200667 0.00153102 0.0216937 0.0652174 0.022845 0.0327062 0.0549405 0.0137787
internal_weight=2766.28 1854.85 911.438 1051.29 632.589 803.56 339.791 868.84 451.794 166.872 417.047 236.795 170.346 267.193 88.9579 23.6361 178.235 278.849 180.251 508.024 354.648 198.343 153.376 190.327 284.921 8.01606 280.849 134.526 48.0651 146.323
internal_count=14830 9467 5363 5551 3599 3916 1719 4506 2302 881 2204 1268 916 1370 458 120 912 1764 936 2827 1963 1091 864 1047 1421 44 1401 669 237 732
is_linear=0
shrinkage=0.05


Tree=8
num_leaves=31
num_cat=0
split_feature=13 13 28 28 8 40 31 13 40 13 9 26 44 14 34 20 9 45 28 12 19 22 24 13 24 10 12 39 13 24
split_gain=268.694 67.6289 59.8217 54.1769 19.786 17.5205 17.2013 15.844 14.3138 13.4735 13.0606 12.0685 12.8505 11.7209 11.7059 11.1793 10.8965 10.8807 10.8617 10.8543 10.2557 10.0911 9.99746 9.96759 11.1415 14.0233 17.6194 11.5066 10.0056 10.5446
threshold=-0.53083333333333316 0.63916666666666722 5.5000000000000009 4.5000000000000009 0.16889999999999991 3.5000000000000004 2.5000000000000004 -2.1758333333333328 3.5000000000000004 1.009166666666667 4.6750000000000007 -0.029999999999999801 6.7150000000000007 0.030966666666666674 5.5250000000000012 3.1550000000000007 7.1750000000000007 0.62200000000000011 1.5000000000000002 0.25095000000000006 1.0000000180025095e-35 1.8050000000000002 -0.063333333333332117 1.865 0.018333333333333094 0.44035000000000007 0.37915000000000004 1.5000000000000002 0.75916666666666688 0.028333333333332881
decision_type=2 2 2 2 2 2 2 2 2 2 2 2 2 2 2 2 2 2 2 2 2 2 2 2 2 2 2 2 2 2
left_child=2 3 4 6 18 10 13 -4 -6 14 19 12 21 16 -7 -13 17 -2 -1 -3 -11 -5 -15 24 -12 27 -27 28 -26 -30
right_child=1 5 7 11 8 9 -8 -9 -10 20 23 15 -14 22 -16 -17 -18 -19 -20 -21 -22 -23 -24 -25 25 26 -28 -29 29 -31
leaf_value=0.010053218482267819 0.0085873995190551798 0.04992955520165171 -0.059879119619513012 0.0047327774984523042 -0.0039573405322561863 -0.041250662595989897 0.0012943102989871739 -0.03373881284062917 -0.030701076503493959 0.030066609509596866 0.023341112791518969 -0.016640372557718913 -0.027941462097496157 -0.018272639373427584 0.0060447864784003288 0.061179524362417331 0.048937519961821482 0.064346289835821621 -0.028950422730187927 -0.0034373043298398993 -0.014385562822286008 0.058405177497498767 0.031311948689261369 0.055670604032506357 -0.029339560729094723 0.0083289655995501619 0.066559362789080229 0.081540183709460812 -0.00090841628709109406 0.067270454218620851
leaf_weight=19.399093180894852 335.59971822798252 11.871190160512922 91.698620855808258 113.95598362386227 348.30645082890987 19.231548056006432 254.4328298419714 157.58359031379223 58.424522653222084 69.739775523543358 248.48114985227585 299.23710246384144 29.368191510438919 10.874420538544653 40.920433983206749 4.6873068213462821 18.9983199685812 8.9834235757589322 223.45802482962608 48.268786028027534 15.941259026527403 9.4864760786294919 155.97437670826912 40.258124232292175 4.6726006120443335 45.349957451224327 18.205778956413269 28.854026153683662 7.6803758144378689 21.678191274404526
leaf_count=111 1676 56 622 627 1929 101 1325 984 368 342 1181 1669 164 55 215 25 90 45 1349 234 83 49 763 180 22 210 84 135 36 100
internal_value=-8.09548e-05 0.010753 -0.0225325 0.00401445 -0.0145419 0.0242225 0.0119819 -0.0433545 -0.00779892 0.00906212 0.0288738 -0.00967706 0.0017852 0.0171085 -0.00907632 -0.0154402 0.0120735 0.0100411 -0.0258349 0.00709692 0.0217961 0.00885747 0.0280803 0.0320283 0.0294896 0.0415726 0.0250093 0.0583125 0.0386185 0.0494345
internal_weight=2761.62 1862.75 898.87 1241.6 649.588 621.153 784.863 249.282 406.731 145.833 475.32 456.735 152.811 530.43 60.152 303.924 363.581 344.583 242.857 60.14 85.681 123.442 166.849 415.18 374.922 126.441 63.5557 62.8852 34.0312 29.3586
internal_count=14830 9467 5363 6488 3757 2979 3954 1606 2297 741 2238 2534 840 2629 316 1694 1811 1721 1460 290 425 676 818 1948 1768 587 294 293 158 136
is_linear=0
shrinkage=0.05


Tree=9
num_leaves=31
num_cat=0
split_feature=13 13 40 22 28 7 7 21 24 24 2 12 15 45 44 3 20 11 40 44 39 27 11 24 15 44 7 11 13 24
split_gain=244.552 62.1662 57.6814 29.493 29.4515 21.2129 20.5984 16.9088 15.1837 14.8402 14.1273 14.6618 14.2077 12.8045 12.3549 16.2079 15.0963 12.6486 11.4093 11.2694 10.9192 13.7609 10.1952 12.1727 10.5742 9.82954 9.89856 9.82381 9.58412 9.54733
threshold=-0.53083333333333316 0.12500000000000047 2.5000000000000004 0.53499999999999981 4.5000000000000009 3.0650000000000004 2.8500000000000001 -0.050000000000000003 0.0033333333333325226 0.0016666666666673715 3.5000000000000004 0.34935000000000005 0.028333333333333346 0.65190000000000003 6.6750000000000007 21.500000000000004 -1.5449999999999999 0.46465000000000006 3.5000000000000004 6.7250000000000005 2.5000000000000004 -0.1350000000000002 0.36160000000000009 -0.063333333333333006 0.034166666666666658 5.6850000000000014 6.0550000000000006 0.4093 1.3883333333333343 0.026666666666665954
decision_type=2 2 2 2 2 2 2 2 2 2 2 2 2 2 2 2 2 2 2 2 2 2 2 2 2 2 2 2 2 2
left_child=2 4 5 8 22 -1 -4 -7 28 10 11 12 18 -10 15 -9 -17 19 -5 -16 -6 -22 24 -24 25 -2 -27 -21 -3 -8
right_child=1 3 6 9 20 7 29 14 13 -11 -12 -13 -14 -15 17 16 -18 -19 -20 27 21 -23 23 -25 -26 26 -28 -29 -30 -31
leaf_value=-0.035626181772909958 -0.010217695144259143 -0.001581204084967957 -0.053515099515921809 0.022196002757801366 0.0042848928810432776 0.064775941624892044 -0.032633403092746489 0.084084028982204587 0.016269000370738231 0.033605598067036328 0.031076134956091319 -0.0084080538676260842 0.079819232135266191 0.090793595201301425 0.059634584050216037 -0.02645644296079297 -0.0037547285840674807 0.081275249842567496 -0.023630990079107406 0.0049365743042754148 0.080974492190782732 -0.021279049776337156 -0.034764409139329773 0.020443563923574656 0.082140474049723106 0.015410040305619935 -0.012905384801974857 -0.053392542280632796 0.028911442146773922 -0.0094840682604098482
leaf_weight=67.690144136548042 131.1438906788826 264.58748173713684 112.84095783531666 87.061490580439568 61.519873440265656 8.4101115018129331 248.82501934468746 4.3680012226104727 256.7650675624609 280.05273789167404 119.41296012699604 73.075686663389206 9.2230745553970319 5.8960608690977088 8.3720155060291273 122.80890794098377 181.39764508605003 5.7850283086299887 16.092258259654045 63.878491058945656 3.3432846516370764 207.45223496854305 10.703690975904463 148.59101544320583 3.9675549119710913 120.97446513175964 41.437076181173325 8.1381828039884549 28.549857765436172 54.250214383006096
leaf_count=431 674 1359 784 423 340 46 1546 25 1270 1314 566 362 44 29 46 702 1016 32 85 355 17 1197 56 748 20 617 212 45 134 335
internal_value=-8.55687e-05 0.0101702 -0.0217111 0.017459 -0.00123307 -0.00972587 -0.0352793 -0.00537722 0.00921141 0.0252961 0.0176628 0.00902601 0.0203629 0.0179419 -0.00687183 -0.0115463 -0.0129195 0.00986686 0.0150469 0.00472808 -0.0142484 -0.0196573 0.00652556 0.0167339 0.00105998 -3.58649e-05 0.00818575 -0.00165486 0.0013886 -0.0284897
internal_weight=2756.61 1869.85 886.765 1140.72 729.133 470.849 415.916 403.158 555.798 584.918 304.865 185.453 112.377 262.661 394.748 308.575 304.207 86.1737 103.154 80.3887 272.315 210.796 456.818 159.295 297.523 293.555 162.412 72.0167 293.137 303.075
internal_count=14830 9467 5363 5586 3881 2698 2665 2267 2792 2794 1480 914 552 1299 2221 1743 1718 478 508 446 1554 1214 2327 804 1523 1503 829 400 1493 1881
is_linear=0
shrinkage=0.05


Tree=10
num_leaves=31
num_cat=0
split_feature=13 13 40 13 28 28 24 9 13 20 7 7 14 15 39 24 14 44 39 34 37 4 24 26 15 27 44 8 5 47
split_gain=222.628 55.5131 55.3808 28.4033 27.1868 26.7261 20.7461 15.9458 13.7266 13.0097 12.2501 10.8884 10.7228 11.2777 10.0259 13.4115 11.4405 9.92925 12.2247 10.0688 9.86399 10.0579 10.1601 15.8681 10.5929 10.4444 13.4844 9.99293 10.6548 10.0494
threshold=-0.53083333333333316 0.12500000000000047 3.5000000000000004 -1.6583333333333328 5.5000000000000009 4.5000000000000009 0.0016666666666673715 7.2650000000000006 1.1783333333333335 1.7100000000000004 4.7150000000000007 2.7100000000000004 0.076866666666666639 -0.02166666666666665 2.5000000000000004 0.045000000000001268 0.082366666666666685 5.4850000000000012 2.5000000000000004 5.5250000000000012 2.5000000000000004 59.500000000000007 -0.029999999999999801 -1.0000000180025095e-35 -0.015000000000000025 -0.024999999999999908 6.8750000000000009 0.22749999999999998 1.0000000180025095e-35 2.5000000000000004
decision_type=2 2 2 2 2 2 2 2 2 2 2 2 2 2 2 2 2 2 2 2 2 2 2 2 2 2 2 2 2 2
left_child=2 5 3 -1 6 -2 8 10 12 -9 -6 -4 -3 -14 -7 -16 -17 -5 20 -20 21 22 -19 24 -24 -26 -27 28 -25 -29
right_child=1 4 11 17 7 14 -8 9 -10 -11 -12 -13 13 -15 15 16 -18 18 19 -21 -22 -23 23 27 25 26 -28 29 -30 -31
leaf_value=-0.03495214584570569 0.0061779087613713698 0.0053079008483510846 -0.056376073642782243 -0.017349841142094154 0.076690330589621589 0.0040612843003035226 0.027798114717878204 0.014513569079137853 0.028839430165686322 0.10595075347312877 -0.006639226952542706 -0.033772261313096345 -0.041359546641958157 0.036551914931476401 -0.023720925314207573 -0.005425738023913336 0.069000497834936211 -0.012890314706380593 -0.05283438960902162 -0.0097057078990785001 -0.0076861957630488921 0.083823263835981807 -0.042955175011671648 -0.0090707673818820125 0.045896375566707795 -0.054174826342912874 0.05591952402467424 0.10239638208361966 0.063873618996435913 0.037203881826051569
leaf_weight=116.84826171398163 458.1196765601635 336.57996916770935 74.987861931324005 170.69194211065769 4.5219709873199454 61.658070549368858 449.50213003158569 11.450783193111421 107.13444545865059 5.8916526436805716 178.80660703778267 184.016127794981 5.1272889971733084 49.348610356450081 182.05368511378765 19.384667530655864 7.0380447059869757 37.02963151037693 18.365317404270172 51.429360032081604 123.5508309006691 4.6869897395372382 13.222921565175055 17.765335842967037 12.029103904962538 8.7055483758449572 4.0869892984628668 7.9955861121416119 6.9703076779842368 22.676689654588699
leaf_count=772 2327 1675 551 982 24 340 2107 59 491 28 937 1213 25 240 1064 111 39 205 109 300 694 26 73 99 65 48 22 43 39 122
internal_value=-9.00848e-05 0.00962153 -0.0209172 -0.0127613 0.0164698 -0.00117733 0.0200099 -0.000248812 0.0129829 0.045577 -0.00458383 -0.0403166 0.00863881 0.0292189 -0.013651 -0.0188896 0.0143987 -0.00756714 -0.00248417 -0.0210543 0.00252548 0.0118594 0.00927445 0.018057 -0.00680727 0.0124493 -0.0190016 0.0351295 0.0114844 0.0541981
internal_weight=2751.68 1876.62 875.059 616.055 1148.36 728.254 947.692 200.671 498.19 17.3424 183.329 259.004 391.056 54.4759 270.134 208.476 26.4227 499.207 328.515 69.7947 258.72 135.169 130.482 93.4525 38.0446 24.8216 12.7925 55.4079 24.7356 30.6723
internal_count=14830 9467 5363 3599 5586 3881 4538 1048 2431 87 961 1764 1940 265 1554 1214 150 2827 1845 409 1436 742 716 511 208 135 70 303 138 165
is_linear=0
shrinkage=0.05


Tree=11
num_leaves=31
num_cat=0
split_feature=13 13 40 40 40 20 40 40 13 24 36 24 9 35 35 8 13 8 44 44 9 13 15 27 11 3 26 31 46 45
split_gain=202.936 60.0778 45.3685 31.2284 24.6694 19.8121 16.8228 16.1766 15.7937 14.6362 12.9718 12.9018 12.8971 15.1864 14.6562 13.3617 12.6988 11.8258 12.1728 11.7296 10.7364 11.3109 10.6028 10.5901 12.4803 10.4674 14.4185 10.0439 9.84975 15.2133
threshold=-0.67916666666666614 0.12500000000000047 2.5000000000000004 3.5000000000000004 2.5000000000000004 -1.0249999999999995 1.0000000180025095e-35 1.0000000180025095e-35 -2.1758333333333328 -0.013333333333334084 6.8450000000000006 -0.031666666666665837 5.4850000000000012 0.44485000000000002 0.42810000000000004 0.38500000000000001 1.3883333333333343 0.22749999999999998 6.6950000000000012 6.3950000000000005 6.1950000000000012 1.865 0.026666666666666682 -0.034999999999999691 0.32745000000000007 38.500000000000007 -0.069999999999999826 2.5000000000000004 6.8050000000000006 0.34525000000000006
decision_type=2 2 2 2 2 2 2 2 2 2 2 2 2 2 2 2 2 2 2 2 2 2 2 2 2 2 2 2 2 2
left_child=2 3 5 11 6 7 10 -1 -4 -6 20 22 -8 14 15 19 -11 -9 -19 28 -3 -22 -2 24 -12 -18 -27 -13 29 -14
right_child=1 4 8 -5 9 -7 12 17 -10 16 23 27 13 -15 -16 -17 25 18 -20 -21 21 -23 -24 -25 -26 26 -28 -29 -30 -31
leaf_value=-0.042431292402526861 -0.010250882331802505 -0.0065854673234498791 -0.053902462437721836 -0.018604276555573514 -0.0038986647197643263 0.0042159288662708813 0.016225107876914655 -0.020392827161004781 -0.029502998636747369 0.0092059757540745007 0.028837086906105498 0.013799811894892815 0.034708267705793293 0.062168861455716311 -0.029414076054272688 0.026026814632085074 0.017087820117092846 -0.010232991050156464 0.038154457755553546 0.13533390402692655 0.0135824907253317 0.092923241466773276 0.060432908409779287 0.014748285811934944 0.10806602594011949 -0.0046067007989719355 0.088202076379298888 -0.0010840611954573906 0.021650504458598313 0.12383025291793276
leaf_weight=58.244203731417656 169.97340181469917 103.57550968229771 89.920005902647972 211.32464100420475 189.80246490240097 138.52749525010586 167.15044464170933 135.76782746613026 252.73321884870529 242.52141864597797 13.171536117792131 282.85261037945747 11.197301998734476 40.275879070162773 10.274342998862265 192.62593539059162 28.52472086250782 37.07761923968792 20.013297379016876 4.3059886991977683 52.501066312193871 4.912364348769187 5.4763612151145926 38.744501501321793 7.9829564541578284 5.7130764573812511 15.644793540239332 189.14215993881226 18.110224992036819 8.3661913573741895
leaf_count=345 911 500 674 1269 977 782 791 837 1639 1226 61 1423 53 185 48 883 131 206 107 20 245 21 29 186 37 26 71 1022 86 39
internal_value=-9.39881e-05 0.00810112 -0.0226349 -0.00191518 0.0155459 -0.0109639 0.0217293 -0.0193382 -0.035906 0.00691339 0.0104189 0.00353211 0.0272529 0.033717 0.0290375 0.0315973 0.0139316 -0.012364 0.00672929 0.0571578 0.003028 0.020371 -0.00804461 0.0302831 0.0587353 0.0369069 0.0633764 0.00783541 0.0482225 0.0728207
internal_weight=2746.45 2014.17 732.284 858.769 1155.4 389.63 673.194 251.103 342.653 482.206 220.888 647.445 452.306 285.156 244.88 234.606 292.404 192.859 57.0909 41.9797 160.989 57.4134 175.45 59.899 21.1545 49.8826 21.3579 471.995 37.6737 19.5635
internal_count=14830 10240 4590 4654 5586 2277 3155 1495 2313 2431 1050 3385 2105 1314 1129 1081 1454 1150 313 198 766 266 940 284 98 228 97 2445 178 92
is_linear=0
shrinkage=0.05


Tree=12
num_leaves=31
num_cat=0
split_feature=13 13 28 39 22 28 20 1 44 13 40 10 46 24 28 28 24 2 12 15 45 24 10 4 45 24 21 31 39 12
split_gain=185.102 53.7617 43.9824 28.948 23.643 14.6446 13.3133 13.6959 18.3459 13.2618 12.1824 11.8973 15.7478 11.8458 11.0975 11.0514 11.0804 11.5641 13.8698 11.63 10.7724 10.5997 11.5706 12.5648 9.45386 9.16803 10.2599 9.48417 9.56226 11.6962
threshold=-0.67916666666666614 0.12500000000000047 5.5000000000000009 2.5000000000000004 0.53499999999999981 5.5000000000000009 -1.0249999999999995 4.5000000000000009 6.9050000000000011 -2.1758333333333328 1.0000000180025095e-35 0.30824999999999997 6.7650000000000006 0.0033333333333325226 3.5000000000000004 5.5000000000000009 0.0016666666666673715 3.5000000000000004 0.34935000000000005 0.028333333333333346 0.65190000000000003 0.045000000000001268 0.42815000000000009 53.500000000000007 0.27615000000000006 -0.036666666666667506 -0.039999999999999994 2.5000000000000004 -3.4999999999999996 0.33965000000000006
decision_type=2 2 2 2 2 2 2 2 2 2 2 2 2 2 2 2 2 2 2 2 2 2 2 2 2 2 2 2 2 2
left_child=2 3 6 25 13 21 10 -8 -9 -4 -1 14 24 -3 -12 16 17 18 19 -6 -15 -5 23 -23 -13 26 -2 -27 29 -29
right_child=1 4 9 5 15 -7 7 8 -10 -11 11 12 -14 20 -16 -17 -18 -19 -20 -21 -22 22 -24 -25 -26 27 -28 28 -30 -31
leaf_value=-0.041328135584552395 0.059433177407077556 0.00042280640941380078 -0.057689732107853123 -0.0089252037867148699 0.013922591204696933 -0.026990834330068065 0.0032521714885988223 -0.041944484085960521 0.068710482799510419 -0.031264057954110608 -0.0065919548292673576 0.10973458695277526 -0.016274641082015071 0.013397214464250738 -0.029254198306813414 -0.040258422098576524 0.02944953042131675 0.027737373755842565 -0.0092754674747634776 0.071492903607526442 0.080097303883665649 0.016351525730172321 -0.043948266684713924 0.10742168278463782 0.02360754240194169 0.016710259946135297 -0.010508509923107548 0.0019861555001245974 -0.0020400122482257142 0.091459420139567871
leaf_weight=56.84486548602581 5.5212040841579428 295.29508084058762 79.832718178629875 207.97793774306774 103.29695552587509 120.60554993152618 149.52087379992008 34.778279155492783 4.1978521049022666 117.14775769412518 86.653650715947151 4.0243351757526424 30.153162181377411 262.03908960521221 143.44585861265659 7.1333710402250281 284.81641902029514 121.41534219682217 71.980670526623726 9.586604103446005 6.1965728402137747 11.373700439929967 4.4388270378112784 5.6782758533954611 15.29816699028015 208.00543850660324 104.19556622207165 8.6958288848400098 174.63800153136253 6.2979713678359976
leaf_count=345 29 1493 622 1156 500 751 848 225 27 792 508 24 177 1270 933 37 1297 562 354 44 29 61 24 29 89 1026 559 46 940 33
internal_value=-9.69018e-05 0.00767207 -0.0218272 -0.00182473 0.0146811 -0.0128848 -0.0142669 -0.00362899 -0.0300266 -0.0419739 -0.0202273 -0.015937 0.00630672 0.00733194 -0.0207198 0.021604 0.0223506 0.0157491 0.00787541 0.0188117 0.0149381 -0.0054708 0.0279593 0.0466777 0.0415454 0.00580668 -0.00698888 0.00933726 0.00124988 0.0395684
internal_weight=2741.09 2019.19 721.898 857.428 1161.76 350.074 524.917 188.497 38.9761 196.98 336.42 279.575 49.4757 563.531 230.1 598.229 591.096 306.28 184.864 112.884 268.236 229.469 21.4908 17.052 19.3225 507.354 109.717 397.637 189.632 14.9938
internal_count=14830 10240 4590 4654 5586 2021 3176 1100 252 1414 2076 1731 290 2792 1441 2794 2757 1460 898 544 1299 1270 114 90 113 2633 588 2045 1019 79
is_linear=0
shrinkage=0.05


Tree=13
num_leaves=31
num_cat=0
split_feature=13 13 28 28 24 13 39 20 40 40 9 13 14 9 35 22 44 10 9 44 37 40 39 26 9 15 20 24 47 24
split_gain=168.856 48.1772 43.0967 41.9495 18.3441 13.2253 12.5879 14.3912 16.6527 12.335 11.0699 10.9756 10.9662 10.6492 10.1727 9.97237 11.2589 9.76883 11.0905 10.0166 9.31964 15.2146 9.87934 9.23656 10.3102 9.4763 9.55336 11.1137 9.47071 9.53216
threshold=-0.67916666666666614 0.63916666666666722 5.5000000000000009 5.5000000000000009 -0.033333333333333652 -2.1758333333333328 2.5000000000000004 -1.0249999999999995 1.0000000180025095e-35 3.5000000000000004 6.745000000000001 0.71250000000000002 -0.040108333333333294 4.3850000000000007 0.24254999999999996 -2.1749999999999998 6.6750000000000007 0.5677000000000002 7.7550000000000008 5.2950000000000008 3.5000000000000004 2.5000000000000004 -2.4999999999999996 -0.060000000000000046 7.3550000000000013 0.021666666666666678 0.18999999999999975 0.06000000000000006 3.5000000000000004 -0.068333333333333787
decision_type=2 2 2 2 2 2 2 2 2 2 2 2 2 2 2 2 2 2 2 2 2 2 2 2 2 2 2 2 2 2
left_child=3 2 4 6 12 -5 7 8 -1 13 11 -11 -2 14 -3 -10 -17 -12 19 -19 21 -6 -22 25 28 26 -4 -28 -25 -30
right_child=1 9 23 5 20 -7 -8 -9 15 10 17 -13 -14 -15 -16 16 -18 18 -20 -21 22 -23 -24 24 -26 -27 27 -29 29 -31
leaf_value=-0.040050305692274614 -0.018194346444223002 0.048243567484894931 -0.014275410894972546 -0.057137010575279236 0.01790268765326224 -0.03031774402482372 -0.025129869388154032 0.0046011535122309115 -0.028039389574072988 -0.049465749026764615 0.052383887143108016 0.0030208259811381382 0.0025245486857604642 0.024816099129703645 -0.010701818070490979 -0.0087078929450294853 0.028542212458089675 0.034007254441517885 0.059671292760831864 -0.054076519014002601 0.014347944638159034 0.0029415176596857447 -0.011394955071689625 -0.032276698897366278 0.045582875721007506 -0.065566214356732613 0.0073363681592832118 0.081347482244060548 0.051393096573728217 -0.014741956811612018
leaf_weight=54.99503181874752 102.472283244133 8.9756119996309263 23.230496436357498 76.655212238430977 432.67551478743553 114.82406014204025 164.31234864890575 133.22253079712391 46.488856360316277 11.0922954082489 20.636184304952621 97.594576060771942 169.51195757091045 444.76483948528767 39.666366159915924 95.617197290062904 25.747668653726578 5.1284933388233211 6.0632554888725272 8.7071668058633787 60.815838530659676 279.83100998401642 96.259982272982597 123.75148364901543 5.416848972439765 4.7724464237689963 15.840713486075403 7.4614990949630728 6.0721359699964514 53.039558127522469
leaf_count=342 547 41 139 622 2105 792 1088 749 296 58 100 488 904 2010 187 562 139 24 29 42 310 1475 499 740 31 27 90 41 36 317
internal_value=-9.9745e-05 0.00726767 0.00200546 -0.0210448 0.00605169 -0.0410543 -0.0136822 -0.00839955 -0.0161716 0.0185773 0.00598093 -0.00233582 -0.00528146 0.0223869 0.00017502 -0.00834803 -0.000805249 0.0282806 0.00328435 -0.0214263 0.00959643 0.0120268 -0.00142795 -0.0172739 -0.0223986 0.00153301 0.00841478 0.0310351 -0.0244124 -0.00794836
internal_weight=2735.64 2023.78 1381.15 711.863 1141.57 191.479 520.384 356.071 222.849 642.629 149.222 108.687 271.984 493.407 48.642 167.854 121.365 40.5351 19.8989 13.8357 869.582 712.507 157.076 239.585 188.28 51.3052 46.5327 23.3022 182.863 59.1117
internal_count=14830 10240 7261 4590 5840 1414 3176 2088 1339 2979 741 546 1451 2238 228 997 701 195 95 66 4389 3580 809 1421 1124 297 270 131 1093 353
is_linear=0
shrinkage=0.05


Tree=14
num_leaves=31
num_cat=0
split_feature=13 28 28 16 13 13 9 47 9 39 27 31 24 14 23 37 35 20 35 31 19 19 23 12 16 8 15 44 39 34
split_gain=154.753 60.0745 28.2336 21.3073 19.8915 18.9972 15.4607 13.2299 18.6105 12.738 14.5588 13.5061 12.0308 11.5941 12.0486 13.9082 16.4699 11.5257 14.0751 11.3153 16.5702 11.1575 16.1325 14.5257 11.0483 10.6081 10.9268 10.3873 10.3148 10.294
threshold=-0.25500000000000028 5.5000000000000009 5.5000000000000009 2.5000000000000004 -1.1949999999999994 -1.5374999999999999 7.4750000000000005 2.5000000000000004 4.2350000000000012 2.5000000000000004 -0.12499999999999999 2.5000000000000004 -0.036666666666666618 0.015450000000000035 6.8750000000000009 1.5000000000000002 0.20080000000000003 1.2300000000000004 0.31555000000000005 3.5000000000000004 0.010000000000000004 0.025000000000000012 6.8350000000000009 0.33644999999999997 3.5000000000000004 0.46185000000000004 -0.0055000000000000179 6.7150000000000007 -3.4999999999999996 6.9150000000000009
decision_type=2 2 2 2 2 2 2 2 2 2 2 2 2 2 2 2 2 2 2 2 2 2 2 2 2 2 2 2 2 2
left_child=1 4 3 7 -1 -3 17 8 -2 11 -11 12 -6 14 15 -5 -17 18 -4 -7 -21 23 -23 -20 -14 26 -9 -8 -13 -10
right_child=2 5 6 13 9 19 27 25 29 10 -12 28 24 -15 -16 16 -18 -19 21 20 -22 22 -24 -25 -26 -27 -28 -29 -30 -31
leaf_value=-0.02054376198904866 -0.019548444560068171 -0.052753054767751564 -0.033773895543680592 0.016485110212432794 -0.012505538744468987 -0.030988529529250044 0.078355883895353251 0.00064323999322327781 0.027984481751969506 0.05810164005136912 -0.016364991257342521 0.032892467604257 0.092053760589230205 0.015033091958476841 -0.011394837889360103 0.051787023904800195 -0.009363665563788209 0.0064915793525778601 -0.031108069482978892 -0.030052435568320397 0.045922218641373524 0.072421075549453678 -0.03562141597698408 0.010241200905512504 0.013491375468011109 0.0035522073553471973 0.027569085134762458 -0.018319912158696744 -0.011553766171208166 0.060306054990606484
leaf_weight=229.52377718687057 19.158010810613632 97.727778881788254 64.507483914494514 175.7431922107935 48.639140352606773 137.02262644469738 8.9425135254859907 50.195377677679062 220.19463646411896 6.7971116900444022 191.04756343364716 14.089359536767004 4.5889906883239737 271.04446047544479 123.02093204855919 11.990857377648352 134.74986901879311 92.60963961482048 43.504582434892654 16.336556911468509 12.799893423914908 10.085464030504225 5.2554242163896552 41.500064328312874 180.37243266403675 158.20894722640514 151.0972171574831 4.0308942943811408 177.57947020232677 27.737229853868484
leaf_count=1492 92 801 365 876 267 937 43 236 1006 37 1155 76 22 1335 629 61 678 475 245 97 77 56 31 234 942 721 702 21 994 127
internal_value=-0.000102063 -0.0144128 0.00980032 0.0127681 -0.00796057 -0.0352603 -0.00493933 0.0195026 0.0279316 -0.00332555 -0.0138066 0.00155047 0.00962176 0.00687908 0.00191818 0.00699683 -0.00436676 -0.00762295 -0.0155521 -0.0249718 0.00332388 -0.00383812 0.0354083 -0.010921 0.0154405 0.0132403 0.0208547 0.0483183 -0.00828657 0.0316004
internal_weight=2730.1 1116.52 1613.58 1343.14 852.638 263.887 270.436 626.591 267.09 623.114 197.845 425.269 233.601 716.549 445.505 322.484 146.741 257.463 164.853 166.159 29.1365 100.346 15.3409 85.0046 184.961 359.502 201.293 12.9734 191.669 247.932
internal_count=14830 6897 7933 6463 4985 1912 1470 2884 1225 3493 1192 2301 1231 3579 2244 1615 739 1406 931 1111 174 566 87 479 964 1659 938 64 1070 1133
is_linear=0
shrinkage=0.05


Tree=15
num_leaves=31
num_cat=0
split_feature=13 13 40 40 40 20 40 24 36 9 40 23 13 8 9 8 12 44 4 23 34 20 8 11 35 20 24 31 21 35
split_gain=141.366 40.7145 38.1882 23.168 18.9657 18.6535 14.3993 11.9214 11.259 11.1866 12.5088 10.6383 10.2003 9.68848 10.6832 10.7976 9.88942 12.7788 11.636 11.2935 10.8266 9.68465 9.5546 10.3195 11.0497 9.45985 9.19887 9.76327 9.12429 9.05627
threshold=-0.67916666666666614 0.12500000000000047 3.5000000000000004 3.5000000000000004 2.5000000000000004 -0.98999999999999944 1.0000000180025095e-35 -0.013333333333334084 6.8450000000000006 1.7050000000000003 1.0000000180025095e-35 6.9350000000000014 1.6308333333333336 0.20609999999999998 5.5050000000000008 0.39150000000000001 0.34700000000000003 6.4350000000000014 52.500000000000007 6.7150000000000007 4.4150000000000009 1.9950000000000001 0.47675000000000001 0.40515000000000001 0.34395000000000003 0.039999999999999598 -0.031666666666665837 5.5000000000000009 -0.014999999999999998 0.34530000000000005
decision_type=2 2 2 2 2 2 2 2 2 2 2 2 2 2 2 2 2 2 2 2 2 2 2 2 2 2 2 2 2 2
left_child=2 3 5 26 6 9 8 22 -3 -1 -11 13 29 -8 16 21 19 20 -19 -15 -18 -16 25 -24 -25 -6 27 -2 -17 -9
right_child=1 4 -4 -5 7 -7 11 12 -10 10 -12 -13 -14 14 15 28 17 18 -20 -21 -22 -23 23 24 -26 -27 -28 -29 -30 -31
leaf_value=-0.037376113490669147 -0.0095039808947363844 0.00069295764333239768 -0.038172701402421925 -0.016440557304481077 -0.021962012484628087 0.0012970161897959585 0.091937160793572129 -0.0010831393931961277 0.025797613453264551 -0.037826976795474011 -0.0093049463119044534 0.0036087388545457399 0.036811370573851136 0.058062028966593959 0.045018993422635149 0.039579145219512418 0.039040416991711728 -0.013095203766003219 0.087527800630510036 0.014917023352117465 -0.023584417920202619 0.11987379806488069 -0.034417383640952197 -0.036110826876146362 0.071783915001658899 0.0090056258593591409 0.006443496205178441 0.04935661928092247 0.017859573445934789 0.01748066519351513
leaf_weight=67.016876325011253 165.9858351200819 163.47775247693062 197.77843165397644 204.37513276934624 31.893941789865494 169.04544979333878 5.4843344539403907 135.0940912514925 61.448998764157295 46.925179421901703 212.61056593805552 61.521111309528351 34.632655382156372 19.960216224193573 43.597608774900436 78.35619705915451 8.3442958295345289 4.9509386271238309 6.8457088768482208 63.164889067411423 39.91282419860363 4.7963764518499366 40.670412957668304 4.313453942537306 5.2747970521450043 108.74093861877918 476.99396398663521 7.357351526618003 126.28838764131069 127.89691965281963
leaf_count=481 900 766 1534 1269 169 973 26 670 284 298 1304 287 153 91 198 342 38 23 32 293 185 21 203 21 26 558 2445 40 569 631
internal_value=-0.00010433 0.00654945 -0.0195978 -0.00175606 0.0125824 -0.0121852 0.0179309 0.00504836 0.00755144 -0.0191644 -0.0144619 0.0229708 0.0113038 0.0259361 0.0250226 0.0311984 0.014108 -0.00135212 0.0452973 0.0252771 -0.0127558 0.0524379 -0.00470451 -0.0234166 0.0232454 0.00198262 0.0028587 -0.00700571 0.0261758 0.00794475
internal_weight=2724.76 2031.38 693.377 854.712 1176.67 495.598 688.15 488.517 224.927 326.553 259.536 463.223 297.624 401.702 396.217 253.039 143.179 60.0538 11.7966 83.1251 48.2571 48.394 190.894 50.2587 9.58825 140.635 650.337 173.343 204.645 262.991
internal_count=14830 10240 4590 4654 5586 3056 3155 2431 1050 2083 1602 2105 1454 1818 1792 1130 662 278 55 384 223 219 977 250 47 727 3385 940 911 1301
is_linear=0
shrinkage=0.05


Tree=16
num_leaves=31
num_cat=0
split_feature=13 28 28 16 20 3 14 9 15 35 13 34 14 47 9 11 10 40 21 8 35 23 21 44 19 25 8 23 13 23
split_gain=128.858 36.9892 36.9403 28.3418 15.9077 15.6105 15.3578 13.7016 19.3066 18.8456 13.5081 13.256 14.0161 11.5942 16.3448 11.488 14.1401 10.8838 12.4449 11.4771 10.4431 10.1916 10.3723 10.9302 10.1675 9.92685 9.88985 16.0917 9.79809 21.8383
threshold=-0.67916666666666614 5.5000000000000009 5.5000000000000009 2.5000000000000004 0.79500000000000004 23.500000000000004 0.024716666666666751 6.6950000000000012 0.025000000000000005 0.24920000000000003 -2.1758333333333328 6.3050000000000006 0.10394166666666672 2.5000000000000004 4.2350000000000012 0.38355000000000006 0.40510000000000007 2.5000000000000004 -0.050000000000000003 0.22749999999999998 0.31675000000000003 6.8750000000000009 -0.074999999999999983 5.3850000000000007 0.025000000000000012 3.5000000000000004 0.40505000000000002 6.8550000000000013 -0.21250000000000033 6.8150000000000004
decision_type=2 2 2 2 2 2 2 2 2 2 2 2 2 2 2 2 2 2 2 2 2 2 2 2 2 2 2 2 2 2
left_child=2 3 17 13 20 -6 21 -7 9 -9 -4 15 -13 14 -2 16 -8 18 -1 -20 -3 22 -5 -24 -22 -11 27 -25 -26 -30
right_child=1 4 10 6 5 7 11 8 -10 25 -12 12 -14 -15 -16 -17 -18 -19 19 -21 24 -23 23 26 28 -27 -28 -29 29 -31
leaf_value=0.052809141347718185 -0.019164549512894719 -0.031567995131329046 -0.05584407951382965 0.07820686566812024 0.083361003483621576 -0.008025091671121835 0.011132527286750401 0.098182973147170616 0.09190120018235888 0.01389073273408057 -0.027512124067550311 0.034730066484600301 0.0019121514646020356 0.011775569157118956 0.028835435395193107 -0.0041391992427411862 0.07252413064166123 -0.022760012586046353 -0.01513881003141756 0.0043048077780909267 -0.015525571060582591 -0.0097549090132054168 -0.006969723310752538 0.010378157365840761 -0.013274905047295624 -0.061142965902191385 -0.0046982390701771262 0.06040840219936771 0.10170671218605938 -0.032954280509407539
leaf_weight=8.4778940826654416 19.080523490905762 80.969904467463493 68.899077691137791 4.6280182600021353 5.964991644024848 104.02386006712914 59.94151359796524 4.3681944459676805 8.9199311882257444 10.529969453811647 108.04449430853128 100.52895687520504 48.102066785097122 362.67581951618195 251.55099698901176 133.73478393256664 11.119262039661406 160.90099992603064 223.11117577552795 115.02369730174541 99.28401130437851 194.90515547990799 177.51508477330208 208.69079567492008 11.278857305645944 7.5818038880825034 99.305997937917709 17.413383856415749 7.9413947910070402 4.8491848856210709
leaf_count=49 92 494 622 22 32 556 302 21 40 51 792 503 243 1659 1133 671 54 1110 1379 638 590 1020 911 1071 73 40 501 90 42 29
internal_value=-0.000105108 0.00620727 -0.0188719 0.00925694 -0.00869381 0.0041996 0.00424111 0.00071279 0.0296603 0.00496341 -0.0385441 0.0127424 0.0241091 0.0176196 0.0254513 0.00449307 0.0207388 -0.0120132 -0.00702447 -0.00852465 -0.0176159 -3.61487e-05 0.00369595 0.00301028 -0.00845761 -0.0175193 0.00845449 0.0142312 0.020697 0.0506538
internal_weight=2719.36 2034.9 684.457 1689.19 345.712 141.389 1055.89 135.424 31.3999 22.48 176.944 353.427 148.631 633.307 270.632 204.796 71.0608 507.514 346.613 338.135 204.323 702.458 507.553 502.925 123.353 18.1118 325.41 226.104 24.0694 12.7906
internal_count=14830 10240 4590 8272 1968 740 5388 708 152 112 1414 1773 746 2884 1225 1027 356 3176 2066 2017 1228 3615 2595 2573 734 91 1662 1161 144 71
is_linear=0
shrinkage=0.05


Tree=17
num_leaves=31
num_cat=0
split_feature=13 40 40 13 24 16 13 31 17 26 27 44 26 20 7 28 3 0 10 44 35 35 9 44 34 34 29 23 22 7
split_gain=117.755 41.2548 31.7844 19.9879 17.9967 17.4569 13.0124 12.9569 12.7585 11.1467 12.1803 11.2449 11.5509 10.9591 10.5911 10.5784 17.2414 12.9364 11.9315 11.3937 10.3343 16.1453 13.5444 10.1179 9.91089 9.82051 11.0821 9.68276 9.67255 13.1252
threshold=-0.53083333333333316 3.5000000000000004 2.5000000000000004 -1.6583333333333328 -0.013333333333333195 2.5000000000000004 0.98499999999999999 1.5000000000000002 4.5000000000000009 1.0000000180025095e-35 -1.0000000180025095e-35 6.1850000000000014 -0.015000000000000123 -0.18500000000000003 2.7100000000000004 4.5000000000000009 23.500000000000004 15.500000000000002 0.14350000000000004 7.1450000000000005 0.44485000000000002 0.40200000000000008 5.7250000000000005 4.3750000000000009 6.8750000000000009 4.8350000000000009 1.0000000180025095e-35 7.0150000000000006 -0.77999999999999992 5.6150000000000011
decision_type=2 2 2 2 2 2 2 2 2 2 2 2 2 2 2 2 2 2 2 2 2 2 2 2 2 2 2 2 2 2
left_child=1 3 5 -1 13 20 15 -7 9 10 11 -9 -13 -4 -3 18 17 -17 -6 -20 21 24 -22 -10 -2 -12 28 -11 -27 -30
right_child=2 14 4 -5 6 7 -8 8 23 27 25 12 -14 -15 -16 16 -18 -19 19 -21 22 -23 -24 -25 -26 26 -28 -29 29 -31
leaf_value=-0.029259499066628822 0.017488198193573251 -0.052725978731088932 -0.024995611867220588 -0.0049314988245733283 -0.026340927640463488 0.015870349833136971 0.021410066280377435 -0.0082741900911201295 -0.044009835845309174 -0.00068971988940267617 -0.0087899127394931234 -0.0017522506723596527 0.056526413255271947 -0.0044129627250927145 -0.027955057286178916 0.011185922918816524 -0.0076124139006768692 0.12161585793111683 0.025179059955259209 -0.038419403659104914 0.0059970365050885793 -0.010346224693730031 0.055251564484176653 -0.0054770072040152586 0.044839908952179069 1.4168303882671963e-05 0.10779621107196791 -0.055729817291707388 0.068670557957802053 0.01102882776379034
leaf_weight=102.33718355745077 304.17384970188141 58.849312499165535 89.367587327957153 482.49545215070248 16.055008471012115 252.82821814715862 98.370199605822563 65.913502246141434 20.128113061189651 101.8170590698719 13.252554029226301 17.159465238451958 16.852581337094307 234.02711999416351 161.76920241862535 6.4604109823703748 239.93969370424747 4.4988246262073517 89.649058535695076 7.6426145434379569 21.112148255109787 48.562321946024895 41.18606886267662 110.89663715660572 37.166274130344391 16.603584572672844 5.2946156710386267 8.6711345016956312 24.313914239406586 16.6308923214674
leaf_count=772 1354 551 511 2827 79 1194 450 325 103 525 67 83 82 1244 1213 36 1335 24 423 37 97 218 179 571 167 84 26 46 124 83
internal_value=-0.000106655 -0.0161387 0.00665914 -0.00918854 -0.00105191 0.0120584 0.00527379 0.00693731 0.00152812 0.0074387 0.0152523 0.00377448 0.0271242 -0.0101008 -0.0345626 0.000915932 -0.00481121 0.056518 0.0135933 0.0201832 0.01965 0.0166286 0.0385598 -0.0113964 0.0204663 0.0303244 0.038573 -0.00500928 0.0322043 0.0452577
internal_weight=2714.02 805.451 1908.57 584.833 786.011 1122.56 462.616 670.362 417.534 286.509 176.021 99.9255 34.012 323.395 220.619 364.246 250.899 10.9592 113.347 97.2917 452.201 389.902 62.2982 131.025 341.34 76.0956 62.843 110.488 57.5484 40.9448
internal_count=14830 5363 9467 3599 4139 5328 2384 3313 2119 1445 874 490 165 1755 1764 1934 1395 60 539 460 2015 1739 276 674 1521 384 317 571 291 207
is_linear=0
shrinkage=0.05


Tree=18
num_leaves=31
num_cat=0
split_feature=13 28 28 13 20 13 24 3 9 15 35 15 10 28 31 14 41 25 1 3 24 2 14 40 3 35 44 15 14 11
split_gain=107.57 33.9827 31.6916 23.3679 13.9183 13.4696 13.3521 12.7014 12.0688 16.56 16.4494 10.5656 10.0593 10.9174 15.9783 10.8182 10.0484 9.13771 9.11854 10.5644 9.82754 9.0487 11.4816 14.2846 12.5506 11.2219 10.9887 10.2585 10.0077 9.38669
threshold=-0.67916666666666614 5.5000000000000009 5.5000000000000009 0.11500000000000067 0.79500000000000004 -2.1758333333333328 0.0016666666666673715 23.500000000000004 6.6950000000000012 0.025000000000000005 0.24920000000000003 0.047499999999999994 0.27430000000000004 3.5000000000000004 2.5000000000000004 -0.12994999999999998 4.5000000000000009 3.5000000000000004 2.5000000000000004 26.500000000000004 0.093333333333333282 3.5000000000000004 0.076866666666666639 3.5000000000000004 39.500000000000007 0.40055000000000007 6.9850000000000012 -0.02166666666666665 0.067316666666666677 0.32495000000000007
decision_type=2 2 2 2 2 2 2 2 2 2 2 2 2 2 2 2 2 2 2 2 2 2 2 2 2 2 2 2 2 2
left_child=1 12 3 18 16 -3 11 -6 -9 10 -10 21 13 14 -1 -14 -4 -12 19 -2 -21 22 24 27 26 -23 -5 -24 -26 -27
right_child=2 5 4 6 7 -7 -8 8 9 -11 17 -13 15 -15 -16 -17 -18 -19 -20 20 -22 25 23 -25 28 29 -28 -29 -30 -31
leaf_value=0.0045568786684262227 -0.018816170006194052 -0.05504568122882484 -0.021828344812195626 -0.015929035247172627 0.073148233270292295 -0.025892117606189636 0.019386163314989241 -0.0077460806112388848 0.089581905080640317 0.084063436547584525 0.012617342045595429 0.08322138508015145 -0.046181321992538452 -0.024185506296109074 -0.025727703173979613 0.0048303266161004495 0.0076808022153366188 -0.059894937388818265 -0.0023861182695387277 0.016066887167562507 -0.05823591984065353 0.0087660528230427918 -0.029873571536334683 -0.043806329858802791 0.010241429941083877 0.013556934467851098 0.060733659990005143 0.048667213145746173 -0.061709359906589635 0.058047225215166899
leaf_weight=115.68193775415421 27.729733675718307 63.875423431396484 166.48496866226196 123.98979218304157 6.2984581291675559 104.33453883975744 474.48824219405651 103.6327188462019 4.5283308029174867 9.1912094503641111 10.620641618967058 4.6021347194910041 11.33482453227043 177.71687936782837 69.853796258568764 125.13222129642963 34.895027443766594 7.3522907495498648 486.49430678784847 182.44433689117432 4.5614068061113349 139.85812799632549 4.7877365648746482 6.1952632367610923 153.42309053242207 22.608618572354317 4.8574162721633902 31.584199771285057 4.9900268018245688 24.926645427942276
leaf_count=685 140 622 1017 604 32 792 2123 556 21 40 51 20 69 1233 435 754 211 40 2600 920 23 640 23 32 739 104 23 144 24 113
internal_value=-0.000107396 -0.0175239 0.00559354 0.0083945 -0.00826859 -0.0369628 0.0133161 0.00374171 0.000511309 0.0275125 0.0044129 0.00779658 -0.0109806 -0.0153287 -0.0068452 0.000593347 -0.016715 -0.0170457 0.00140193 0.00998395 0.0142545 0.00712546 0.00214054 0.0263747 -0.00145056 0.0158993 -0.0130389 0.0383287 0.00797497 0.0368869
internal_weight=2708.47 667.93 2040.54 1697.54 343.004 168.21 996.311 141.624 135.325 31.6925 22.5013 521.823 499.72 363.253 185.536 136.467 201.38 17.9729 701.23 214.735 187.006 517.221 329.828 42.5672 287.26 187.393 128.847 36.3719 158.413 47.5353
internal_count=14830 4590 10240 8272 1968 1414 4589 740 708 152 112 2466 3176 2353 1120 823 1228 91 3683 1083 943 2446 1589 199 1390 857 627 167 763 217
is_linear=0
shrinkage=0.05


Tree=19
num_leaves=31
num_cat=0
split_feature=13 13 40 9 24 13 27 14 34 14 45 5 4 39 22 15 44 28 7 13 10 28 35 4 27 22 26 20 35 35
split_gain=99.5054 44.7116 28.4366 20.263 15.2932 13.1862 12.6809 9.37924 16.546 12.3376 11.2476 13.3366 11.0472 10.1324 9.50136 9.3834 10.3657 9.2781 9.01934 13.9924 18.0736 10.7819 10.4122 10.1005 9.65749 11.9298 11.3504 8.9498 9.0282 8.829
threshold=-1.1949999999999994 0.11500000000000067 3.5000000000000004 1.7050000000000003 0.0033333333333325226 1.9525000000000008 -0.1350000000000002 0.016925000000000027 5.245000000000001 0.019466666666666663 0.26330000000000003 1.0000000180025095e-35 55.500000000000007 1.5000000000000002 -0.38500000000000018 0.025000000000000005 5.705000000000001 5.5000000000000009 5.3150000000000004 -0.18333333333333399 0.35664999999999997 2.5000000000000004 0.24920000000000003 56.500000000000007 -0.015000000000000123 -0.96499999999999997 -0.05000000000000026 1.5150000000000003 0.31675000000000003 0.43654999999999999
decision_type=2 2 2 2 2 2 2 2 2 2 2 2 2 2 2 2 2 2 2 2 2 2 2 2 2 2 2 2 2 2
left_child=3 2 7 -1 5 17 -4 15 -9 13 14 29 -13 -10 -11 16 -2 -3 19 21 22 23 -21 -18 25 -23 -27 28 -19 -12
right_child=1 4 6 -5 -6 -7 -8 8 9 10 11 12 -14 -15 -16 -17 18 27 -20 20 -22 24 -24 -25 -26 26 -28 -29 -30 -31
leaf_value=-0.043882859271247458 -0.012392026313950611 0.0060668857207802325 0.056289925618977603 -0.017315717226031573 0.016097584794692026 0.040720067894369001 -0.019343322490816793 -0.013288396745030073 0.022960310521878285 0.011985704247604962 0.03243945011468017 -0.0093807069630452346 0.054921851131157821 0.13495592838892601 -0.025451281110043047 0.028290723535668624 0.012941970112676752 -0.046186640049708488 -0.0090545617856143124 0.094258612147833334 0.11474212710490367 -0.022013644524947182 0.006086277457216932 0.083616425302640837 -0.017303051084018275 0.094047548349448173 0.012852058340258713 0.010281056558870152 -0.0072909477740059989 -0.0084464527445760103
leaf_weight=106.79281801730394 234.86785700917244 505.39286345243454 5.6608629077672949 218.86131454259157 576.15130026638508 24.566314041614532 263.83661652356386 74.907442256808281 4.4345034658908826 35.380764186382294 107.09917657077312 53.025194957852364 7.6420343220233908 3.7083837389945984 32.531644061207771 22.792034611105919 49.24182066321373 23.748410031199455 122.91356888413429 3.9703191667795243 6.2653914988040915 12.566295698285105 21.36964276432991 5.6338128596544257 72.169089406728745 6.5532379597425487 12.54107019305229 33.106362238526344 40.127146884799004 15.060759857296942
leaf_count=948 1295 2393 31 1546 2624 104 1784 403 24 191 567 281 39 20 170 119 263 136 643 20 32 70 109 30 413 36 68 168 224 79
internal_value=-0.000107836 0.00344288 -0.00349817 -0.026028 0.0102171 0.00481297 -0.0177546 0.000748756 0.00740678 0.0133949 0.0114279 0.0178821 -0.00128074 0.0739647 -0.00594749 -0.00314412 -0.00445131 0.00334859 0.00150294 0.00832159 0.0387024 0.00227141 0.0199013 0.0201978 -0.00720296 0.0158198 0.0407187 -0.010817 -0.021752 0.0273987
internal_weight=2702.92 2377.26 1174.17 325.654 1203.09 626.941 269.497 904.674 333.79 258.882 250.74 182.827 60.6672 8.14289 67.9124 570.884 548.092 602.375 313.224 190.311 31.6054 158.705 25.34 54.8756 103.83 31.6606 19.0943 96.9819 63.8756 122.16
internal_count=14830 12336 6687 2494 5649 3025 1815 4872 1774 1371 1327 966 320 44 361 3098 2979 2921 1684 1041 161 880 129 293 587 174 104 528 360 646
is_linear=0
shrinkage=0.05


Tree=20
num_leaves=31
num_cat=0
split_feature=13 13 40 28 40 34 40 24 17 12 11 13 8 21 7 46 44 37 24 14 14 3 23 39 39 19 28 18 31 28
split_gain=91.3155 40.2614 26.0001 19.8616 13.9227 12.2743 12.1236 11.8595 11.4712 11.0629 11.0346 10.6974 11.1773 10.1604 9.66058 11.4089 9.29118 9.20175 10.4272 10.5539 10.9378 10.7497 11.4659 11.4282 9.28788 9.75237 10.4405 12.1868 10.7101 9.03079
threshold=-1.1949999999999994 0.11500000000000067 3.5000000000000004 5.5000000000000009 2.5000000000000004 3.9500000000000006 1.0000000180025095e-35 0.04500000000000038 2.5000000000000004 0.15849999999999997 0.41204999999999997 1.3883333333333343 0.27520000000000006 1.0000000180025095e-35 5.7150000000000007 6.955000000000001 6.1850000000000014 2.5000000000000004 -0.030000000000000689 0.03753333333333337 0.042449999999999995 40.500000000000007 6.9450000000000012 1.0000000180025095e-35 2.5000000000000004 0.020000000000000014 5.5000000000000009 4.5000000000000009 5.5000000000000009 4.5000000000000009
decision_type=2 2 2 2 2 2 2 2 2 2 2 2 2 2 2 2 2 2 2 2 2 2 2 2 2 2 2 2 2 2
left_child=3 2 17 -1 6 -6 8 -4 13 -10 -9 12 -7 -3 -11 -16 -12 18 -2 -20 -21 22 -22 -23 25 -19 28 -28 -27 -14
right_child=1 4 7 -5 5 11 -8 10 9 14 16 -13 29 -15 15 -17 -18 24 19 20 21 23 -24 -25 -26 26 27 -29 -30 -31
leaf_value=-0.016429189274572081 -0.0068218442692811361 0.033063371550862468 -0.021092831889638401 -0.042909448680211924 -0.031060348150073719 0.031452693284436992 0.01873895607360394 -0.0095984681201407296 0.051807251593543636 -0.024251057371441377 0.086817541487261465 0.023021977204456749 0.011355951088259856 -0.0037519614768778235 -0.0025982161730768137 0.058507685288418612 -0.0064299708643090177 0.0015112598710032344 0.0035951262552618908 0.082689908240196341 -0.0017493074995843104 0.11556208342005217 0.082985226840994381 0.027786699816959512 -0.035199407991722664 -0.030904527233446156 -0.029800886835654801 0.084047488875094417 0.037638406448223756 -0.005582446818359457
leaf_weight=214.00361265987158 143.05253039300442 52.507052451372147 232.56846510618925 105.83173654973507 24.755599662661552 29.649755015969276 476.63102330267429 22.587235674262047 8.5804236382246 50.409182608127594 6.9442980140447599 70.503387182950974 112.94516383111477 29.142758712172508 83.851853847503662 8.4042361676692945 4.3415077477693558 251.84292228519917 282.89170317351818 6.8303148895502082 59.614286676049232 4.0293422043323508 4.2788900136947623 46.536965653300285 24.572456568479538 65.432127565145493 4.40222220122814 5.0436539053916931 6.2428744286298743 259.45762960612774
leaf_count=1492 786 236 1600 1002 121 149 2122 145 39 242 43 310 524 135 380 37 27 1388 1464 34 303 20 22 235 162 369 26 29 34 1354
internal_value=-0.000108454 0.00326507 -0.00333899 -0.0251914 0.00967417 0.00325946 0.0141703 -0.017067 0.00482026 -0.00333299 0.0105738 0.00505736 0.0019071 0.0199231 -0.00664933 0.00296834 0.0509464 0.000703714 0.00477948 0.00888556 0.0212248 0.0175569 0.00392532 0.034781 -0.00553453 -0.00334529 -0.0184226 0.0309888 -0.0249345 -0.00044524
internal_weight=2697.89 2378.05 1171.21 319.835 1206.84 497.312 709.527 266.442 232.896 151.246 33.873 472.556 402.053 81.6498 142.665 92.2561 11.2858 904.77 547.234 404.182 121.29 114.459 63.8932 50.5663 357.536 332.964 81.1209 9.44588 71.675 372.403
internal_count=14830 12336 6687 2494 5649 2458 3191 1815 1069 698 215 2337 2027 371 659 417 70 4872 2864 2078 614 580 325 255 2008 1846 458 55 403 1878
is_linear=0
shrinkage=0.05


Tree=21
num_leaves=31
num_cat=0
split_feature=13 13 39 9 24 24 13 1 14 3 24 28 47 31 13 39 4 36 12 12 19 12 14 10 14 48 3 4 24 1
split_gain=83.7892 36.2571 24.1095 19.6552 16.3982 13.544 11.5139 10.9809 11.6943 10.9468 10.1336 9.66098 10.3762 9.50626 9.84274 9.71852 9.90989 9.33792 10.1408 9.07166 8.83045 10.2786 9.70088 9.95793 9.92334 9.79818 9.16317 8.3357 8.12923 7.9553
threshold=-1.1949999999999994 0.11500000000000067 2.5000000000000004 1.7050000000000003 0.045000000000001268 0.0033333333333325226 1.9525000000000008 4.5000000000000009 0.082366666666666685 58.500000000000007 0.074999999999999747 5.5000000000000009 3.5000000000000004 2.5000000000000004 -1.1533333333333338 -3.4999999999999996 53.500000000000007 6.8350000000000009 0.35280000000000006 0.34935000000000005 0.020000000000000014 0.41350000000000003 -0.016866666666666665 0.40935000000000005 -0.003025000000000055 -1.0000000180025095e-35 41.500000000000007 53.500000000000007 -0.038333333333332657 5.5000000000000009
decision_type=2 2 2 2 2 2 2 2 2 2 2 2 2 2 2 2 2 2 2 2 2 2 2 2 2 2 2 2 2 2
left_child=3 2 9 -1 11 6 -3 19 -9 13 -10 -4 -13 14 -2 16 17 18 -15 -6 21 22 23 -17 25 -24 -25 -27 -16 -22
right_child=1 5 4 -5 7 -7 -8 8 10 -11 -12 12 -14 15 28 20 -18 -19 -20 -21 29 -23 24 26 -26 27 -28 -29 -30 -31
leaf_value=-0.042546648054648681 0.080483354812706701 0.0027130855875474309 -0.010181570981063343 -0.015768954610089096 0.018501865118451366 0.014671943029245038 0.037455029500394942 -0.016020621234820755 0.089638337173822413 -0.028536985289360123 -0.014890628915278554 -0.036556826467719461 -0.0065393454747547973 0.03769232307913889 -0.0071321946712441971 -0.016947052011938354 -0.017464699281746886 -0.010909586455033534 0.13414452195983417 0.10301476104607428 -0.025554688677176376 -0.02455517252221931 0.0023044414459265396 -0.0048767254610606143 0.008491601448417466 0.036814653442399391 0.076437648035726793 0.13359528498874754 0.012065654739557207 0.022851622907678417
leaf_weight=100.98555430024862 4.7993244379758826 604.63000486791134 274.41902769356966 213.21663726121187 7.4655549079179746 580.54064705967903 24.827292904257774 26.905625104904175 5.8297636806964857 27.242342576384544 3.8497279733419418 87.710130982100964 42.855823710560799 7.1075752526521701 68.158467099070549 64.440247371792793 7.9056681543588629 4.4053103327751151 4.4196933507919312 5.5253103077411652 67.388042971491814 35.400897547602654 5.8490787595510492 8.248369634151457 94.933729290962219 4.4126166999340022 5.9737599790096274 4.4875060617923737 288.746732249856 9.710867911577223
leaf_count=948 27 2921 1650 1546 39 2624 104 174 35 147 22 641 308 37 369 366 41 23 22 29 386 198 32 46 518 25 33 24 1439 56
internal_value=-0.000108537 0.00309756 -0.00318561 -0.0243754 -0.0121857 0.00916363 0.00408339 0.0149572 0.000934823 0.00254719 0.0480651 -0.0155084 -0.0267042 0.0037809 0.00935588 -0.00242975 0.0283011 0.0510099 0.0746733 0.0544471 -0.00486478 0.000163688 0.00480978 -0.00858958 0.0144195 0.0525749 0.029278 0.0856121 0.00839943 -0.0194578
internal_weight=2692.39 2378.19 1168.19 314.202 454.561 1210 629.457 49.576 36.5851 713.63 9.67949 404.985 130.566 686.388 361.705 324.683 23.8382 15.9326 11.5273 12.9909 300.845 223.746 188.345 78.6624 109.683 14.7492 14.2221 8.90012 356.905 77.0989
internal_count=14830 12336 6687 2494 2898 5649 3025 299 231 3789 57 2599 949 3642 1835 1807 123 82 59 68 1684 1242 1044 445 599 81 79 49 1808 442
is_linear=0
shrinkage=0.05


Tree=22
num_leaves=31
num_cat=0
split_feature=13 40 28 24 13 20 40 13 9 11 21 20 15 22 47 8 8 12 9 18 45 46 7 12 13 3 3 8 12 0
split_gain=77.1118 29.3676 23.9958 16.3117 13.6647 12.3574 13.1196 12.2819 11.3507 10.1735 15.6783 10.1221 9.63291 11.5162 10.1657 15.5744 10.4817 11.3628 10.4624 10.2469 10.1085 10.1019 10.0725 9.21964 14.0915 11.4044 9.80451 9.16555 9.12406 8.90864
threshold=-0.67916666666666614 2.5000000000000004 5.5000000000000009 -0.034999999999998803 -2.1758333333333328 -1.0249999999999995 1.0000000180025095e-35 0.23083333333333303 7.2650000000000006 0.44369999999999993 -0.039999999999999994 1.4500000000000002 -0.0083333333333333089 0.31999999999999967 2.5000000000000004 0.46185000000000004 0.49040000000000006 0.39700000000000008 4.3850000000000007 2.5000000000000004 0.24635000000000004 6.9150000000000009 6.3950000000000005 0.34935000000000005 0.97166666666666635 50.500000000000007 47.500000000000007 0.41850000000000004 0.26885000000000003 21.500000000000004
decision_type=2 2 2 2 2 2 2 2 2 2 2 2 2 2 2 2 2 2 2 2 2 2 2 2 2 2 2 2 2 2
left_child=1 5 3 9 -3 6 -1 27 -4 -2 -11 -10 13 -9 18 23 -17 -18 28 -19 22 -22 -15 25 -25 26 29 -5 -14 -16
right_child=2 4 8 7 -6 -7 -8 12 11 10 -12 -13 14 20 15 16 17 19 -20 -21 21 -23 -24 24 -26 -27 -28 -29 -30 -31
leaf_value=-0.035706094070042382 -0.0050401189007790925 -0.047997001875954792 -0.010029819209290143 0.0072000777046054582 -0.021487609383543563 0.0060682813024629809 -0.0066404007568769954 -0.015785384180291764 0.0037825370010634665 0.11288462715758407 0.010903347182984316 0.074859953475121116 0.045914038722582984 -0.02964915187219715 0.025301848754709935 -0.024365142954212198 -0.0032273189820270862 0.067037978958867428 0.028265885673652093 -0.017074116154245048 0.029486176489250105 -0.015261838951121365 0.042744173688375325 -0.0052679885414697513 0.040815296143953295 -0.0068003719633525795 0.091073499613813003 -0.009097003415161389 -0.030769983268976338 0.072981217206636265
leaf_weight=49.722136311233044 334.48524889349937 62.796730205416679 314.83892768621445 516.52517540752888 215.20361399650574 135.59311109781265 177.13264205306768 52.712535127997398 15.869176849722864 4.2075112760066977 36.140397518873215 7.3192452341318122 5.3296151012182262 21.619032189249996 78.061300218105316 39.089295759797096 57.226013973355293 12.514926359057428 216.70509521663189 5.0949997156858435 68.383622005581856 15.464500010013579 6.1778985410928717 61.321019679307938 22.740402102470398 18.675862893462181 7.4276996105909339 103.57338654994965 14.251425117254255 11.20293967425823
leaf_count=345 1726 674 1850 2644 1639 782 1150 242 86 19 182 32 24 98 350 175 250 54 949 23 305 69 27 282 98 84 33 522 67 49
internal_value=-0.0001086 -0.0152504 0.00462892 0.00703659 -0.0274757 -0.00587339 -0.013011 0.00962589 -0.00754328 -0.00217918 0.021538 0.0262176 0.0140968 0.00347626 0.0172726 0.0113678 -0.00338046 0.00758053 0.0251032 0.0427022 0.0125705 0.0212331 -0.0135597 0.0197929 0.00719852 0.0289696 0.0358785 0.00447802 -0.00989794 0.0312858
internal_weight=2687.41 640.448 2046.96 1708.93 278 362.448 226.855 1334.1 338.027 374.833 40.3479 23.1884 713.998 164.358 549.641 313.354 113.925 74.8359 236.286 17.6099 111.645 83.8481 27.7969 199.429 84.0614 115.368 96.6919 620.099 19.581 89.2642
internal_count=14830 4590 10240 8272 2313 2277 1495 6345 1968 1927 201 118 3179 741 2438 1398 502 327 1040 77 499 374 125 896 380 516 432 3166 91 399
is_linear=0
shrinkage=0.05


Tree=23
num_leaves=31
num_cat=0
split_feature=13 13 40 28 22 27 15 37 28 24 11 13 11 35 24 26 45 12 23 34 10 20 35 34 8 35 21 20 0 35
split_gain=71.4235 30.1437 22.0193 18.9899 15.1572 9.4472 8.8201 8.76316 10.7587 18.0223 9.07207 13.3949 8.55904 8.87852 8.55695 8.07397 12.3219 10.6346 10.6661 15.4109 12.7456 10.0723 8.27035 8.04189 8.68518 8.0531 8.35799 8.81829 7.95693 8.59976
threshold=-1.1949999999999994 0.009166666666666325 3.5000000000000004 5.5000000000000009 0.53499999999999981 -0.13000000000000031 -0.048333333333333325 2.5000000000000004 3.5000000000000004 0.034999999999999705 0.29740000000000005 -1.1533333333333338 0.44369999999999993 0.32230000000000009 -0.034999999999999691 0.084999999999999978 0.34710000000000002 0.33690000000000003 6.8550000000000013 6.5650000000000004 0.23859999999999998 -1.0000000180025095e-35 0.40975 5.4350000000000014 0.14215000000000003 0.28115000000000007 0.015000000000000001 -0.92500000000000016 17.500000000000004 0.37440000000000007
decision_type=2 2 2 2 2 2 2 2 2 2 2 2 2 2 2 2 2 2 2 2 2 2 2 2 2 2 2 2 2 2
left_child=3 2 7 -1 14 -4 -7 8 10 23 -2 -12 13 -11 -3 17 -17 -13 19 -19 -21 28 -22 -10 -25 26 27 -26 -20 -30
right_child=1 4 5 -5 -6 6 -8 -9 9 12 11 15 -14 -15 -16 16 -18 18 21 20 22 -23 -24 24 25 -27 -28 -29 29 -31
leaf_value=-0.014328785448011789 -0.00063284600536910117 -0.0083264130838783552 0.050655835082649682 -0.041084504440801535 0.013124714874783503 0.063278103629284349 -0.019815151460403597 -0.0061036971665698481 -0.030749319554744678 0.086044836591819246 0.13228446130030794 0.032454036831959472 -0.032030481886220111 0.02019068037803616 0.0054196863145642912 -0.049144070456755319 0.024787156951320919 -0.026655010601456131 -0.016520500524686878 0.097337392223974112 -0.022874978726191549 0.093394327383770917 0.054236153459974561 0.065578281250809514 -0.01061661290793546 -0.015062067549338119 -0.024614191870032193 0.054299009575368609 0.092009933531041463 0.00026417332341805913
leaf_weight=206.60730803757906 113.94511666893959 143.91819058358669 5.028253734111785 97.667651392519474 664.93366482853889 3.239729367196559 224.33420356363058 319.53705130517483 38.846330150961876 8.7041181176900917 2.4990274012088767 80.656657293438911 4.04954670369625 12.423207402229307 530.66111217439175 11.300965517759325 11.242717474699019 33.606920540332794 9.370471686124807 5.0627328008413341 9.4355374872684461 5.488889515399932 5.5064474195241919 4.2481038421392432 8.2028264105319959 87.403573498129845 9.7353447228670102 14.442374646663668 5.2372808903455716 4.9856919646263123
leaf_count=1492 589 749 27 1002 2997 24 1598 1820 222 45 13 401 21 65 2559 61 58 169 47 25 47 27 26 26 47 489 55 78 26 25
internal_value=-0.000107649 0.00281084 -0.00358241 -0.022917 0.00776757 -0.0171344 -0.0186322 0.000328878 0.00455477 -0.00481152 0.0104587 0.0173127 0.0345582 0.0473215 0.00248702 0.0157331 -0.012274 0.0196954 0.0066185 -0.00597237 0.0287734 0.0335306 0.00554216 -0.0108971 -0.00467945 -0.00717112 0.0141286 0.0307845 0.0167604 0.047266
internal_weight=2682.32 2378.05 1038.53 304.275 1339.51 232.602 227.574 805.931 486.394 188.055 298.338 184.393 25.1769 21.1273 674.579 181.894 22.5437 159.351 78.694 53.6116 20.0047 25.0823 14.942 162.879 124.032 119.784 32.3805 22.6452 19.5934 10.223
internal_count=14830 12336 6031 2494 6305 1649 1622 4382 2562 1048 1514 925 131 110 3308 912 119 793 392 267 98 125 73 917 695 669 180 125 98 51
is_linear=0
shrinkage=0.05


Tree=24
num_leaves=31
num_cat=0
split_feature=13 40 9 13 16 44 15 3 11 27 28 3 45 24 46 37 22 45 42 34 23 35 35 9 45 26 44 18 26 13
split_gain=65.5366 27.6877 19.5134 17.3981 16.0597 13.9932 12.0967 10.7093 10.6799 10.6337 10.3452 12.0022 13.5107 11.3009 10.6464 9.85687 9.83416 9.76621 9.36913 9.32036 9.20148 8.81971 14.1315 11.1649 8.78771 14.4966 11.7102 9.79032 11.4737 10.6776
threshold=-1.2183333333333324 2.5000000000000004 1.7050000000000003 -0.25500000000000028 2.5000000000000004 5.6850000000000014 0.039166666666666676 58.500000000000007 0.44750000000000006 -0.12499999999999999 4.5000000000000009 23.500000000000004 0.38115000000000004 0.048333333333334234 6.7350000000000012 2.5000000000000004 -1.0549999999999999 0.24920000000000003 3.5000000000000004 5.4050000000000011 6.705000000000001 0.44485000000000002 0.40200000000000008 5.7250000000000005 0.48235000000000006 -0.015000000000000123 4.2550000000000008 5.5000000000000009 0.064999999999999961 -0.42000000000000054
decision_type=2 2 2 2 2 2 2 2 2 2 2 2 2 2 2 2 2 2 2 2 2 2 2 2 2 2 2 2 2 2
left_child=2 4 -1 9 21 6 8 -7 15 20 13 12 -12 16 -15 24 -5 -10 -16 -13 -3 22 -2 -23 26 -26 -6 -28 29 -29
right_child=1 3 -4 10 5 7 -8 -9 17 -11 11 19 -14 14 18 -17 -18 -19 -20 -21 -22 23 -24 -25 25 -27 27 28 -30 -31
leaf_value=-0.041541315756668411 0.015470167188850232 -0.012308742521229689 -0.013697697926367713 -0.039074668739739832 -0.026492017572723653 0.010007091466008457 0.072916978060725751 -0.029204945366837643 0.064558783444966336 -0.015860300168299316 0.0095219126799063799 -0.016120681187276057 0.1090142152774223 0.10452581529524348 0.049585353293155221 -0.01536840707348134 0.0087557114193795079 0.0066825600411832969 -0.035061615537365726 -0.00041622547896973258 0.086597253758620207 0.0026122857533270594 -0.013123801987411943 0.046823056865990288 -0.038625106429065872 0.065665528429000961 -0.0011770542267280915 -0.0240809679959086 0.10230639989392575 0.058194400414562752
leaf_weight=92.149282783269882 349.46899715065956 4.6076591461896879 198.41147173196077 11.438493415713308 39.227256804704666 522.03917002677917 5.1234685182571402 18.013319626450539 9.3174410462379438 282.62996032834053 11.988496929407122 136.71190248429775 4.7698592841625205 5.4794345796108272 10.517635032534598 183.37890531122684 177.65343916416168 33.480481639504433 4.7432825267314902 305.8182727098465 4.8025390058755875 21.528840854763985 49.30568915605545 42.413865804672241 4.6620791405439403 11.680119052529333 115.37553332746029 8.2480997443199158 4.977324351668357 7.5558908581733712
leaf_count=939 1521 26 1495 57 194 2645 25 96 48 1949 63 715 25 24 46 996 831 168 21 1664 25 97 218 179 23 58 576 45 26 35
internal_value=-0.000107375 0.00262187 -0.0225281 -0.00393689 0.00704327 0.00336506 -0.0034447 0.00869918 -0.00438089 -0.0141194 0.000507293 -0.00369494 0.03784 0.00970529 0.0447416 -0.0070808 0.00586237 0.0192827 0.023276 -0.00526784 0.0381684 0.0146989 0.0119347 0.0319378 0.000845976 0.0359136 -0.00242161 0.00451316 0.0361046 0.0152549
internal_weight=2677.52 2386.96 290.561 961.161 1425.8 963.079 423.027 540.052 417.903 292.04 669.121 459.289 16.7584 209.832 20.7404 375.105 189.092 42.7979 15.2609 442.53 9.4102 462.717 398.775 63.9427 191.726 16.3422 175.384 136.157 20.7813 15.804
internal_count=14830 12396 2434 5446 6950 4935 2194 2741 2169 2000 3446 2467 88 979 91 1953 888 216 67 2379 51 2015 1739 276 957 81 876 682 106 80
is_linear=0
shrinkage=0.05


Tree=25
num_leaves=31
num_cat=0
split_feature=13 13 28 40 24 24 13 12 14 34 15 14 14 5 3 25 26 22 45 27 24 10 34 36 34 34 39 47 27 18
split_gain=60.07 25.7127 19.157 17.7338 10.9428 10.1887 9.88858 8.97133 8.36927 8.14328 11.8303 10.7113 9.45886 9.27684 9.56392 9.58224 9.50272 9.50125 9.10244 8.8895 7.90474 7.7921 10.4621 8.20971 7.99847 7.71247 7.60328 7.54961 9.3254 9.63171
threshold=-1.2183333333333324 0.11500000000000067 5.5000000000000009 3.5000000000000004 0.0033333333333325226 0.04500000000000038 1.9525000000000008 0.31755000000000005 0.04158333333333334 4.7950000000000008 0.018333333333333358 0.016925000000000027 0.019466666666666663 1.0000000180025095e-35 38.500000000000007 5.5000000000000009 -0.044999999999999922 -0.51500000000000001 0.26645000000000002 -0.034999999999999691 0.06000000000000006 0.20105000000000003 4.6350000000000007 6.9850000000000012 5.785000000000001 4.4650000000000007 1.5000000000000002 3.5000000000000004 -1.0000000180025095e-35 2.5000000000000004
decision_type=2 2 2 2 2 2 2 2 2 2 2 2 2 2 2 2 2 2 2 2 2 2 2 2 2 2 2 2 2 2
left_child=2 3 21 9 6 27 -3 -7 20 10 -2 -11 26 18 -15 16 -16 -18 -14 -19 -9 23 -23 -1 -25 -8 -13 -5 -29 -30
right_child=1 4 -4 5 -6 7 25 8 -10 11 -12 12 13 14 15 -17 17 19 -20 -21 -22 22 -24 24 -26 -27 -28 28 29 -31
leaf_value=-0.023215412412199946 -0.016332891302166988 0.0017364905476146887 -0.04066760443545453 -0.024713424519316973 0.012484441342149072 -0.024266476921733355 -0.022617969758493017 0.044991352330590678 0.065240089570719306 -0.0022006635455818005 0.04801587400613952 0.018876395511261503 -0.002898561173789887 -0.020039254308836862 -0.036472281651452755 -0.047750767101297671 0.063021434311010982 0.059154431148021991 0.021205149647711308 -0.016916923452467938 -0.033404295313421088 0.080262878159101769 -0.0041301892055972435 -0.015818199396845145 0.097199793465495121 0.047438188770861617 0.10951725318379335 -0.042720722894757757 0.034910762213781664 -0.0095185297771642231
leaf_weight=119.70034219324589 106.66531805694103 607.90451566874981 91.263147845864296 150.30531112104654 586.59420317411423 11.818955957889555 4.8789380937814739 6.0578775405883807 9.4841560870408994 501.41434523463249 7.6551818251609793 5.1940805613994581 54.557286933064461 48.837512955069542 5.9532075673341742 5.7687025517225257 14.051689833402635 5.6906210333108929 138.854675963521 11.811578616499899 6.8529394641518593 3.8934533149003974 64.673374943435192 3.4642555415630332 2.8562160581350327 20.169704988598824 4.171959400177002 13.375953152775763 17.272662229835987 41.523662194609642
leaf_count=923 592 2921 992 1092 2624 79 21 40 55 2735 40 28 292 258 30 33 74 27 725 64 45 27 443 28 21 83 21 91 122 304
internal_value=-0.000106661 0.00248739 -0.0217671 -0.00281699 0.0075646 -0.0144245 0.00300509 0.0109773 0.0295772 0.000454994 -0.0120239 0.00224651 0.00980821 0.00818635 -0.0048732 0.012242 0.021469 0.0324007 0.014406 0.00781672 0.00337968 -0.0129026 0.000661931 -0.0202829 0.0352545 0.0337928 0.059251 -0.018331 -0.00503895 0.00353351
internal_weight=2672.72 2386.87 285.851 1167.32 1219.55 256.692 632.953 34.2139 22.395 910.626 114.32 796.306 294.891 285.525 92.1133 43.2758 37.5071 31.5539 193.412 17.5022 12.9108 194.588 68.5668 126.021 6.32047 25.0486 9.36604 222.478 72.1723 58.7963
internal_count=14830 12396 2434 6747 5649 1828 3025 219 140 4919 632 4287 1552 1503 486 228 195 165 1017 91 85 1442 470 972 49 104 49 1609 517 426
is_linear=0
shrinkage=0.05


Tree=26
num_leaves=31
num_cat=0
split_feature=13 40 40 20 24 40 9 47 13 36 45 20 22 14 1 3 20 40 9 1 3 7 25 10 44 45 9 44 0 46
split_gain=55.5422 25.147 18.9834 12.8279 12.3239 10.7737 9.82809 13.2441 9.19348 11.6578 9.148 8.83788 8.81787 8.79576 14.5582 11.8815 8.75221 8.6814 9.15815 8.61755 13.1864 8.61012 9.74608 8.59179 8.73112 9.45181 10.1344 10.8215 8.5763 10.2261
threshold=-0.67916666666666614 3.5000000000000004 2.5000000000000004 -0.98999999999999944 -0.013333333333333195 1.0000000180025095e-35 5.0950000000000006 2.5000000000000004 0.33500000000000046 6.6050000000000013 0.44244999999999995 1.1099999999999999 -0.060000000000000268 0.0057416666666665903 2.5000000000000004 28.500000000000004 -0.18500000000000003 1.0000000180025095e-35 1.7050000000000003 4.5000000000000009 23.500000000000004 2.7100000000000004 3.5000000000000004 0.15709999999999999 6.4150000000000009 0.24459999999999996 6.1250000000000009 5.7150000000000007 16.500000000000004 6.9450000000000012
decision_type=2 2 2 2 2 2 2 2 2 2 2 2 2 2 2 2 2 2 2 2 2 2 2 2 2 2 2 2 2 2
left_child=1 3 5 17 16 13 -7 10 -9 -10 28 -12 -11 -2 15 -15 -4 -1 -19 23 -21 -3 -23 -6 25 26 27 -25 -8 -30
right_child=2 21 4 -5 19 6 7 8 9 12 11 -13 -14 14 -16 -17 -18 18 -20 20 -22 22 -24 24 -26 -27 -28 -29 29 -31
leaf_value=-0.032794559949893214 -0.0050297618103895859 -0.04926355134803756 -0.021569869172202254 0.0038663605407459772 -0.0147236290266833 0.00414202515841964 0.014279974902712315 -0.0022640871665363985 0.082411001735364434 0.043278188380383817 0.069537426702965741 0.006493634122866767 0.0087300763240253012 -0.01713554997403657 -0.012081715640227579 0.026215181238009595 -0.0040496573622115289 -0.029585854018225943 -0.0050855210089025497 0.045499444701116332 -0.0036786467873911838 -0.0053661256364047321 -0.035307898944928286 0.042107889481022592 -0.0026835068000028812 0.017678014470252506 -0.0055877377860972261 0.1303826633027132 0.029669936076089105 0.096131340586662506
leaf_weight=49.017029471695423 237.45728924870491 44.130865156650543 101.86812160164118 163.77620965987444 24.514122515916824 308.86465787887573 136.84313862025738 118.36235383152962 6.3492750227451316 21.305779248476028 19.713377058506016 7.7424180358648291 138.7399443089962 18.734757006168365 52.762973427772522 101.10441610217094 237.40587546676397 47.133681632578373 199.93853585422039 14.246188133955 315.60126250237226 45.586958646774292 67.301177784800529 8.588509604334833 38.756078451871872 79.020261541008949 4.8773097246885291 5.8274918198585501 46.027108579874039 6.6202418506145468
leaf_count=353 1164 551 631 973 124 1496 624 572 27 93 90 33 594 90 255 474 1290 426 1304 75 1736 391 592 40 184 362 22 27 207 30
internal_value=-0.000106084 -0.013261 0.0038499 -0.00736206 -0.00198062 0.0078179 0.011159 0.0154789 0.00838803 0.0159652 0.0247861 0.0517593 0.0133292 0.00121353 0.00980273 0.0194381 -0.00931016 -0.0135728 -0.00975942 0.00307955 -0.00155463 -0.0305373 -0.0232167 0.0125395 0.0174153 0.0253385 0.0567137 0.0777919 0.0208778 0.0380273
internal_weight=2668.22 616.884 2051.33 459.865 830.705 1220.63 810.568 501.704 284.757 166.395 216.946 27.4558 160.046 410.059 172.602 119.839 339.274 296.089 247.072 491.431 329.847 157.019 112.888 161.584 137.07 98.3136 19.2933 14.416 189.49 52.6474
internal_count=14830 4590 10240 3056 4491 5749 3766 2270 1286 714 984 123 687 1983 819 564 1921 2083 1730 2570 1811 1534 983 759 635 451 89 67 861 237
is_linear=0
shrinkage=0.05


Tree=27
num_leaves=31
num_cat=0
split_feature=13 13 48 3 40 9 28 24 28 40 27 17 23 33 15 36 31 34 20 15 21 14 24 20 8 9 28 24 14 8
split_gain=51.72 28.0235 18.5707 11.376 11.3431 11.099 12.1378 11.451 10.9657 9.13144 10.3565 10.372 9.70564 11.0104 10.3745 9.33819 9.0126 10.4961 9.77726 9.29273 8.7391 8.67118 8.62331 9.12512 10.4201 10.0207 9.99932 10.2944 8.52163 8.41147
threshold=-1.6583333333333328 -0.10416666666666695 1.5000000000000002 21.500000000000004 2.5000000000000004 4.205000000000001 3.5000000000000004 -0.063333333333332117 5.5000000000000009 1.0000000180025095e-35 -0.044999999999999922 2.5000000000000004 6.9450000000000012 0.15500000000000003 0.010000000000000024 6.8450000000000006 2.5000000000000004 6.8150000000000004 0.090000000000000094 0.021666666666666713 -0.074999999999999983 -0.10299999999999998 -0.013333333333334084 -0.18500000000000003 0.47675000000000001 6.7650000000000006 5.5000000000000009 -0.0899999999999994 0.007424999999999988 0.44480000000000003
decision_type=2 2 2 2 2 2 2 2 2 2 2 2 2 2 2 2 2 2 2 2 2 2 2 2 2 2 2 2 2 2
left_child=8 2 5 -4 9 6 16 -7 -1 10 15 -12 20 14 -14 29 17 19 -18 -2 -11 -5 23 -6 25 26 -25 -28 -17 -3
right_child=1 4 3 21 22 7 -8 -9 -10 12 11 -13 13 -15 -16 28 18 -19 -20 -21 -22 -23 -24 24 -26 -27 27 -29 -30 -31
leaf_value=-0.017503680016877101 -0.00097242266316398284 0.021233781740468916 0.046595538114435731 -0.03344144560276717 -0.028473657256368048 -0.020593158873147117 -0.025131224823709292 0.0083466476648631268 -0.045835273253016895 0.081058521297826702 0.011695625996604838 -0.011314120941141767 -0.0025330417508464109 -0.022088360619852684 0.058294261786184 0.025014813079280114 -0.02155058513765255 0.052300081064028149 0.059538817673238577 0.072305912813504458 0.014925797105072278 -0.0114110599497559 0.0054442477016098684 0.0096654630728869022 -0.021702292277701846 0.041368557091461665 0.047558769698951106 -0.029632653496317114 0.089586470640162508 -0.021518899334108492
leaf_weight=78.746308214962482 88.485275372862816 31.662793219089508 7.8370746597647658 51.225198268890381 40.318320482969284 37.711739517748356 71.990875385701656 365.16878871619701 60.311154328286648 5.0448677241802207 75.452489987015724 139.56901368498802 21.09355050325394 38.750139161944389 10.498930856585501 18.43466874957085 55.28879938274622 11.998257741332052 3.9852602034807196 4.5488707274198523 509.85796917974949 348.80657781660557 368.49982808530331 84.588400647044182 51.023875504732132 16.423852488398552 4.9053272753953925 36.146582171320915 7.0687307715415946 18.071335583925247
leaf_count=670 483 146 55 352 229 225 476 2008 754 21 346 665 99 180 46 83 334 64 22 23 2262 2359 1808 428 256 82 29 215 31 79
internal_value=-0.000105011 0.00153024 -0.00472745 -0.0130633 0.0059651 0.00059179 -0.0080114 0.00563773 -0.0297915 0.00959772 0.00234691 -0.00323985 0.0131938 -0.00422689 0.0176813 0.0183133 -0.000510347 0.00828673 -0.0160986 0.00261049 0.0155737 -0.0142321 0.00068125 -0.00683853 -0.00232094 0.00464008 -0.000161109 -0.020409 0.042912 0.00569922
internal_weight=2663.51 2524.46 1047.05 407.869 1477.41 639.178 236.297 402.881 139.057 875.504 290.259 215.022 585.245 70.3426 31.5925 75.2375 164.306 105.032 59.2741 93.0341 514.903 400.032 601.906 233.406 193.088 142.064 125.64 41.0519 25.5034 49.7341
internal_count=14830 13406 6401 2766 7005 3635 1402 2233 1424 3958 1350 1011 2608 325 145 339 926 570 356 506 2283 2711 3047 1239 1010 754 672 244 114 225
is_linear=0
shrinkage=0.05


Tree=28
num_leaves=31
num_cat=0
split_feature=13 13 40 22 28 24 11 35 46 34 37 28 24 11 44 26 45 12 20 46 34 45 46 26 11 27 5 45 19 44
split_gain=47.7958 25.3938 19.1838 12.0786 10.739 7.95543 9.13497 9.31277 7.98547 8.23021 7.64054 11.0298 11.8984 7.92873 9.18985 10.7711 9.14955 11.1792 9.07374 7.55651 7.51969 9.87265 7.47116 7.45695 7.45581 7.71626 7.99399 8.34145 9.19379 7.53166
threshold=-1.6583333333333328 0.009166666666666325 3.5000000000000004 0.53499999999999981 5.5000000000000009 0.010000000000001121 0.34960000000000008 0.40055000000000007 6.7650000000000006 4.4150000000000009 2.5000000000000004 3.5000000000000004 0.034999999999999705 0.29740000000000005 6.4250000000000007 0.1000000000000001 0.25100000000000006 0.25700000000000006 -1.3900000000000001 6.8850000000000007 5.4350000000000014 0.10959999999999996 6.7950000000000008 0.039999999999999598 0.42705000000000004 -0.07499999999999972 1.0000000180025095e-35 0.25100000000000006 1.0000000180025095e-35 5.7550000000000008
decision_type=2 2 2 2 2 2 2 2 2 2 2 2 2 2 2 2 2 2 2 2 2 2 2 2 2 2 2 2 2 2
left_child=4 2 10 -3 -1 8 -7 -8 9 -4 11 13 20 14 15 -2 17 -16 -17 22 -13 23 -14 -22 29 -26 27 28 -27 -12
right_child=1 3 5 -5 -6 6 7 -9 -10 -11 24 12 19 -15 16 18 -18 -19 -20 -21 21 -23 -24 -25 25 26 -28 -29 -30 -31
leaf_value=-0.016845883740821001 -0.01582114280598294 0.0014214653729374461 0.056911649882688112 0.010881195858629952 -0.045263550094774459 -0.019274904803908879 0.027879330512944556 -0.026950027237960285 -0.031846105280234328 -0.014185499892052573 -0.017673661255986847 -0.028987457054102231 0.031543556028012204 0.014608736158262595 0.012050589994011986 -0.012000784505720065 0.0015115453330117907 0.10183026577427817 0.094014986858319105 0.061483011714179497 0.075955117889596635 -0.0088809496044058422 -0.030620834823172096 -0.0085717474877414455 -0.038412482285829885 0.028751888434756703 -0.014432232367244039 0.015875478478957272 0.13019024236923427 -0.0019898937354784724
leaf_weight=77.755883812904358 79.800813630223274 678.24735277891159 4.3099463507533065 671.55376766622066 58.076149366796017 43.550633288919926 30.002670183777809 10.439088851213453 95.213488794863224 73.264350928366184 141.93698792904615 42.754467688500881 12.048027023673063 213.32747389376163 7.9929048717021924 3.7768327444791794 27.609938189387321 6.1238262057304382 4.3347308039665204 9.1146579235792142 6.3103277683258039 126.88455825299025 8.0712523162364942 4.4486932381987572 7.0033744052052489 5.3087270110845548 13.841152206063269 25.701705619692802 3.8563425689935684 166.15629502385855
leaf_count=670 426 3308 34 2997 754 318 211 77 751 576 861 261 66 1085 41 22 141 31 23 47 35 737 44 26 38 30 81 146 23 970
internal_value=-0.000104148 0.00145133 -0.00392924 0.00612788 -0.0289961 -0.0160078 -0.00338499 0.0137264 -0.0221438 -0.0102354 -0.000544766 0.00315963 -0.00587575 0.00868234 -0.00106983 -0.0102413 0.0182532 0.0509969 0.0446529 0.0237151 -0.010671 -0.00498161 0.00660506 0.0410045 -0.00617154 0.0106611 0.0177171 0.0304795 0.0714336 -0.00921532
internal_weight=2658.82 2522.98 1173.18 1349.8 135.832 256.78 83.9924 40.4418 172.788 77.5743 916.403 552.599 209.632 342.967 129.639 87.9124 41.7267 14.1167 8.11156 29.2339 180.398 137.644 20.1193 10.759 363.805 55.7113 48.7079 34.8668 9.16507 308.093
internal_count=14830 13406 7101 6305 1424 1967 606 288 1361 610 5134 2985 1216 1769 684 471 213 72 45 157 1059 798 110 61 2149 318 280 199 53 1831
is_linear=0
shrinkage=0.05


Tree=29
num_leaves=31
num_cat=0
split_feature=7 13 39 24 34 11 22 21 44 9 10 45 44 4 27 4 1 4 17 34 15 0 27 8 48 27 48 9 20 45
split_gain=44.612 23.9941 17.7862 12.6535 12.8745 10.9568 10.8953 10.5884 9.85526 8.66825 8.20804 7.99093 7.93284 11.6898 10.0552 7.89441 7.60781 7.25954 8.0179 8.00216 8.96322 8.14474 9.78558 7.32809 7.20994 7.13979 7.03844 7.80829 7.05627 6.62841
threshold=3.0650000000000004 0.009166666666666325 2.5000000000000004 0.010000000000001121 3.8050000000000002 0.34115000000000001 0.53499999999999981 -0.074999999999999983 5.7550000000000008 1.2350000000000001 0.60250000000000015 0.41204999999999997 4.9150000000000009 53.500000000000007 -0.010000000000000229 44.500000000000007 4.5000000000000009 53.500000000000007 5.5000000000000009 4.5450000000000008 0.0033333333333333344 5.5000000000000009 0.069999999999999854 0.11299999999999996 1.5000000000000002 0.090000000000000316 2.5000000000000004 4.1150000000000011 0.81500000000000006 0.65190000000000003
decision_type=2 2 2 2 2 2 2 2 2 2 2 2 2 2 2 2 2 2 2 2 2 2 2 2 2 2 2 2 2 2
left_child=9 2 7 10 -5 11 25 -2 17 -1 26 16 13 14 -7 -10 -6 18 19 20 -9 22 24 -23 -21 29 27 -4 -29 -3
right_child=1 6 3 4 5 12 -8 8 15 -11 -12 -13 -14 -15 -16 -17 -18 -19 -20 21 -22 23 -24 -25 -26 -27 -28 28 -30 -31
leaf_value=-0.04754452781423861 0.071494105022031199 0.0017699412938201966 -0.027768570102976748 0.09764193292419332 0.019624096996048675 0.021396483885790418 0.010345714035010917 -0.052509987815833326 0.059442611623049826 -0.019533519109497414 0.04312711970216563 -0.057360586801795281 0.0031799203307777014 -0.0087266308499313796 0.12791472192457851 0.0045472902987489369 -0.021457516269003454 -0.015334564172070898 -0.02445037369239559 -0.0013799954773562762 0.030391987512219609 0.067983844996415216 0.10154618401230571 0.00057359248968295873 0.066053013609162589 -0.020863919675784839 -0.02832504983289488 -0.0029536820768425562 -0.051425335915295259 0.035484604980829802
leaf_weight=45.024218052625656 5.2693445533514014 629.22669263184071 58.805576518177986 3.350000448524951 16.190414145588875 3.9978313446044913 673.26071988046169 11.507925964891912 6.6558095365762702 71.448051474988461 5.5084706097841254 10.158806614577768 56.464963741600513 6.2317729368805876 4.9697381779551497 408.92437253147364 37.078116282820702 130.32314339280128 28.32744162529707 12.87666522711516 4.54934437572956 4.1783427819609633 4.4999336302280417 114.8052622154355 5.7268959879875174 34.289533317089081 113.42664600908756 124.52097334712744 7.9900450482964507 14.924241587519644
leaf_count=566 27 3066 427 20 92 24 2995 66 35 701 33 69 379 40 32 2234 272 742 165 70 24 26 26 639 34 171 902 834 49 70
internal_value=-0.000103551 0.00128501 -0.0039043 -0.0117541 0.000815631 -0.00158547 0.00583947 0.000870545 0.000362417 -0.0303616 -0.0173629 -0.0167215 0.0118108 0.0438743 0.0804278 0.00542648 -0.00897119 -0.00628075 4.68562e-05 0.0044349 -0.0290222 0.00821589 0.0353825 0.00294084 0.0193785 0.00136764 -0.0184564 -0.0126055 -0.00587639 0.00255107
internal_weight=2654.51 2538.04 1186.34 448.693 138.442 135.092 1351.7 737.644 732.375 116.472 310.252 63.4273 71.6643 15.1993 8.96757 415.58 53.2685 316.795 186.472 158.144 16.0573 142.087 23.1035 118.984 18.6036 678.44 304.743 191.317 132.511 644.151
internal_count=14830 13563 7261 3173 928 908 6302 4088 4061 1267 2245 433 475 96 56 2269 364 1792 1050 885 90 795 130 665 104 3307 2212 1310 883 3136
is_linear=0
shrinkage=0.05


Tree=30
num_leaves=31
num_cat=0
split_feature=13 40 13 40 20 3 25 28 4 19 21 9 35 48 22 34 45 28 36 35 44 44 17 15 44 12 44 24 7 24
split_gain=41.2809 21.8971 16.5797 13.5713 14.4233 10.7349 11.0861 10.4236 10.1373 10.373 9.39429 9.45138 13.7006 11.2378 13.4301 10.4934 8.68297 8.51804 9.96723 13.7828 9.52942 8.50552 17.2017 11.4048 8.49711 10.9214 10.069 8.30118 9.07199 8.09917
threshold=-1.6583333333333328 2.5000000000000004 -0.30250000000000016 1.0000000180025095e-35 -1.4650000000000001 58.500000000000007 2.5000000000000004 5.5000000000000009 44.500000000000007 0.015000000000000001 -0.074999999999999983 5.1150000000000011 0.66025000000000011 1.0000000180025095e-35 1.0000000180025095e-35 6.9650000000000007 0.49730000000000002 1.5000000000000002 6.6650000000000009 0.29390000000000005 4.035000000000001 5.1850000000000014 3.5000000000000004 0.021666666666666657 4.6450000000000005 0.27820000000000006 3.7000000000000006 -0.063333333333332117 4.3850000000000007 0.0016666666666673715
decision_type=2 2 2 2 2 2 2 2 2 2 2 2 2 2 2 2 2 2 2 2 2 2 2 2 2 2 2 2 2 2
left_child=7 3 -3 4 -2 8 -7 -1 9 -5 -10 12 21 -13 16 -16 -15 18 19 -6 -20 22 24 -24 26 -26 -12 -22 -29 -4
right_child=1 2 29 5 17 6 -8 -9 10 -11 11 13 -14 14 15 -17 -18 -19 20 -21 27 -23 23 -25 25 -27 -28 28 -30 -31
leaf_value=-0.015581342126609119 -0.030632286302404079 -0.014046493231631971 -0.0050068005735306609 0.079575522925489584 0.049238239522702232 0.041750803615761119 -0.040536459816786226 -0.044268624537710438 0.058082218290849821 -0.010021825107513914 -0.015295569796452467 0.0051774120217177068 -0.063002025728998698 0.0030105305910728278 0.024244973983832119 0.061842337489419898 0.056833588263669056 -0.004772211594298535 -0.031846260655804155 -0.038014368256067479 -0.02978546596037825 0.0095669773780384763 -0.02778634334926083 0.043910800888901313 0.034380663487413109 -0.02612343021292883 0.035092414113708163 0.042456351665751228 0.012718955843507984 0.0058681598783415986
leaf_weight=75.864366501569748 39.281107820570469 309.38316713273525 381.2150534838438 9.944568455219267 5.7524136602878597 5.1423990875482586 20.05964694917202 54.349898301064968 9.5263597741723043 4.7846044450998297 13.150943994522093 252.2162619382143 7.7774422392249098 105.27441794425249 131.96257130801678 21.595594674348831 8.0675110518932325 276.31074807792902 10.943143486976622 21.230470031499863 9.1756876409053785 262.62308130413294 71.080069065093994 6.016030251979827 10.486590519547461 25.829107686877251 40.287451736629009 32.795550420880318 117.66128614544868 310.78667952120304
leaf_count=670 259 2323 2057 47 28 25 109 754 42 25 65 1139 41 521 570 95 39 1392 54 106 49 1360 382 30 54 132 198 177 554 1533
internal_value=-0.000102924 0.00131539 -0.00442454 0.00509944 -0.00151729 0.00847516 -0.023746 -0.0275551 0.00930325 0.0504708 0.00867547 0.00818333 0.00276741 0.0127452 0.0198965 0.0295325 0.00684158 0.000896176 0.00882414 -0.0194132 0.0132909 0.00395845 -0.00486941 -0.0221916 0.0100098 -0.00865215 0.0226922 0.0163852 0.0192009 -0.000122719
internal_weight=2650.57 2520.36 1001.38 1518.98 513.15 1005.82 25.202 130.214 980.623 14.7292 965.893 956.367 437.251 519.116 266.9 153.558 113.342 473.869 197.559 26.9829 170.576 429.473 166.85 77.0961 89.7541 36.3157 53.4384 159.633 150.457 692.002
internal_count=14830 13406 5913 7493 2619 4874 134 1424 4740 72 4668 4626 2262 2364 1225 665 560 2360 968 134 834 2221 861 412 449 186 263 780 731 3590
is_linear=0
shrinkage=0.05


Tree=31
num_leaves=31
num_cat=0
split_feature=7 13 28 3 24 19 17 15 8 15 36 37 9 33 39 24 0 22 22 10 14 3 24 4 37 41 0 15 0 34
split_gain=38.5596 20.6716 20.6158 11.4317 9.32177 8.95685 11.362 15.1036 8.90278 15.1682 17.4958 8.60863 8.53359 8.39451 7.70779 9.19024 9.27163 7.21807 8.49317 8.50489 17.6909 10.0898 10.8362 6.82621 10.0193 7.69671 9.25315 6.81491 11.9592 9.80029
threshold=3.0650000000000004 0.63916666666666722 5.5000000000000009 58.500000000000007 -0.034999999999998803 -1.0000000180025095e-35 5.5000000000000009 -0.048333333333333325 0.11299999999999996 0.0049999999999999914 6.7250000000000005 3.5000000000000004 1.2350000000000001 0.12500000000000003 -3.4999999999999996 0.055000000000000167 8.5000000000000018 -1.1400000000000001 -0.98999999999999944 0.23859999999999998 0.034566666666666669 28.500000000000004 -0.059166666666666583 54.500000000000007 3.5000000000000004 3.5000000000000004 7.5000000000000009 0.01999999999999998 16.500000000000004 6.5550000000000006
decision_type=2 2 2 2 2 2 2 2 2 2 2 2 2 2 2 2 2 2 2 2 2 2 2 2 2 2 2 2 2 2
left_child=12 2 3 4 5 13 7 -7 9 10 -6 -10 -1 -2 15 16 -13 -15 -19 20 21 -20 -23 -4 -25 26 -26 -3 -29 -30
right_child=1 27 23 -5 8 6 -8 -9 11 -11 -12 14 -14 17 -16 -17 -18 18 19 -21 -22 22 -24 24 25 -27 -28 28 29 -31
leaf_value=-0.046651176140515255 0.067535510739835006 0.0055972845665733292 -0.0090616132596869729 -0.021784115341506163 0.10964139790699814 0.098821108737129112 -0.033324792906875449 -0.0075984033718651464 0.0052165008159400323 0.13215517683407338 -0.014651977824688911 0.066471405146247137 -0.018106314107640967 -0.018423078933177146 -0.010317363851807461 -0.042289079672007776 0.0044023255331835645 0.084611287189657214 -0.065487742591534601 -0.0030350482441639393 0.11781421016558979 -0.018514398150882787 0.070788167268692082 -0.034954070486197822 -0.063890706105912881 0.068483415544956308 0.028101259305792315 0.0083636353018503792 0.027082834296058258 0.084496017942067431
leaf_weight=42.103474672883749 5.2507066875696173 490.18902444839478 220.14410535246134 54.329550065100193 3.7738607674837139 3.3938129618763915 46.229256562888622 189.50925526022911 930.70245575159788 3.4818125218152991 11.33520772308111 10.205891892313963 69.242410369217396 29.479647777974606 170.68033254146576 5.362620696425437 14.657085619866846 3.6792834699153891 3.5478954166173997 58.55572684854269 4.8432512059807769 6.3634965568780935 7.28671339899301 63.52473545819521 4.794613800942896 4.1263931319117537 6.3590995669364929 126.54378351569176 47.698132231831551 8.8049369901418668
leaf_count=566 30 2189 1554 320 25 22 276 1115 4855 19 75 51 701 181 926 27 73 22 20 309 26 37 41 488 29 26 37 549 204 37
internal_value=-0.000101922 0.00116306 -0.00155224 0.00074915 0.00156079 -0.0054834 -0.0110615 -0.00572613 0.00375414 0.0380739 0.0163933 0.00319031 -0.0289 0.0057253 -0.00619606 0.0170764 0.0298808 0.00287229 0.0103214 0.00693 0.0334034 0.00963206 0.0291568 -0.0135821 -0.0262102 0.0101411 -0.0114431 0.00867137 0.0169036 0.0360296
internal_weight=2646.2 2534.85 1861.62 1562.67 1508.34 358.139 239.132 192.903 1150.2 18.5909 15.1091 1131.61 111.346 119.007 200.906 30.2256 24.863 113.756 84.2764 80.5971 22.0414 17.1981 13.6502 298.949 78.8048 15.2801 11.1537 673.236 183.047 56.5031
internal_count=14830 13563 10584 8450 8130 2079 1413 1137 6051 119 100 5932 1267 666 1077 151 124 636 455 433 124 98 78 2134 580 92 66 2979 790 241
is_linear=0
shrinkage=0.05


Tree=32
num_leaves=31
num_cat=0
split_feature=13 40 9 9 13 21 1 11 24 13 44 9 7 8 44 34 20 13 4 19 48 10 34 26 7 35 44 40 15 37
split_gain=35.8819 15.8223 15.1839 13.4008 11.2981 10.4736 10.6014 15.6943 9.62869 9.20274 10.9699 13.5083 11.2894 9.76557 10.372 9.67949 9.34868 9.45812 9.4719 10.4848 8.9873 11.1391 8.88653 12.5551 8.81706 12.8218 8.61906 8.37537 8.07903 10.6998
threshold=-1.2183333333333324 3.5000000000000004 1.7050000000000003 4.5650000000000004 1.009166666666667 -0.074999999999999983 2.5000000000000004 0.29695000000000005 -0.056666666666666192 0.28916666666666663 4.3750000000000009 4.7250000000000005 5.4050000000000011 0.4411500000000001 6.8750000000000009 4.3150000000000004 0.2850000000000002 -0.40083333333333332 54.500000000000007 0.025000000000000012 1.5000000000000002 0.39945000000000003 6.1950000000000012 0.084999999999999978 6.455000000000001 0.27315000000000006 3.5350000000000006 1.0000000180025095e-35 -0.0073333333333333297 1.5000000000000002
decision_type=2 2 2 2 2 2 2 2 2 2 2 2 2 2 2 2 2 2 2 2 2 2 2 2 2 2 2 2 2 2
left_child=2 3 -1 5 -3 -2 26 -8 -5 10 11 -10 15 14 28 -12 17 20 -19 27 -17 -22 23 24 -15 -26 -7 -20 -11 -30
right_child=1 4 -4 8 -6 6 7 -9 9 13 12 -13 -14 22 -16 16 -18 18 19 -21 21 -23 -24 -25 25 -27 -28 -29 29 -31
leaf_value=-0.036755045857958135 0.070209350134471729 -0.0092733210768127568 -0.010064800429145914 -0.0054778335573991456 0.01005057718128515 -0.047902399372334072 -0.02241508522999832 -0.00049961890147968372 0.053964429185249511 0.0021294974730873585 -0.025857465543747113 -0.03595624656940237 -0.0024104903498056631 -0.022048561704709299 0.057116037487888606 0.017111613747183282 -0.009894068972558831 0.041298252515738827 -0.018502589419200032 -0.04866640417249387 -0.027804374550258432 0.053076359973371873 0.01459808752890341 0.072187894244247847 -0.026279602796616876 0.01466016916217097 0.0084258844546345555 0.044746735884734212 0.034721782516084647 0.012263549408758411
leaf_weight=74.710686340928078 4.9012688547372809 429.68155124783516 185.82355170696974 143.63711221516132 91.801065012812614 7.0531591325998297 126.75987503677607 229.77342533320189 4.8462426215410224 73.358490660786629 15.536472640931605 30.22573584318161 244.00513830780983 50.728406816720963 16.609892934560776 95.1443230509758 33.277201369404793 64.413488119840622 7.9831081479787889 6.5522664487361899 25.206586211919788 5.1219606921076766 153.8323622494936 5.4409757107496253 26.150564849376678 71.184421092271805 182.85619004070759 15.198828011751173 88.628298208117485 132.05979369580746
leaf_count=939 25 2815 1495 740 425 37 698 1228 25 325 85 158 1208 219 72 512 175 313 41 32 155 31 663 23 111 301 943 72 380 584
internal_value=-0.000101341 0.00182558 -0.0177185 0.00398305 -0.00587157 -0.00255586 -0.00320852 -0.00829132 0.0067369 0.00824225 0.00352198 -0.023531 0.00537352 0.0124242 0.0186758 0.0124491 0.0148025 0.0185445 0.0305231 0.00718077 0.00955644 -0.014145 0.006105 -0.00240623 -0.00514738 0.00366106 0.00633387 0.0229657 0.0165044 0.0212828
internal_weight=2642.5 2381.97 260.534 1860.49 521.483 551.344 546.443 356.533 1309.14 1165.5 547.511 35.072 512.439 617.993 310.656 268.434 252.898 219.621 94.1477 29.7342 125.473 30.3285 307.337 153.504 148.063 97.335 189.909 23.1819 294.047 220.688
internal_count=14830 12396 2434 9156 3240 2931 2906 1926 6225 5485 2807 183 2624 2678 1361 1416 1331 1156 458 145 698 186 1317 654 631 412 980 113 1289 964
is_linear=0
shrinkage=0.05


Tree=33
num_leaves=31
num_cat=0
split_feature=7 13 48 3 28 13 20 9 24 23 8 41 28 8 35 28 44 22 36 11 10 14 26 44 23 19 14 27 9 45
split_gain=33.2489 17.9943 12.7056 10.5086 9.6094 9.5131 11.1854 9.36366 9.3131 9.29455 9.59328 9.05784 10.4251 8.61419 8.52088 8.45005 9.41643 9.66328 9.24942 9.16548 9.68314 9.13968 11.2417 9.26329 9.13604 8.35205 8.33516 9.8467 8.11948 9.52624
threshold=2.9600000000000004 -0.12333333333333261 1.5000000000000002 21.500000000000004 5.5000000000000009 1.4658333333333335 3.2650000000000001 4.1350000000000007 -0.063333333333332117 6.9350000000000014 0.23279999999999998 3.5000000000000004 5.5000000000000009 0.28635000000000005 0.44760000000000005 2.5000000000000004 5.7350000000000012 1.8050000000000002 6.6250000000000009 0.44485000000000002 0.40640000000000004 -0.068500000000000019 -0.010000000000000229 6.0250000000000012 6.6650000000000009 0.030000000000000009 0.016308333333333317 -0.05000000000000026 7.3250000000000011 0.37155000000000005
decision_type=2 2 2 2 2 2 2 2 2 2 2 2 2 2 2 2 2 2 2 2 2 2 2 2 2 2 2 2 2 2
left_child=4 2 7 -4 -1 9 25 -2 -9 10 -3 12 -12 -14 26 -13 17 19 24 20 -17 22 -20 -23 -18 -7 27 -5 -15 -30
right_child=1 5 3 14 -6 6 -8 8 -10 -11 11 15 13 28 -16 16 18 -19 21 -21 -22 23 -24 -25 -26 -27 -28 -29 29 -31
leaf_value=-0.014654005180774879 -0.0078738911790418638 0.024217442915726528 0.043665062809899763 0.013937846318154885 -0.045871685964798729 0.019345283907088801 -0.011162397237791478 -0.0188584491118058 0.0071791391195534003 -0.0073255776500910199 0.0098718921874866045 0.0072562948757243341 0.050047306898756284 -0.012962961336869305 -0.030384154755577972 -0.031156896102763211 -0.015855820532154688 -0.055645029740916188 0.064429802077159565 0.032573333846105182 0.0047863470368148982 0.027100654666353582 -0.0025488351525009873 -0.016545634324324061 0.077180244091855227 0.081877847379064631 0.00043850271654941703 -0.019950298973111711 0.090889386930400051 -0.011151222017117476
leaf_weight=56.116271108388901 226.32360747456551 60.047484509646893 8.5645290166139585 24.454241625964642 43.963505025953054 131.24020950496197 31.489402234554291 37.816752597689629 373.82097645103931 184.56491992622614 581.35784278810024 141.68529425561428 6.4828237891197196 108.85380297154188 55.899764396250248 53.119977861642838 4.1273638308048231 15.535838320851324 10.042223632335665 9.8466978818178159 28.949944451451302 14.183033674955366 16.653994247317314 85.082098007202148 7.3161294460296631 5.5662158578634253 132.35902977734804 173.64968603104353 4.2478399723768216 4.9556293934583664
leaf_count=524 1388 298 65 156 688 551 134 233 2069 919 2677 635 38 604 397 265 20 69 48 47 138 67 83 417 36 23 920 1275 21 25
internal_value=-9.99165e-05 0.00101464 -0.0040677 -0.0111159 -0.0283675 0.00450187 0.0157053 0.000295473 0.00478709 0.00309168 0.00475995 0.00369045 0.00705953 -0.00606871 -0.0123303 -0.00246211 -0.00808561 -0.0191735 0.00058528 -0.0130091 -0.018478 -0.00332481 0.0226463 -0.0103094 0.0436246 0.0218895 -0.00927633 -0.0157671 -0.00915018 0.0359454
internal_weight=2638.32 2538.24 1032.89 394.927 100.08 1505.35 168.296 637.961 411.638 1337.05 1152.49 1092.44 705.898 124.54 386.363 386.543 244.857 107.452 137.405 91.9166 82.0699 125.961 26.6962 99.2651 11.4435 136.806 330.463 198.104 118.057 9.20347
internal_count=14830 13618 6503 2813 1212 7115 708 3690 2302 6407 5488 5190 3365 688 2748 1825 1190 519 671 450 403 615 131 484 56 574 2351 1431 650 46
is_linear=0
shrinkage=0.05


Tree=34
num_leaves=31
num_cat=0
split_feature=13 40 13 40 20 28 4 19 36 44 3 25 24 21 27 34 13 17 46 48 44 10 28 43 34 4 11 1 44 13
split_gain=30.9442 17.2404 13.0699 11.9759 12.6756 9.84024 9.55248 8.98173 8.65089 17.6451 8.61869 10.1004 8.01414 7.82919 7.78021 7.83485 7.84503 8.04728 7.59295 7.57769 7.47244 8.56061 7.2271 9.59068 13.7505 11.7 7.76836 33.9834 10.6293 8.40691
threshold=-1.6583333333333328 2.5000000000000004 -0.57750000000000001 1.0000000180025095e-35 -1.4650000000000001 5.5000000000000009 44.500000000000007 0.015000000000000001 7.0150000000000006 6.1550000000000011 58.500000000000007 2.5000000000000004 -0.013333333333333195 -0.074999999999999983 -0.024999999999999908 4.4350000000000014 1.1783333333333335 3.5000000000000004 6.8450000000000006 3.5000000000000004 3.8750000000000004 0.49050000000000005 1.5000000000000002 0.17500000000000002 3.9500000000000006 51.500000000000007 0.46175000000000005 2.5000000000000004 5.9750000000000005 1.865
decision_type=2 2 2 2 2 2 2 2 2 2 2 2 2 2 2 2 2 2 2 2 2 2 2 2 2 2 2 2 2 2
left_child=5 3 8 4 -2 -1 7 -5 -3 -10 13 -12 14 18 -4 16 -16 -18 -8 -17 21 -15 23 24 -6 -26 29 28 -28 -24
right_child=1 2 12 6 22 -7 10 -9 9 -11 11 -13 -14 20 15 19 17 -19 -20 -21 -22 -23 26 -25 25 -27 27 -29 -30 -31
leaf_value=-0.013217749482161412 -0.029462781850977712 -0.017076965805634319 -0.039286398032664281 0.073796454803535416 0.088537820718674054 -0.042398762729818747 0.093784824738090425 -0.0096543885519462871 -0.029961417540986399 0.14789261679186713 0.039803166273972686 -0.038761691068358389 0.0030011565174229301 -0.018853182588292515 -0.044986699726089999 0.0014137543142720332 0.057484304900034838 -0.037781232848593284 0.0050662718008340863 -0.020249144971651138 0.008326797382611691 0.046943410597936247 -0.0090626113214420569 -0.013930973664081539 0.034851019705717863 0.0025414564853634145 0.12298171773075409 -0.030846947578513625 0.025181167971869318 0.045957272595981515
leaf_weight=72.488700248301029 38.284734077751637 198.02877501398325 17.91198393702507 10.172193765640257 5.8453591465950003 48.033001530915499 5.1772056370973569 4.7206448912620536 3.2940358668565741 2.4184107705950737 5.182087883353236 19.428377822041512 472.63369564712048 44.41888865083456 22.219061598181728 217.96119038760662 4.5078027844428998 4.361625924706459 4.5148274078965187 49.544818446040154 909.06516685336828 5.562620908021926 242.79636038094759 40.715057194232941 37.014205247163773 115.30515521764755 7.0714488476514834 14.102874904870985 4.5759669542312622 7.1472166478633872
leaf_count=670 259 1621 100 47 28 754 22 25 26 20 25 109 2441 214 131 1221 21 21 20 311 4389 23 1238 200 179 561 34 69 22 29
internal_value=-9.85659e-05 0.00108792 -0.00403707 0.00443319 -0.00178735 -0.0248476 0.00759738 0.0473447 -0.0153271 0.0453345 0.00700146 -0.0222187 -0.00112219 0.00774379 -0.00727952 -0.0053595 -0.0291176 0.0106366 0.0524572 -0.00259843 0.00729192 -0.0115304 0.000445273 0.00770999 0.0132808 0.0103928 -0.00479534 0.0213534 0.0845584 -0.0074893
internal_weight=2634.5 2513.98 992.881 1521.1 512.858 120.522 1008.24 14.8928 203.741 5.71245 993.349 24.6105 789.14 968.739 316.506 298.594 31.0885 8.86943 9.69203 267.506 959.047 49.9815 474.574 198.88 158.165 152.319 275.694 25.7503 11.6474 249.944
internal_count=14830 13406 5913 7493 2619 1424 4874 72 1667 46 4802 134 4246 4668 1805 1705 173 42 42 1532 4626 237 2360 968 768 740 1392 125 56 1267
is_linear=0
shrinkage=0.05


Tree=35
num_leaves=31
num_cat=0
split_feature=7 13 28 3 28 20 24 15 37 34 8 47 24 20 31 15 0 14 17 12 3 22 33 7 10 39 20 14 36 7
split_gain=28.7176 15.5976 15.7157 9.62158 9.16083 8.90631 7.74269 8.22567 7.21602 7.08211 6.74052 7.06327 13.9618 11.637 10.9081 10.8382 7.77649 7.38209 6.81507 6.5199 6.41423 6.37722 10.3499 11.428 11.9483 9.12354 8.25096 8.00987 7.37775 6.84195
threshold=2.9600000000000004 0.63916666666666722 5.5000000000000009 58.500000000000007 5.5000000000000009 3.1550000000000007 -0.034999999999998803 0.035833333333333349 3.5000000000000004 4.2650000000000006 0.10559999999999996 3.5000000000000004 0.035000000000000593 0.47500000000000014 3.5000000000000004 -0.0233333333333333 7.5000000000000009 -0.003025000000000055 1.5000000000000002 0.28325000000000006 47.500000000000007 -1.3949999999999998 0.16500000000000004 5.4750000000000005 0.26940000000000003 -1.4999999999999998 0.079999999999999419 -0.090533333333333313 6.705000000000001 6.1250000000000009
decision_type=2 2 2 2 2 2 2 2 2 2 2 2 2 2 2 2 2 2 2 2 2 2 2 2 2 2 2 2 2 2
left_child=4 2 3 5 -1 6 7 9 -8 -2 -4 12 14 15 -12 -14 -16 -15 -19 -5 -17 -10 23 24 25 26 27 -23 -26 -25
right_child=1 -3 10 19 -6 -7 8 -9 21 -11 11 -13 13 17 16 20 -18 18 -20 -21 -22 22 -24 29 28 -27 -28 -29 -30 -31
leaf_value=-0.013663860017222472 -0.036265112801646404 0.0074220896493355287 0.050722998559801474 -0.048159382073867538 -0.044935140111118967 0.057589455680835566 0.0048460413144675949 0.066380986667735911 -0.023267585671455239 -0.0045645802848210812 -0.032184138972896924 -0.0016022915085439978 0.068364302954481621 0.098822705042975301 -0.035193312477560211 -0.032232687618694307 0.016426268759467337 0.069827682674152666 -0.022235640244477724 -0.0093287835616015138 0.042287908683794916 0.075154471056406338 -0.023003873406105518 -0.030110239889413828 0.004808418421405467 -0.036262156532847589 0.083515899205030053 -0.0065381547709149977 0.057286548082253023 0.0066492876477607142
leaf_weight=55.045110419392586 18.60417827963829 675.97670242190361 4.2127897664904586 15.107571952044962 40.763155173510313 6.9891902506351462 946.52915160357952 3.9426415115594855 40.567844867706299 332.55191790312529 121.64314009994268 92.664511658251286 3.8109644651412991 4.5047341138124457 10.7041053250432 21.457539498806003 22.916792824864388 3.6429286748170835 4.4850925281643867 38.003386050462723 3.3365745693445197 3.5075851082801845 40.583860605955124 25.794963195919991 9.534349858760832 11.781163111329077 3.9125104844570151 20.757005542516712 22.508610680699348 24.856211334466934
leaf_count=524 107 2979 45 92 688 35 4949 20 252 1957 968 662 26 25 67 146 140 20 25 228 23 20 215 128 50 67 20 116 115 121
internal_value=-9.75731e-05 0.000918045 -0.00144709 0.000543082 -0.0269687 0.00127763 0.00101619 -0.00543772 0.00300846 -0.00624407 -0.0120671 -0.0129819 -0.0183481 0.00751288 -0.0252168 -0.0101382 -8.19507e-06 0.0474812 0.0190266 -0.0203743 -0.0222044 -0.00552583 -0.00111661 0.00612555 0.0189265 0.000686833 0.0161356 0.00527098 0.0416717 -0.0120711
internal_weight=2630.7 2534.89 1858.91 1565.53 95.8083 1512.42 1505.43 355.099 1150.33 351.156 293.379 289.166 196.502 41.2378 155.264 28.6051 33.6209 12.6328 8.12802 53.111 24.7941 203.804 163.236 122.652 72.0012 39.9583 28.1771 24.2646 32.043 50.6512
internal_count=14830 13618 10639 8492 1212 8172 8137 2084 6053 2064 2147 2102 1440 265 1175 195 207 70 45 320 169 1104 852 637 388 223 156 136 165 249
is_linear=0
shrinkage=0.05


Tree=36
num_leaves=31
num_cat=0
split_feature=13 40 13 40 20 9 4 24 36 44 14 36 24 3 25 14 14 24 35 3 48 1 9 44 46 14 45 22 28 36
split_gain=26.6314 15.1538 11.4948 10.4448 11.4423 9.45191 8.82808 7.85157 10.5863 7.94599 18.1082 7.65884 7.87101 7.48337 9.21826 7.17322 8.74847 9.00435 7.9419 7.08112 7.01015 11.9828 10.0535 11.8291 10.8803 9.60157 9.16646 9.27926 12.3821 9.74149
threshold=-1.6583333333333328 2.5000000000000004 -0.57750000000000001 1.0000000180025095e-35 -1.4650000000000001 1.2350000000000001 43.500000000000007 0.026666666666665954 6.9850000000000012 4.9350000000000014 0.030966666666666674 7.0750000000000011 1.332267629550188e-15 58.500000000000007 2.5000000000000004 -0.035033333333333326 0.14985833333333337 -0.094999999999999293 0.30640000000000006 22.500000000000004 1.0000000180025095e-35 2.5000000000000004 5.0850000000000009 3.8150000000000004 6.6750000000000007 -0.085358333333333342 0.44244999999999995 1.0000000180025095e-35 3.5000000000000004 6.6550000000000011
decision_type=2 2 2 2 2 2 2 2 2 2 2 2 2 2 2 2 2 2 2 2 2 2 2 2 2 2 2 2 2 2
left_child=5 3 7 4 -2 -1 -5 -3 9 10 -9 12 15 20 -15 -4 17 18 -17 -14 21 -8 24 -24 -22 -26 27 -25 29 -29
right_child=1 2 11 6 -6 -7 13 8 -10 -11 -12 -13 19 14 -16 16 -18 -19 -20 -21 22 -23 23 26 25 -27 -28 28 -30 -31
leaf_value=-0.04621660991021545 -0.028325648883539646 -0.019347068229301479 -0.013291973003980077 0.077329383772036409 0.00039454767019999601 -0.014545671427444354 0.010411901158412756 -0.033667816872782426 0.092250533165199863 -0.01473285494747374 0.11905097462905911 -0.042508000121060208 0.049711552810706716 0.037969730435926587 -0.03706061972479395 -0.0052351034878809826 -0.029091180516828574 0.00090588541333474441 0.084239833567759936 0.003814631918876446 0.032299404560874365 -0.0052189407315029364 -0.032357995373692973 0.0044149079094798031 -0.028584414910383767 0.0037189049851101166 0.042916161164295058 0.09562052511030307 0.011257730315743685 0.034201378655418287
leaf_weight=32.857029817998409 37.417080581188202 162.04322614520788 165.0676016882062 4.4501947611570349 474.10801655054092 83.238818675279617 266.61060957610607 3.8911727443337432 3.2393275797367087 27.648452676832676 3.8729697689414024 11.017928808927534 8.6109519824385625 5.2281981557607677 18.865103326737881 4.1200459301471692 23.315340355038643 220.28224254399538 6.2304978519678116 349.31118799000978 28.182222858071327 227.01436450332403 11.242898255586622 96.236157350242138 27.030012682080269 154.40817658603191 37.508166715502739 7.3743835091590872 74.927642986178398 51.834585532546043
leaf_count=540 259 1371 939 21 2360 884 1244 31 23 215 27 59 44 25 109 24 131 1241 34 1774 152 1091 51 474 152 810 169 31 326 219
internal_value=-9.67394e-05 0.000985689 -0.00383431 0.00411574 -0.00170628 -0.0235091 0.00706169 -0.014517 0.00573225 -0.00218191 0.0425126 -0.00111339 -0.000526361 0.006751 -0.0207792 -0.00517763 9.674e-05 0.00304743 0.0486242 0.00491883 0.00742619 0.0032234 0.011671 0.0178854 0.00339595 -0.00109353 0.0199942 0.0162621 0.0247619 0.041851
internal_weight=2627.18 2511.09 988.651 1522.44 511.525 116.096 1010.91 200.695 38.6519 35.4126 7.76414 787.956 776.938 1006.46 24.0933 419.016 253.948 230.633 10.3505 357.922 982.369 493.625 488.744 279.124 209.62 181.438 267.881 230.373 134.137 59.209
internal_count=14830 13406 5913 7493 2619 1424 4874 1667 296 273 58 4246 4187 4853 134 2369 1430 1299 58 1818 4719 2335 2384 1270 1114 962 1219 1050 576 250
is_linear=0
shrinkage=0.05


Tree=37
num_leaves=31
num_cat=0
split_feature=7 40 13 21 4 36 2 24 7 9 28 12 22 36 3 45 8 35 45 35 44 36 14 20 22 10 11 20 3 44
split_gain=24.7847 14.2616 11.6822 11.1285 10.7267 9.70751 9.29154 11.4881 8.30168 8.15217 7.77804 10.9307 10.0863 9.54159 8.84558 9.57963 7.92612 7.55935 8.44538 8.89698 7.26148 8.30487 7.42343 12.7366 9.33207 8.64431 8.61692 12.762 8.08213 7.19067
threshold=3.0650000000000004 2.5000000000000004 -0.75333333333333352 -0.074999999999999983 43.500000000000007 7.0150000000000006 2.5000000000000004 -0.094999999999999293 4.5450000000000008 1.2350000000000001 4.5000000000000009 0.48685 -1.0049999999999999 7.0550000000000006 23.500000000000004 0.38115000000000004 0.57420000000000015 0.50195000000000012 0.48800000000000004 0.34220000000000006 5.9050000000000011 6.9650000000000007 0.0057416666666665903 1.7500000000000004 0.88000000000000023 0.41200000000000009 0.35305000000000003 0.22 46.500000000000007 6.4650000000000007
decision_type=2 2 2 2 2 2 2 2 2 2 2 2 2 2 2 2 2 2 2 2 2 2 2 2 2 2 2 2 2 2
left_child=9 3 5 -2 -5 -3 7 -6 -8 -1 11 12 -4 14 15 -12 29 18 19 -16 22 -22 -9 24 25 28 -26 -28 -24 -14
right_child=1 2 10 4 6 -7 8 20 -10 -11 13 -13 16 -15 17 -17 -18 -19 -20 -21 21 -23 23 -25 26 -27 27 -29 -30 -31
leaf_value=-0.04414721141522969 0.04809495451241802 -0.018725982187368231 -0.028349540973849542 0.067793540363207408 -0.038527558879241329 0.052899200260306513 0.05285473793445649 -0.0091493396971683693 0.0067559854982257835 -0.01405369656148662 0.0065121249976902995 0.047558302646194241 0.012790941976629808 -0.051779848173105658 -0.0079689544780784521 0.078720592066252607 -0.048690181233071776 -0.027308064726785347 -0.025095064660033896 0.0060255032990000137 0.0079287723483917986 -0.028914806266405392 -0.0087348533563202015 0.077676294560147074 0.073810926332561713 -0.054402393824600562 -0.010833444794583024 0.07849704768105091 0.015099565310207572 -0.008438837981086255
leaf_weight=34.860671024769545 14.103914231061934 149.30115977674723 23.133856400847435 6.454918533563613 19.336647465825081 4.8853977099061003 9.9057845771312696 260.09572119265795 693.2844659909606 63.491441864520311 16.577690310776237 14.638595432043074 171.54258841276169 10.598937839269636 250.95327904820442 6.3535458147525778 6.3741915225982657 36.041559278964996 41.867769047617912 207.46022459119558 314.25364620238543 16.077493503689766 103.16579704731703 5.6489593982696524 7.5130418092012432 7.8121220767498007 15.968724906444551 5.333532139658927 54.282331332564354 51.969282552599907
leaf_count=566 62 1301 126 30 119 39 54 1416 3125 701 96 69 811 63 1490 34 28 216 245 1202 1671 86 543 25 33 38 74 23 288 256
internal_value=-9.55036e-05 0.000863688 -0.00380876 0.00388583 0.00347538 -0.0164565 0.00320092 -0.000451423 0.00740537 -0.0247203 -0.00148029 0.00555044 0.00312006 -0.00478261 -0.00389192 0.0265189 0.0062869 -0.00519218 -0.00359889 -0.0016356 0.000480379 0.00613556 -0.00358226 0.00366759 0.00151342 -0.00306484 0.0277705 0.0115326 -0.000517621 0.00785475
internal_weight=2623.29 2524.94 991.698 1533.24 1519.13 154.187 1512.68 809.488 703.19 98.3521 837.512 267.659 253.02 569.853 559.254 22.9312 229.886 536.323 500.281 458.414 790.151 330.331 459.82 199.725 194.076 165.26 28.8153 21.3023 157.448 223.512
internal_count=14830 13563 5976 7587 7525 1340 7495 4316 3179 1267 4636 1290 1221 3346 3283 130 1095 3153 2937 2692 4197 1757 2440 1024 999 869 130 97 831 1067
is_linear=0
shrinkage=0.05


Tree=38
num_leaves=31
num_cat=0
split_feature=7 13 28 28 20 3 19 34 20 10 15 11 40 23 34 45 9 14 8 14 3 10 24 7 14 12 5 8 44 7
split_gain=22.8734 12.7613 13.2465 8.97174 8.33979 8.45058 6.79414 8.95131 8.01481 8.89496 7.89325 9.51914 11.5601 9.48626 10.2841 7.81284 7.7223 6.74913 9.00698 6.723 8.04537 8.72979 7.63507 7.05501 6.71695 13.7988 9.4874 6.74091 6.55461 9.07723
threshold=2.9600000000000004 0.63916666666666722 5.5000000000000009 5.5000000000000009 3.1550000000000007 58.500000000000007 0.02 7.285000000000001 0.33500000000000002 0.23169999999999999 -0.030000000000000009 0.37155000000000005 3.5000000000000004 6.745000000000001 6.1550000000000011 0.36820000000000003 5.7550000000000008 0.030091666666666659 0.36525000000000002 0.035724999999999986 22.500000000000004 0.089900000000000022 -0.10499999999999997 6.0650000000000004 0.039558333333333341 0.34490000000000004 1.0000000180025095e-35 0.32945000000000002 5.2550000000000008 5.3150000000000004
decision_type=2 2 2 2 2 2 2 2 2 2 2 2 2 2 2 2 2 2 2 2 2 2 2 2 2 2 2 2 2 2
left_child=3 2 4 -1 5 19 7 -4 9 10 -8 13 -13 14 -12 -11 -9 18 -17 22 21 -21 23 -2 25 26 -22 -27 -24 -30
right_child=1 -3 6 -5 -6 -7 8 16 -10 15 11 12 -14 -15 -16 17 -18 -19 -20 20 24 -23 28 -25 -26 27 -28 -29 29 -31
leaf_value=-0.011663124015002253 -0.048989655838249067 0.0066587559329342044 -0.018197615856904235 -0.043739470316510091 0.052894787791820302 -0.019672145712791505 -0.034055566155033294 -0.013508933029612978 0.040679067386066026 -0.041304374985841656 0.12794737989392402 0.15899616883677656 0.028693046492904981 -0.024893886737456881 -0.015881114555110074 -0.050382573889600525 0.063860428572505776 0.061761557519267152 0.056394956812802433 -0.0017569241725669865 -0.031217749143154602 0.072413291277052372 -0.0067137124270539236 0.029849229625858717 0.0032700123634610092 0.03945010909300728 0.063614838520028763 0.12281685499021217 0.0071220428253711459 -0.0040581484550504003
leaf_weight=52.982580274343491 14.481794923543932 677.54592378437519 203.45112646371126 37.039148777723312 7.5456743687391272 51.708260752260685 6.078887693583968 6.5221368148922902 11.331145346164702 20.752633020281792 2.6812710836529758 2.6961765363812438 4.6166558638215065 8.8469624295830709 2.3167139738798141 6.1283270046114904 6.3799861147999763 4.0399662405252448 2.9140802770853043 6.9368785396218327 8.9286973923444766 9.2670175731182081 316.771464176476 3.5291598439216605 401.22056560218334 5.5849676281213743 3.742989093065261 4.2852942496538162 388.69364727288485 340.66673128306866
leaf_count=524 95 2979 1480 688 37 318 55 54 70 163 23 18 43 77 20 52 45 28 19 42 47 47 1754 18 2097 31 20 20 2276 1690
internal_value=-9.41366e-05 0.000787222 -0.00136071 -0.0248608 0.000456565 0.000202241 -0.0111997 -0.0156365 0.00205822 -0.00510743 0.0161606 0.0305884 0.0767347 0.00621413 0.0612786 -0.0222279 0.0247495 0.00803319 -0.0159716 0.000885482 0.00608427 0.0406611 -0.00126394 -0.0335416 0.00476212 0.0313198 -0.0032059 0.0756448 -0.000708224 0.00190004
internal_weight=2619.69 2529.67 1852.12 90.0217 1563.36 1555.82 288.756 216.353 72.4028 61.0717 27.2367 21.1578 7.31283 13.8449 4.99799 33.835 12.9021 13.0824 9.04241 1504.11 439.966 16.2039 1064.14 18.011 423.763 22.5419 12.6717 9.87026 1046.13 729.36
internal_count=14830 13618 10639 1212 8492 8455 2147 1579 568 498 236 181 61 120 43 262 99 99 71 8137 2304 89 5833 113 2215 118 67 51 5720 3966
is_linear=0
shrinkage=0.05


Tree=39
num_leaves=31
num_cat=0
split_feature=13 40 13 28 20 20 10 45 12 19 46 13 36 7 19 40 20 4 33 12 12 4 40 3 27 15 20 8 44 13
split_gain=21.573 14.3155 9.21764 10.5495 9.60754 8.4075 8.2666 8.4939 7.92755 15.6174 8.61315 9.27741 8.37318 9.17794 7.70934 7.38237 7.37414 11.3221 13.0727 7.61043 10.4236 8.44497 11.3211 7.6172 8.83156 7.35014 8.11975 11.5982 7.22327 7.8965
threshold=-0.67916666666666614 3.5000000000000004 1.4658333333333335 5.5000000000000009 3.2650000000000001 -0.98999999999999944 0.64365000000000017 0.47165000000000007 0.32780000000000004 0.045000000000000005 6.8050000000000006 -0.40999999999999964 6.7250000000000005 4.5850000000000009 -0.064999999999999988 1.0000000180025095e-35 -0.70999999999999963 58.500000000000007 0.18500000000000003 0.46440000000000009 0.30900000000000005 55.500000000000007 2.5000000000000004 41.500000000000007 -0.044999999999999922 -0.0083333333333333436 -0.76500000000000001 0.17315000000000003 4.6650000000000009 -1.3183333333333327
decision_type=2 2 2 2 2 2 2 2 2 2 2 2 2 2 2 2 2 2 2 2 2 2 2 2 2 2 2 2 2 2
left_child=1 5 3 -2 14 15 7 8 -5 10 -10 -12 -13 -14 -4 -1 25 18 19 20 23 22 28 24 -18 -7 27 -27 -22 -30
right_child=2 -3 4 6 -6 16 -8 -9 9 -11 11 12 13 -15 -16 -17 17 -19 -20 -21 21 -23 -24 -25 -26 26 -28 -29 29 -31
leaf_value=-0.028494566023520004 0.0029017761043422137 -0.023450576518744382 -0.036439367343620271 -0.014423758729460346 -0.011454909019854929 0.0019564994004817897 0.069286480574690515 -0.033355578478242991 -0.011850352084155158 0.087504554573291427 -0.038745868522743157 0.09846963470682403 0.085353561120116092 0.0091828955107137022 0.021681952545042252 -0.0061725439194721217 0.064292728120104115 0.063521244163991838 -0.05860128416335101 -0.042300727148822048 -0.014038922543764079 -0.023628846741227252 -0.027634766540626805 -0.036953680061377357 -0.015392345711080524 0.1077154829074129 0.1182657850142303 -0.0018826718851413468 0.08425490123290072 0.030290735281439281
leaf_weight=44.116485416889191 1586.4900593608618 128.04094797000289 5.9637037217617026 126.27907255291939 31.474869400262833 14.575422011315824 3.4758949577808371 30.278248898684978 73.17908476293087 5.2513724491000167 7.3169896677136412 3.3011114597320548 4.3515169247984877 43.363394506275654 131.72688087821007 230.90782895684242 4.9824828654527691 6.5752398818731299 10.00921994447708 9.3388258293271047 6.8823651373386374 11.120687536895273 8.9839870855212194 20.521748594939709 11.5089890435338 3.466579355299471 3.5193223506212226 7.9495708271861076 8.5018584877252419 33.451943591237082
leaf_count=353 7685 1534 25 792 134 92 17 189 459 34 59 18 28 251 549 1730 28 38 62 58 41 67 62 126 74 21 20 47 55 182
internal_value=-9.32922e-05 -0.00875002 0.00228743 0.00128318 0.0134675 -0.00443696 -0.00736881 -0.00827719 -0.00539047 0.00295032 -0.00042599 0.0139059 0.0214575 0.0161295 0.0191646 -0.00975321 0.00462255 -0.00043332 -0.00378934 0.000969189 0.00478301 0.0162741 0.0239487 -0.0166202 0.00868249 0.0272161 0.0518667 0.0313974 0.0334381 0.0412265
internal_weight=2616.91 564.454 2052.45 1883.29 169.165 436.413 296.797 293.321 263.043 136.763 131.512 58.333 51.016 47.7149 137.691 275.024 161.388 131.877 125.302 115.293 105.954 68.9408 57.8202 37.0132 16.4915 29.5109 14.9355 11.4162 48.8362 41.9538
internal_count=14830 4590 10240 9532 708 3056 1847 1830 1641 849 815 356 297 279 574 2083 973 793 755 693 635 407 340 228 102 180 88 68 278 237
is_linear=0
shrinkage=0.05


Tree=40
num_leaves=31
num_cat=0
split_feature=7 9 21 1 44 45 36 36 35 1 27 13 4 22 9 26 9 8 13 44 17 3 6 12 1 20 0 43 24 45
split_gain=20.675 14.1509 11.3218 11.2401 10.4361 9.60739 9.56212 9.91471 9.26195 9.15885 8.7915 8.42462 8.06962 13.64 15.9261 12.0654 10.8574 10.6085 12.6752 13.1022 10.1346 10.7601 9.44927 12.0827 10.8374 9.55342 8.58294 8.15337 8.10201 7.97516
threshold=1.5800000000000003 5.0650000000000004 -0.074999999999999983 2.5000000000000004 3.5350000000000006 0.35280000000000006 6.6750000000000007 6.9850000000000012 0.34530000000000005 3.5000000000000004 -0.034999999999999691 -0.53083333333333316 51.500000000000007 0.14500000000000005 5.2950000000000008 0.16500000000000006 5.1850000000000014 0.41275000000000006 1.4658333333333335 4.1550000000000011 2.5000000000000004 49.500000000000007 0.14500000000000005 0.19600000000000004 3.5000000000000004 2.6450000000000009 9.5000000000000018 0.15500000000000003 -0.026666666666666835 0.39725000000000005
decision_type=2 2 2 2 2 2 2 2 2 2 2 2 2 2 2 2 2 2 2 2 2 2 2 2 2 2 2 2 2 2
left_child=-1 2 5 4 -4 9 -6 8 11 -2 -5 -8 16 26 27 -16 -3 18 19 -18 -21 -22 23 -19 -24 -25 -14 -15 -23 -10
right_child=1 12 3 10 6 -7 7 -9 29 -11 -12 -13 13 14 15 -17 17 22 -20 20 21 28 24 25 -26 -27 -28 -29 -30 -31
leaf_value=-0.042780604794537463 0.13631770413604191 -0.02015744006054811 -0.050338886912984583 0.0023098494989483363 -0.013958340106336023 -0.01571088545753031 0.0065290002416678724 -0.031270159473634332 -0.0074696503593725946 0.032983056332214718 -0.0099285361055763757 0.031297475404876894 -0.011603427778465342 0.069897461391801127 0.0042188876463220065 0.065389308244290109 -0.032574954764453434 -0.040511224900025462 0.099464484277034443 0.044893452201032316 0.004315089664167035 0.097341037039252676 -0.026074173595075658 0.037014964229312754 0.00790422012378004 -0.032165938678868224 0.0012523666939130644 0.018490484607297186 0.026839666368501325 0.023093487140013396
leaf_weight=28.059693705290556 3.3858410120010358 26.218199245631695 8.6871298477053625 188.71240035071969 53.962740041315556 4.9059683233499518 62.755824662744999 14.341425493359564 80.569626376032829 5.8479108698666096 659.80017520859838 75.797348782420158 216.81791677325964 14.27160355448723 493.75181771069765 8.1949921995401365 10.73011054843664 7.0701621621847144 5.2717842161655417 42.291980542242527 61.558285817503929 5.6113743633031872 37.370270371437073 44.708509869873524 63.076704628765583 5.6172929108142844 323.60782020166516 16.784419223666191 14.884568750858305 29.036749854683876
leaf_count=518 16 138 49 1101 289 37 386 76 435 39 4450 355 1188 66 2204 39 54 34 22 216 321 30 164 207 308 24 1751 82 76 155
internal_value=-9.24799e-05 0.000370777 -0.0036419 -0.0041777 0.00372671 0.0408321 0.00521084 0.00915148 0.0114875 0.0708739 -0.00720667 0.0200789 0.00378052 0.00169205 0.00736741 0.00521758 0.010691 0.0134033 0.0234047 0.0204362 0.0250106 0.0147627 0.0045105 0.0206944 -0.00473709 0.0292931 -0.00390536 0.0421142 0.0461415 0.000627088
internal_weight=2613.7 2585.64 1187.8 1173.66 325.151 14.1397 316.464 262.501 248.16 9.23375 848.513 138.553 1397.84 1073.43 533.003 501.947 324.409 298.191 140.348 135.076 124.346 82.0542 157.843 57.396 100.447 50.3258 540.426 31.056 20.4959 109.606
internal_count=14830 14312 7388 7296 1745 92 1696 1407 1331 55 5551 741 6924 5330 2391 2243 1594 1456 719 697 643 427 737 265 472 231 2939 148 106 590
is_linear=0
shrinkage=0.05


Tree=41
num_leaves=31
num_cat=0
split_feature=7 13 40 16 33 21 13 30 3 25 13 36 8 20 44 3 4 23 14 12 20 22 16 7 23 34 46 3 20 17
split_gain=19.4005 13.0865 11.1461 8.62998 7.10768 7.35557 6.92539 6.98097 7.05154 6.97573 8.31267 7.20031 6.97034 9.89268 9.06735 10.9976 17.0485 10.8419 10.6779 10.6058 9.83764 12.1385 9.26572 10.1971 8.99083 8.8343 8.77655 8.59671 9.26811 8.65987
threshold=1.5800000000000003 -0.25500000000000028 3.5000000000000004 3.5000000000000004 0.12500000000000003 -0.050000000000000003 1.865 -1.0000000180025095e-35 60.500000000000007 4.5000000000000009 1.200833333333333 6.6550000000000011 0.4411500000000001 -0.96500000000000019 5.7250000000000005 45.500000000000007 51.500000000000007 6.9350000000000014 0.0024416666666666757 0.13715000000000002 1.3350000000000002 1.5699999999999998 2.5000000000000004 4.0150000000000006 6.7950000000000008 7.1550000000000011 6.9650000000000007 49.500000000000007 2.3550000000000009 1.5000000000000002
decision_type=2 2 2 2 2 2 2 2 2 2 2 2 2 2 2 2 2 2 2 2 2 2 2 2 2 2 2 2 2 2
left_child=-1 2 3 -2 -5 -6 7 9 12 -3 11 -11 14 -14 22 17 -17 20 -19 -18 -16 24 25 -24 -22 -9 -20 28 -15 -29
right_child=1 6 -4 4 5 -7 -8 8 -10 10 -12 -13 13 27 15 16 19 18 26 -21 21 -23 23 -25 -26 -27 -28 29 -30 -31
leaf_value=-0.042230918231131093 0.037503405453192452 0.028495900413218089 -0.015020461625001841 0.017509853809882823 0.02737916771144476 -0.0044645264501977774 0.018936560954165921 0.0057980329643170505 -0.047593936365905233 0.043137389266348816 0.046609579687448464 -0.024301660622623525 -0.060799160797267639 0.0027257489200298783 0.0042215022125644125 0.061361828562081305 0.086880879101465386 -0.04191117332573667 -0.024023891392103768 0.0090171930423024894 0.067287250169991361 -0.021286924693156857 0.02663551982297175 -0.0070588104093670867 0.0095832559202573102 0.051340761666115037 0.078547833954912605 0.020459783152247297 -0.021804363566650373 -0.02821335318324656
leaf_weight=27.029896471649408 13.859654195606707 49.249001771211624 195.41109221056104 42.459395729005337 18.651266679167747 654.71575028449297 65.535808518528938 232.8938527777791 7.2592310458421698 4.7613547742366817 7.4021195620298377 23.455954879522324 7.283867008984088 397.62846850603819 215.80526486039162 23.533997006714344 4.6255866438150397 21.696270242333416 4.4007020369172078 80.201876297593117 19.105398833751682 8.3778752237558347 24.087961733341217 331.12212903052568 10.438555084168909 11.158315300941466 3.9640583992004395 11.129441149532793 42.635132402181625 51.083195522427559
leaf_count=518 72 222 1867 250 109 4081 270 1057 39 23 32 117 35 1862 1058 111 22 115 24 395 89 37 123 1701 53 52 20 52 185 239
internal_value=-9.09236e-05 0.000349893 -0.00441496 -0.00157478 -0.00233141 -0.0035825 0.00300715 0.00235194 0.0015669 0.016305 -0.000550726 -0.0129221 0.00180463 -0.00294682 0.00424771 0.0101588 0.0237092 0.0049847 -0.023408 0.013263 0.00834861 0.0318351 0.000379583 -0.00477389 0.0468991 0.00788029 0.0245848 -0.0021082 0.000350253 -0.019506
internal_weight=2610.96 2583.93 925.097 729.686 715.826 673.367 1658.84 1593.3 1508.43 84.8684 35.6194 28.2173 1501.17 509.76 991.412 392.15 108.361 283.788 30.061 84.8275 253.727 37.9218 599.262 355.21 29.544 244.052 8.36476 502.476 440.264 62.2126
internal_count=14830 14312 6379 4512 4440 4190 7933 7663 7269 394 172 140 7230 2373 4857 1924 528 1396 159 417 1237 179 2933 1824 142 1109 44 2338 2047 291
is_linear=0
shrinkage=0.05


Tree=42
num_leaves=31
num_cat=0
split_feature=7 40 13 21 40 20 15 5 9 24 14 3 3 3 25 48 1 3 22 3 20 15 5 43 14 15 9 44 35 8
split_gain=18.1996 12.3394 11.625 10.1266 9.6666 12.1966 9.09601 12.3203 9.15821 7.46218 7.87784 10.723 8.07937 7.33299 7.91581 7.39006 11.8442 10.5514 11.9613 12.5 8.34 8.99932 8.35216 9.81256 7.9689 8.91645 7.69223 10.0046 8.40537 9.1774
threshold=1.5800000000000003 2.5000000000000004 -0.81833333333333302 -0.074999999999999983 1.0000000180025095e-35 -1.4650000000000001 -0.018166666666666647 1.0000000180025095e-35 5.6450000000000005 1.332267629550188e-15 -0.037641666666666677 44.500000000000007 46.500000000000007 58.500000000000007 2.5000000000000004 1.0000000180025095e-35 2.5000000000000004 21.500000000000004 -1.0549999999999999 54.500000000000007 1.6850000000000001 0.028333333333333311 1.0000000180025095e-35 0.16500000000000004 -0.067341666666666619 -0.052499999999999984 5.0850000000000009 3.8150000000000004 0.44760000000000005 0.45350000000000007
decision_type=2 2 2 2 2 2 2 2 2 2 2 2 2 2 2 2 2 2 2 2 2 2 2 2 2 2 2 2 2 2
left_child=-1 3 6 -2 5 -5 -3 -8 -9 10 12 -12 -4 15 -15 16 -6 -17 19 -19 21 24 23 -22 -18 -26 -20 -28 29 -29
right_child=1 2 9 4 13 -7 7 8 -10 -11 11 -13 -14 14 -16 17 20 18 26 -21 22 -23 -24 -25 25 -27 27 28 -30 -31
leaf_value=-0.041676381656011924 0.043131787183024337 -0.031241889720420253 -0.0076932166535264822 -0.02857871709278121 0.0089192096106646464 -0.0005765553875677745 -0.019278807001643264 0.011147231421634755 0.11490435989343691 0.0034415973509762257 -0.0078683525598580856 0.012412143455903253 -0.031780027130316343 0.031452139938369754 -0.036498702434305502 0.065946882719006394 0.011647776531338222 -0.015063984583941157 0.0042207147612156794 0.063191716902698869 0.026624547578177366 -0.060394524959274859 0.051919284860613014 -0.053244541555236405 0.068807198246989887 -0.014779348892430814 -0.031565596134240932 0.023852933608376009 0.042764650751041633 0.0020568155396462826
leaf_weight=26.045150592923164 15.645411066710947 62.450848955661058 126.06961841136217 42.330833129584789 274.81492403149605 477.8745256587863 65.251179829239845 29.86211746186018 2.2898205146193495 389.98678355664015 189.12380207329988 99.452240884304047 48.096284620463848 5.5129229053854969 19.256961278617382 8.42377946898341 41.66435069590807 67.585918888449669 162.21010253578424 5.5196677967905989 10.117718249559404 8.4689601212739927 11.486696869134905 6.2034590393304816 3.2596548274159423 150.39581206440926 9.7530994415283185 140.08148223906755 35.019241020083427 73.706075802445412
leaf_count=518 74 651 750 325 1304 2394 634 298 18 2047 1106 593 296 27 118 67 219 415 858 35 42 38 48 26 18 755 43 641 155 317
internal_value=-8.92894e-05 0.000330222 -0.00397295 0.00310676 0.00270372 -0.00285518 -0.0163465 -0.00679624 0.0185367 -0.00165338 -0.00594729 -0.000879066 -0.0143448 0.00550181 -0.0213752 0.0061618 0.00189953 0.010459 0.00951253 -0.00915547 -0.00643008 -0.00993502 0.0192557 -0.00373261 -0.00774713 -0.0130061 0.0127559 0.0181106 0.0200579 0.0163384
internal_weight=2607.96 2581.91 1012.58 1569.33 1553.69 520.205 159.854 97.4031 32.1519 852.729 462.742 288.576 174.166 1033.48 24.7699 1008.71 506.412 502.299 493.876 73.1056 231.597 203.789 27.8079 16.3212 195.32 153.655 420.77 258.56 248.807 213.788
internal_count=14830 14312 6393 7919 7845 2719 1601 950 316 4792 2745 1699 1046 5126 145 4981 2450 2531 2464 450 1146 1030 116 68 992 773 2014 1156 1113 958
is_linear=0
shrinkage=0.05


Tree=43
num_leaves=31
num_cat=0
split_feature=7 2 40 15 24 13 34 7 18 27 3 36 3 3 34 14 3 11 44 26 23 23 8 27 45 0 13 26 22 11
split_gain=17.0676 11.3483 7.74124 11.749 9.12168 8.34859 10.1162 10.0218 8.58951 8.22582 8.31809 10.3633 8.01547 16.7002 8.12705 7.93882 7.89097 9.57553 10.5642 9.99994 9.40473 9.47085 7.69048 10.4342 11.791 10.9237 9.60582 9.28274 11.897 8.3331
threshold=1.5800000000000003 2.5000000000000004 2.5000000000000004 0.035000000000000024 -0.091666666666666327 -0.81833333333333302 5.205000000000001 4.6350000000000007 3.5000000000000004 -0.12499999999999999 23.500000000000004 6.7650000000000006 41.500000000000007 47.500000000000007 3.7200000000000002 0.055283333333333358 47.500000000000007 0.32995000000000008 5.3850000000000007 0.055000000000000167 6.7350000000000012 6.8250000000000011 0.4391500000000001 -0.039999999999999584 0.36765000000000009 2.5000000000000004 1.4658333333333335 0.044999999999999936 -0.070000000000000048 0.43185000000000001
decision_type=2 2 2 2 2 2 2 2 2 2 2 2 2 2 2 2 2 2 2 2 2 2 2 2 2 2 2 2 2 2
left_child=-1 2 3 4 15 -4 7 8 12 -8 11 -11 14 -14 -7 -2 -12 -18 20 -20 -19 -22 23 26 25 27 -3 28 -25 -27
right_child=1 22 5 -5 -6 6 9 -9 -10 10 16 -13 13 -15 -16 -17 17 18 19 -21 21 -23 -24 24 -26 29 -28 -29 -30 -31
leaf_value=-0.04111658171864891 -0.045411310251307874 0.016350367279908459 -0.017714771294121273 0.043859423979199084 0.00014285735883131916 0.061996127859830712 0.053316311614816481 -0.030086053051069081 -0.019213305467756923 -0.006755116196097314 -0.0081439594909958977 0.074736967270747717 0.14401678307563295 0.0079469216329024744 -0.029383873550899983 0.031895662029510871 -0.0062461321616465457 -0.0060715255324699652 -0.022367169968895345 0.067795215472019943 0.12769423847377956 0.04030876780261728 -0.00027376731007104708 0.13905373241592728 0.014119846992771355 -0.0078225411008365324 0.07382598407898211 -0.014437148797783945 0.028917156405440445 0.0172396324722516
leaf_weight=25.103748630732298 18.903053276240829 138.55232696980238 148.43831738084555 15.038874875754116 819.74563943594694 3.3935550376772907 7.5589028596878043 59.539078652858734 24.818042159080505 7.5049686282873145 158.60978439450264 8.124713219702242 3.5484625250101072 6.1859416365623474 8.5975610092282277 4.0286866948008528 33.332303501665592 4.0756725594401422 11.221441023051737 4.2362621426582328 5.8576716631650907 6.5876776203513145 592.5556950494647 3.5173700749874124 182.7218252569437 242.66236581653357 7.6720799207687369 5.9709439575672141 8.0951000228524208 38.418257273733616
leaf_count=518 121 645 1521 77 4492 19 37 338 167 45 980 50 21 40 55 25 213 23 78 30 33 40 2752 17 941 1261 31 31 41 188
internal_value=-8.82568e-05 0.00031103 -0.00283101 5.45499e-05 -0.000727216 -0.00776491 -0.00358321 -0.0164982 0.000883438 0.00196114 0.00034065 0.0356066 0.0238409 0.0575482 -0.00352281 -0.0318299 -0.00212091 0.0125062 0.0320523 0.00234229 0.0598502 0.0814386 0.00381147 0.00766854 0.00411535 -0.00200537 0.019366 0.0362266 0.0622771 -0.00439703
internal_weight=2604.62 2579.51 1359.35 857.716 842.677 501.63 353.192 106.083 46.5436 247.109 239.55 15.6297 21.7255 9.7344 11.9911 22.9317 223.921 65.311 31.9787 15.4577 16.521 12.4453 1220.17 627.61 481.386 298.664 146.224 17.5834 11.6125 281.081
internal_count=14830 14312 8405 4715 4638 3690 2169 640 302 1529 1492 95 135 61 74 146 1397 417 204 108 96 73 5907 3155 2479 1538 676 89 58 1449
is_linear=0
shrinkage=0.05


Tree=44
num_leaves=31
num_cat=0
split_feature=7 9 1 44 36 32 31 46 14 9 45 22 7 11 34 3 22 45 21 36 27 3 11 36 0 35 27 7 48 15
split_gain=16.0007 10.6148 9.17201 9.81708 9.10402 8.74813 11.6358 8.28984 9.87251 8.9096 8.80763 8.0766 8.36558 7.57877 7.46776 7.30908 7.30169 8.95538 8.73775 8.23044 7.82616 9.96957 9.44687 7.96455 8.02997 7.24061 17.0664 12.014 8.9864 8.90761
threshold=1.5800000000000003 5.0650000000000004 2.5000000000000004 3.5350000000000006 6.6750000000000007 3.5000000000000004 2.5000000000000004 6.9050000000000011 0.033775000000000006 1.3400000000000003 0.29585000000000006 -3.4849999999999999 3.0650000000000004 0.46465000000000006 6.3450000000000006 26.500000000000004 -3.3449999999999993 0.41204999999999997 -0.074999999999999983 6.8450000000000006 -0.034999999999999691 21.500000000000004 0.44369999999999993 6.6450000000000005 6.5000000000000009 0.4027 -0.05000000000000026 4.245000000000001 1.5000000000000002 -0.018333333333333351
decision_type=2 2 2 2 2 2 2 2 2 2 2 2 2 2 2 2 2 2 2 2 2 2 2 2 2 2 2 2 2 2
left_child=15 2 3 -2 -5 6 11 8 9 -7 -11 -6 -13 -8 -10 -1 17 -4 -18 -19 21 -20 23 24 -23 28 29 -28 -25 -27
right_child=1 -3 16 4 5 7 13 -9 14 10 -12 12 -14 -15 -16 -17 18 19 20 -21 -22 22 -24 25 -26 26 27 -29 -30 -31
leaf_value=-0.048287928221828265 -0.049207230131535711 0.003235910035207905 -0.053498737430287893 -0.013492215101596226 0.12247918446571171 0.060195783167885257 -0.0029637231272976643 -0.036861102042411338 -0.028958981812783398 0.019387369629609116 -0.030151007736978253 -0.059506894219889896 0.027714555701285955 0.05194658242669549 0.042829968179379035 0.057027583436971667 0.040278920125181979 -0.033135535884734196 0.075102655750249853 0.11064109077774958 -0.0084446061782846686 -0.0066122758003281327 -0.027606705921128669 -0.017197087130741803 0.06901428608431491 -0.051228452436400174 0.16009392564465877 0.039932937357831405 0.011802934127717032 0.0186235235550626
leaf_weight=22.425926968455318 8.4785928651690465 1399.8459450900555 15.466502610594036 53.618334047496319 2.1777722537517539 4.1734506562352172 75.060699641704559 15.594512701034544 4.4453763067722347 12.483982712030409 31.899417787790298 2.8347668796777716 90.960878223180771 6.8580672070384017 19.571204505860806 1.7780963927507389 10.412485696375368 2.2630407176911822 4.7051645740866652 1.7769437097012994 635.62723132967949 5.6237755045294753 24.313739847391844 58.849345378577709 9.3383787944912893 6.2402467392385033 3.1105383411049825 6.2797654122114182 48.919281434267759 16.990378879010677
leaf_count=497 49 6924 167 289 16 22 423 84 22 67 180 22 447 37 101 21 63 28 38 17 4296 33 144 321 53 38 20 33 286 92
internal_value=-8.73182e-05 0.000292596 -0.0032048 0.00389529 0.00530368 0.00909157 0.0154744 -0.0037868 0.00332018 -0.00964939 -0.0162171 0.0272886 0.0250785 0.00163325 0.0295421 -0.0405512 -0.00594617 -0.036184 -0.00523588 0.0301031 -0.00581384 0.00325588 0.00137432 0.00591007 0.0405888 0.00221415 0.0228531 0.0797363 -0.00403314 -0.000140223
internal_weight=2602.12 2577.92 1178.07 328.157 319.678 266.06 177.892 88.1679 72.5734 48.5569 44.3834 95.9734 93.7956 81.9188 24.0166 24.204 849.917 19.5065 830.41 4.03998 819.998 184.371 179.665 155.352 14.9622 140.39 32.6209 9.3903 107.769 23.2306
internal_count=14830 14312 7388 1759 1710 1421 945 476 392 269 247 485 469 460 123 518 5629 212 5417 45 5354 1058 1020 876 86 790 183 53 607 130
is_linear=0
shrinkage=0.05


Tree=45
num_leaves=31
num_cat=0
split_feature=7 40 9 11 20 1 44 2 12 8 25 46 15 45 42 13 3 20 35 14 45 12 0 45 3 43 14 45 10 35
split_gain=15.0145 10.1792 9.77753 9.04783 11.9197 12.1705 9.31762 9.01445 14.9354 13.2376 10.1868 9.61802 10.1346 13.3688 11.1266 9.00419 10.0972 8.46691 10.1068 10.4365 11.2524 8.49501 8.41439 8.21301 8.03838 9.3115 8.94891 7.93395 11.505 7.93048
threshold=1.5800000000000003 3.5000000000000004 4.5650000000000004 0.29695000000000005 -0.65999999999999959 2.5000000000000004 6.5750000000000011 2.5000000000000004 0.28325000000000006 0.35210000000000002 2.5000000000000004 6.8350000000000009 0.010833333333333335 0.26330000000000003 3.5000000000000004 -0.37916666666666682 23.500000000000004 -1.1800000000000002 0.31265000000000004 0.11236666666666671 0.31420000000000009 0.32655000000000001 23.500000000000004 0.48600000000000004 25.500000000000004 0.18500000000000003 -0.083783333333333307 0.33880000000000005 0.074350000000000013 0.51155000000000006
decision_type=2 2 2 2 2 2 2 2 2 2 2 2 2 2 2 2 2 2 2 2 2 2 2 2 2 2 2 2 2 2
left_child=-1 2 3 4 24 6 -6 11 -9 -10 -11 -5 17 -14 -15 -3 -17 18 19 20 -13 -22 -20 29 25 26 27 28 -2 -18
right_child=1 15 -4 7 5 -7 -8 8 9 10 -12 12 13 14 -16 16 23 -19 22 -21 21 -23 -24 -25 -26 -27 -28 -29 -30 -31
leaf_value=-0.0400139793043367 -0.012559234094501426 -0.015643898549054711 0.0043643026775860658 -0.0072111287085716951 0.0092296394978414274 -0.012951775268837885 0.068474199810726097 0.08093824042422923 0.043772581532962512 -0.057906052120784958 0.0099433940271086898 0.14966277773177553 0.13749719348307854 0.0060051271280433102 0.096699337607715999 0.038193802461541637 0.00093769880679845307 -0.0083853571063545237 -0.0064993868371430565 -0.0016586413179462429 0.096863137333834892 -0.010108739283466533 0.085808001332663322 -0.026620973142728321 -0.031342426638399278 0.069318116804202065 -0.049835387459171647 -0.023738480196792477 0.12398088599723751 -0.032029764620627788
leaf_weight=23.334365043789148 3.094240970909599 161.99753757938743 1353.5248923376203 247.60554870590568 41.883703894913197 78.9749566167593 7.8862415030598632 8.693462058901785 15.984854362905024 8.7629610225558299 15.004167661070822 3.713599622249605 3.0087195709347752 16.413220599293712 4.2593623027205458 15.294108547270296 323.7967626452446 66.939390920102596 27.704630553722385 6.364609755575656 3.6899582669138908 3.7340799905359745 2.7103483751416197 34.179794311523438 79.281993664801121 4.1535868868231764 9.210344459861517 6.46551264077425 3.0769809782505035 19.330878242850304
leaf_count=518 25 1662 6471 1509 221 433 40 39 81 41 73 23 15 89 26 79 1821 355 202 42 23 27 21 194 514 32 74 48 17 115
internal_value=-8.66846e-05 0.000274888 0.00192068 -0.00302611 -0.0109522 -0.000747916 0.0186172 0.00124212 0.0215726 0.00858982 -0.0150728 -0.00130854 0.00924102 0.0390237 0.0246917 -0.00572589 -0.00163346 0.0031004 0.0191458 0.0494168 0.0786039 0.0430593 0.00172634 -0.00324785 -0.0234305 0.000694668 -0.0123521 0.0149678 0.0555199 -0.000919598
internal_weight=2600.07 2576.74 2022.14 668.616 234.028 128.745 49.7699 434.589 48.4454 39.752 23.7671 386.143 138.538 23.6813 20.6726 554.599 392.602 114.857 47.9172 17.5022 11.1376 7.42404 30.415 377.307 105.283 26.0007 21.8471 12.6367 6.17122 343.128
internal_count=14830 14312 10441 3970 1404 694 261 2566 234 195 114 2332 823 130 115 3871 2209 693 338 115 73 50 223 2130 710 196 164 90 42 1936
is_linear=0
shrinkage=0.05


Tree=46
num_leaves=31
num_cat=0
split_feature=28 13 9 2 12 48 1 19 9 8 13 26 20 8 26 18 39 11 43 45 22 47 45 22 11 41 46 35 45 27
split_gain=14.1707 17.6643 8.61592 8.22435 10.2218 9.10908 10.2244 10.3109 7.77489 7.71037 11.4204 8.18115 9.67277 8.50896 7.39555 7.7946 7.36472 10.4994 9.7285 12.5847 7.53957 7.37553 7.46412 7.46334 7.4276 7.36388 7.67887 7.33695 7.75602 7.28609
threshold=5.5000000000000009 -2.1758333333333328 5.0650000000000004 2.5000000000000004 0.3831 3.5000000000000004 4.5000000000000009 -0.039999999999999994 7.3850000000000007 0.4391500000000001 1.4658333333333335 0.16500000000000006 -0.11999999999999965 0.47230000000000005 0.064999999999999961 2.5000000000000004 1.0000000180025095e-35 0.32995000000000008 0.18500000000000003 0.33045000000000008 -0.26500000000000007 3.5000000000000004 0.44750000000000006 1.9600000000000004 0.57790000000000008 1.5000000000000002 6.8650000000000011 0.31975000000000003 0.36315000000000003 -0.029999999999999801
decision_type=2 2 2 2 2 2 2 2 2 2 2 2 2 2 2 2 2 2 2 2 2 2 2 2 2 2 2 2 2 2
left_child=2 -2 3 -1 5 6 7 -5 -3 10 16 12 13 -11 -9 -16 17 -4 19 25 -21 22 24 -23 -18 -19 -27 -8 -29 -12
right_child=1 8 9 4 -6 -7 27 14 -10 11 29 -13 -14 -15 15 -17 21 18 -20 20 -22 23 -24 -25 -26 26 -28 28 -30 -31
leaf_value=-0.0036043998956912767 -0.048519854793413107 -0.007382552452299164 -0.016152014953555446 -0.033534530929464325 -0.011705519342605809 0.087421154218363939 -0.057906115336525704 0.022167412280499389 0.026230858168746842 -0.036071405917783246 0.078068506273763827 0.058117743943073299 0.0019285430958792241 -0.0023279118058132015 0.11296938652142835 0.02730026305052799 0.0096883061942830799 -0.00075631278941245704 -0.040482009384077616 -0.023763266709468892 0.018103981735781122 0.0041486492885970836 0.033126871728858157 -0.034764124191270306 0.061150715407730462 0.037934355686164746 0.10729340293253847 -0.028566174635004039 0.065273475954070334 0.021345907320484719
leaf_weight=874.46546857059002 25.841301992535591 378.68750790134072 76.94905000180006 7.1662307977676383 38.944302625954151 4.598475530743598 7.2603421956300762 54.017792314291 18.021893888711929 34.261869989335537 8.6409288495779055 5.8680293411016455 382.45924042165279 41.086458250880241 5.0301577448844892 5.6233770847320557 286.92999176681042 9.0494238287210447 8.80516369640827 21.614275880157948 21.399579837918282 166.27477029711008 43.542579956352711 13.3084829300642 7.1870789825916281 19.742547012865547 5.0014805793762198 5.4388701245188695 3.6998292207717896 16.418421298265457
leaf_count=5291 622 2670 389 34 193 22 37 248 90 166 35 27 1676 196 23 29 1421 45 42 112 96 823 214 59 34 93 22 33 20 68
internal_value=-8.61177e-05 -0.0084647 0.0015418 -0.00184963 0.00979476 0.0188141 0.0152387 0.0233707 -0.00585555 0.00446221 0.00775634 -0.000545411 -0.00129734 -0.0176715 0.0296763 0.0677497 0.00653439 -0.00274874 0.00929822 0.015005 -0.00293413 0.00945194 0.0138062 0.00126492 0.0109458 0.0378388 0.0519538 -0.0203844 0.00942508 0.0409049
internal_weight=2597.33 422.551 2174.78 1006.24 131.779 92.8351 88.2366 71.8376 396.709 1168.54 704.864 463.676 457.808 75.3483 64.6713 10.6535 679.804 162.562 85.6125 76.8073 43.0139 517.243 337.66 179.583 294.117 33.7935 24.744 16.399 9.1387 25.0594
internal_count=14830 3382 11448 5930 639 446 424 334 2760 5518 3453 2065 2038 362 300 52 3350 799 410 368 208 2551 1669 882 1455 160 115 90 53 103
is_linear=0
shrinkage=0.05


Tree=47
num_leaves=31
num_cat=0
split_feature=7 40 24 13 34 40 28 35 44 36 22 24 11 0 3 9 23 36 45 44 44 44 14 43 45 9 26 44 36 15
split_gain=13.3001 9.33659 9.22587 10.0523 9.59806 8.08409 9.74541 9.36682 11.0901 11.2522 8.69625 7.86016 7.71497 9.31631 10.2813 9.5907 13.7187 7.57884 7.54842 7.99278 7.71876 7.48168 8.71188 8.49959 8.18983 8.04582 7.98498 7.92323 7.72653 7.47438
threshold=1.5800000000000003 2.5000000000000004 0.026666666666665954 -0.81833333333333302 4.4350000000000014 1.0000000180025095e-35 1.5000000000000002 0.34395000000000003 4.3750000000000009 6.6550000000000011 -1.0799999999999994 0.048333333333334234 0.21459999999999999 9.5000000000000018 38.500000000000007 5.8850000000000007 6.7750000000000012 6.8650000000000011 0.44750000000000006 4.8050000000000006 6.2750000000000012 6.4650000000000007 0.021333333333333346 0.14500000000000005 0.32940000000000008 6.745000000000001 -0.084999999999999951 6.3250000000000011 6.6450000000000005 0.0083333333333333193
decision_type=2 2 2 2 2 2 2 2 2 2 2 2 2 2 2 2 2 2 2 2 2 2 2 2 2 2 2 2 2 2
left_child=-1 5 3 -3 -5 6 7 11 -9 -10 -8 12 -2 15 17 16 -14 -15 19 -11 -21 22 25 24 -24 27 -27 28 -4 -22
right_child=1 2 21 4 -6 -7 10 8 9 18 -12 -13 13 14 -16 -17 -18 -19 -20 20 29 -23 23 -25 -26 26 -28 -29 -30 -31
leaf_value=-0.038962267013941343 -0.0084075599207488767 -0.019315388563401654 0.050812298372719202 -0.022717668252902844 -0.0017283350032752842 0.0051950071091045767 -0.02158310882254702 -0.053584728475200211 -0.044435784296615877 0.065017919821426809 -0.002906454524084532 -0.01286290808923733 0.037809159703885209 -0.041435651585866179 0.034120486479739191 -0.0065011706666408325 0.1162929379901621 0.028771887905679052 -0.040282606733623189 -0.0075564521148984076 0.011783219809981947 -0.011099950015861698 -0.04858453523769813 0.029522868574098755 0.03273966458171302 -0.010466074987351423 0.065158827505062564 0.042977497734202424 -0.013495401252264226 0.073001377284472577
leaf_weight=21.813263595104218 16.651109330356121 122.80014733970165 4.968534141778945 60.107861027121544 580.28722576797009 1045.2174190767109 85.057510510087013 10.575717516243456 11.920123234391211 6.6886050254106513 233.22277019917965 19.287682749330997 17.067364081740386 10.804122604429724 25.064996689558029 6.0831806808710089 8.2638803496956807 5.9668224006891242 7.3301099091768256 35.489104889333248 17.967964716255668 55.339725896716118 7.4975624680519086 66.643466383218765 5.2731528021395206 5.812577784061431 8.737166151404379 7.8290697932243338 77.967619426548481 6.9010367542505255
leaf_count=518 85 1301 28 337 3369 5175 567 54 62 32 1167 93 82 52 119 27 42 28 35 177 91 338 44 375 32 26 38 46 459 31
internal_value=-8.4294e-05 0.000245326 -0.00352206 -0.00621122 -0.00369841 0.00265345 -0.00241287 0.00605879 -0.00525886 0.00066349 -0.00789762 0.0160998 0.0223136 0.029297 0.0138453 0.0498747 0.0634131 -0.016457 0.0078914 0.0131582 0.00741133 0.00502695 0.00985812 0.0223623 -0.015005 0.000429196 0.0349469 -0.00510402 -0.00964286 0.028771
internal_weight=2594.64 2572.82 1003.26 763.195 640.395 1569.56 524.342 206.062 96.8727 86.2969 318.28 109.189 89.9015 73.2504 41.8359 31.4144 25.3312 16.7709 74.3768 67.0467 60.3581 240.069 184.729 79.4142 12.7707 105.315 14.5497 90.7652 82.9362 24.869
internal_count=14830 14312 6393 5007 3706 7919 2744 1010 482 428 1734 528 435 350 199 151 124 80 366 331 299 1386 1048 451 76 597 64 533 487 122
is_linear=0
shrinkage=0.05


Tree=48
num_leaves=31
num_cat=0
split_feature=7 13 40 3 47 31 15 4 20 39 14 46 14 27 22 12 7 26 47 0 4 20 12 20 12 24 35 33 15 44
split_gain=12.4508 8.61405 11.1161 7.22997 6.59886 10.4827 12.3918 7.64499 7.33842 10.1465 7.45166 7.25735 9.7072 7.64434 7.14693 6.72634 6.64269 6.59506 9.41057 10.3777 9.48965 9.27163 9.08633 9.76425 11.0069 14.1951 9.64808 9.33195 10.4127 7.65491
threshold=1.5800000000000003 1.009166666666667 3.5000000000000004 26.500000000000004 4.5000000000000009 1.5000000000000002 0.031666666666666669 54.500000000000007 0.86499999999999988 2.5000000000000004 -0.20000833333333329 6.705000000000001 0.0066583333333333225 0.06000000000000006 -1.8849999999999998 0.30310000000000009 4.3250000000000011 -0.029999999999999801 3.5000000000000004 2.5000000000000004 56.500000000000007 2.9250000000000003 0.31040000000000006 1.5850000000000002 0.35020000000000001 -0.0049999999999994485 0.38640000000000002 0.13500000000000004 -0.0016666666666666633 6.6950000000000012
decision_type=2 2 2 2 2 2 2 2 2 2 2 2 2 2 2 2 2 2 2 2 2 2 2 2 2 2 2 2 2 2
left_child=3 2 4 -1 5 -2 8 16 9 14 -10 12 15 -13 -7 -12 -8 22 19 -19 -20 -21 -4 24 25 -24 29 28 -26 -27
right_child=1 -3 17 -5 -6 6 7 -9 10 -11 11 13 -14 -15 -16 -17 -18 18 20 21 -22 -23 23 -25 27 26 -28 -29 -30 -31
leaf_value=-0.047186206621140259 0.0075876816045116931 0.0070826802273664981 -0.015156578669362614 0.058972500190053956 -0.0046582788226371338 -0.016769171672186656 0.072045422958975605 0.090601614798621069 -0.059521273379239958 -0.022784829035497958 0.057046414032653814 0.012051725633927085 0.07221005841699378 -0.030097967034609041 -4.7024164124681879e-05 -0.017292141069397731 0.0024179780044020988 0.021455603531890941 0.005443222850604521 -0.0234067966282034 -0.052661635902562613 0.039639626826894446 0.1355715142519997 -0.035146804041050236 -0.0039897480277178094 0.066560606444814527 -0.018334950037530769 -0.0055537117849535347 0.096550376540706181 -0.024418931507593496
leaf_weight=19.31253116205335 581.96445777267218 389.23092806339264 58.555357459932566 1.749115265905856 413.8261123932898 74.200477536767721 4.5688650608062806 4.8263848498463622 3.7383328303694716 68.682751804590225 4.6313199549913433 61.741886526346207 10.552813597023485 13.026552274823187 460.11816947162151 8.8722982630133611 13.688102863728998 15.24145422875881 87.388418674468994 184.85565245524049 7.6413672976195803 6.0213814675807944 3.5175422839820412 10.771186515688894 5.1046084575355053 12.87997752055526 7.6220627240836611 49.713175542652607 5.1973618492484075 2.817843832075595
leaf_count=497 2929 1667 412 21 2203 527 28 25 19 479 23 297 48 64 2449 44 64 129 659 1464 66 32 25 59 38 94 54 360 32 22
internal_value=-8.30605e-05 0.000230587 -0.000991839 -0.03837 0.000846104 0.00258411 -0.00141219 0.0346372 -0.00259158 -0.00469459 0.00977262 0.0123939 0.0362813 0.00470818 -0.00236922 0.00820367 0.0198425 -0.00792215 -0.0122462 -0.0182477 0.000770998 -0.0214179 0.00041552 0.00975577 0.0153244 0.0419421 0.0278192 0.00342161 0.0467329 0.0502293
internal_weight=2592.06 2571 2181.77 21.0616 1724.44 1310.61 728.648 23.0834 705.565 603.001 102.563 98.8249 24.0564 74.7684 534.319 13.5036 18.257 457.327 301.148 206.118 95.0298 190.877 156.179 97.6238 86.8526 26.8374 23.3199 60.0151 10.302 15.6978
internal_count=14830 14312 12645 518 9199 6996 4067 117 3950 3455 495 476 115 361 2976 67 92 3446 2350 1625 725 1496 1096 684 625 195 170 430 70 116
is_linear=0
shrinkage=0.05


Tree=49
num_leaves=31
num_cat=0
split_feature=7 28 20 36 10 9 18 33 36 6 13 46 3 9 15 36 47 11 10 12 27 24 40 27 20 23 15 8 44 13
split_gain=11.7861 8.20748 8.09619 11.003 10.9304 8.45002 10.0183 8.054 7.73545 8.0453 8.89131 7.93903 7.30119 6.9783 10.5526 9.1646 6.81703 8.57313 9.20076 8.8909 18.9078 9.74639 8.49408 9.24821 15.4331 8.91008 8.13117 8.12181 8.12012 7.83115
threshold=1.4900000000000002 5.5000000000000009 1.2300000000000004 6.6650000000000009 0.37795000000000006 5.7750000000000012 1.5000000000000002 0.13500000000000004 6.705000000000001 0.13500000000000004 -1.4633333333333334 6.8050000000000006 26.500000000000004 6.6450000000000005 0.023333333333333327 6.8250000000000011 4.5000000000000009 0.31855000000000006 0.23169999999999999 0.44045000000000006 -0.039999999999999584 0.071666666666665893 1.0000000180025095e-35 -0.095000000000000182 -0.82000000000000006 6.7750000000000012 0.014999999999999994 0.60415000000000008 6.9850000000000012 1.865
decision_type=2 2 2 2 2 2 2 2 2 2 2 2 2 2 2 2 2 2 2 2 2 2 2 2 2 2 2 2 2 2
left_child=12 16 8 -4 -5 -6 13 -8 9 -3 -11 -12 -1 14 -7 -15 17 18 -2 -19 21 26 28 24 -24 -26 -21 29 -20 -18
right_child=1 2 3 4 5 6 7 -9 -10 10 11 -13 -14 15 -16 -17 27 19 22 20 -22 -23 23 -25 25 -27 -28 -29 -30 -31
leaf_value=-0.052088308440106368 -0.0093244993019950245 -0.038736167219266204 -0.038609834366927442 -0.0082486988911536982 0.07993279620630897 0.066879226377428866 0.046553549582984813 -0.020847154024190708 -0.015174584429642876 -0.046100221389521724 0.011300383239196545 0.098724151254904344 0.053369284789325594 0.11499875132420763 -0.041597618815275073 0.028572439551091306 -0.0040448611828814039 0.0078002621156482961 -0.013433191440362261 0.025057385669186496 -0.02230821480288336 -0.036229655822071098 0.11470981315759668 0.0037982122972203009 -0.0079592783617418502 0.051146331148946546 0.099611905192005579 -0.060801001749147078 0.03942157362323348 0.04050591200334152
leaf_weight=15.632587831467392 232.48227248340845 10.015603609383104 12.23593759536743 38.30173797160387 6.5878017693758002 4.3105829209089297 5.9691658094525364 17.214050978422165 224.1621226221323 6.5536527447402468 58.75989868119359 2.7169327884912482 1.8337906375527371 5.6871819198131544 4.671707957983017 6.658596858382225 464.15947320312262 833.41188551858068 102.54600615054369 19.759667500853546 69.407340906560421 5.2592384219169608 4.7927942872047451 381.34324017912149 15.039919286966326 11.068967923521994 4.4877783656120291 6.1775752305984488 7.8208534866571418 10.078216478228567
leaf_count=436 1447 74 66 211 34 21 31 89 1818 112 442 18 21 24 23 29 2421 4325 516 101 365 26 25 1909 68 50 20 26 41 41
internal_value=-8.24439e-05 0.000195572 -0.00634887 0.00585875 0.011945 0.0270813 0.0192592 -0.00349296 -0.0104545 0.00310259 0.00926219 0.015164 -0.0410163 0.0439903 0.0104602 0.0683854 0.00141473 0.0029108 -0.00104935 0.00611814 -0.0080548 0.0254729 0.00263183 0.00593005 0.0322381 0.0170988 0.0388561 -0.00384009 -0.00968778 -0.00309809
internal_weight=2589.15 2571.68 403.845 101.637 89.4008 51.0991 44.5113 23.1832 302.208 78.0461 68.0305 61.4768 17.4664 21.3281 8.98229 12.3458 2167.84 1687.42 755.094 932.326 98.914 29.5067 522.612 412.245 30.9017 26.1089 24.2474 480.415 110.367 474.238
internal_count=14830 14373 2992 528 462 251 217 120 2464 646 572 460 457 97 44 53 11381 8893 4056 4837 512 147 2609 2052 143 118 121 2488 557 2462
is_linear=0
shrinkage=0.05


Tree=50
num_leaves=31
num_cat=0
split_feature=7 40 13 36 44 21 40 20 17 20 13 44 45 3 28 24 24 44 35 10 3 25 48 1 36 3 22 44 11 7
split_gain=11.0828 8.15128 8.1423 11.4233 12.0711 7.33408 7.17636 10.2757 7.93579 8.33216 6.99886 7.84574 7.04931 6.85339 6.47213 11.1268 11.3138 7.97623 7.82777 7.2372 6.45845 7.20102 6.51673 9.20908 8.23616 9.83897 13.8346 8.08206 7.24352 9.43492
threshold=1.4900000000000002 2.5000000000000004 -1.0458333333333329 6.9650000000000007 5.9350000000000014 -0.074999999999999983 1.0000000180025095e-35 -1.9149999999999996 4.5000000000000009 -1.6899999999999999 1.0375000000000003 4.2950000000000008 0.38795000000000007 26.500000000000004 1.5000000000000002 -0.061666666666666085 -0.0066666666666663757 6.1850000000000014 0.23134999999999997 0.11159999999999996 58.500000000000007 2.5000000000000004 1.0000000180025095e-35 2.5000000000000004 6.6550000000000011 21.500000000000004 -1.0549999999999999 7.4350000000000014 0.34115000000000001 4.1050000000000013
decision_type=2 2 2 2 2 2 2 2 2 2 2 2 2 2 2 2 2 2 2 2 2 2 2 2 2 2 2 2 2 2
left_child=13 5 3 -3 -5 -2 7 -7 9 -9 11 -10 -12 -1 15 -11 -17 18 -18 -20 22 -22 23 28 -24 -26 -27 -25 29 -8
right_child=1 2 -4 4 -6 6 20 8 10 14 12 -13 -14 -15 -16 16 17 -19 19 -21 21 -23 24 27 25 26 -28 -29 -30 -31
leaf_value=-0.05198316538088537 0.036139539053039384 -0.020791723757007816 -0.0017812894201062115 -0.025968355801202089 0.10221980541614369 -0.034390547420189169 -0.013729666563958473 0.075186589506223173 -0.053398325953551533 -0.048779436885658695 0.035331546683157279 -0.011156656570314392 -0.022827676907136205 0.048548750852139527 -0.0034685689683110754 0.037309830800908356 -0.047814730245477638 0.024698675135871696 -0.046012847738743715 0.0093669204519539577 0.029018850932667581 -0.035653962358955446 0.027083768706465734 -0.0079768403541798042 0.060540111275020382 -0.015581394847948052 0.009497801246283015 0.045029207070846587 -0.0020497646997379815 0.019606076007187667
leaf_weight=14.899495240300896 15.970229476690291 99.982381209731102 891.47305081039667 3.3844786696135989 4.0153058804571629 24.415448226034641 25.270638488233089 3.9617935270071021 12.119575694203375 7.4380375668406478 14.83527708053589 118.18944838643074 8.0304147005081159 1.9129151664674271 200.06334625184536 37.31009230017662 9.519210256636141 32.036743268370628 6.8476357012987128 42.602351173758507 5.5752074420452145 18.879750467836857 56.630751974880695 223.70910259336233 8.3727523721754533 64.423057608306408 375.52330647408962 7.4302110373973838 119.43175254762173 132.59878444671631
leaf_count=436 74 1160 5191 43 38 210 157 27 71 40 62 644 34 21 1020 182 46 150 38 200 27 118 284 1115 67 398 1792 36 552 597
internal_value=-8.11256e-05 0.000183574 -0.00334806 -0.0163552 0.0435897 0.00242875 0.00208258 -0.00272795 -0.00115974 0.00309975 -0.0106083 -0.0150854 0.0149061 -0.0405446 0.00224931 0.0106759 0.0141223 0.00461597 -0.00629456 0.00169815 0.00448065 -0.0209099 0.00509337 0.0010976 0.00911676 0.0068472 0.00582536 -0.00627291 0.00724114 0.0142699
internal_weight=2586.85 2570.04 998.855 107.382 7.39978 1571.18 1555.21 517.369 492.954 339.779 153.175 130.309 22.8657 16.8124 335.817 135.754 128.316 91.0059 58.9692 49.45 1037.85 24.455 1013.39 508.44 504.95 448.319 439.946 231.139 277.301 157.869
internal_count=14830 14373 6432 1241 81 7941 7867 2724 2514 1703 811 715 96 457 1676 656 616 434 284 238 5143 145 4998 2457 2541 2257 2190 1151 1306 754
is_linear=0
shrinkage=0.05


Tree=51
num_leaves=31
num_cat=0
split_feature=7 13 28 20 10 19 47 14 15 40 9 11 22 0 15 3 26 44 34 12 27 18 11 8 24 23 25 11 45 8
split_gain=10.4189 7.36569 8.85723 7.98569 7.04564 6.65999 6.53909 7.60246 8.90283 11.283 8.83601 8.76258 13.0049 15.0952 13.749 11.1355 10.0571 9.58885 9.17047 10.4144 12.0848 11.5885 10.0265 9.08468 8.5606 8.54972 7.73978 7.64907 7.64521 7.47783
threshold=1.4900000000000002 1.4658333333333335 5.5000000000000009 3.2650000000000001 0.64365000000000017 -0.064999999999999988 4.5000000000000009 0.015450000000000035 0.024166666666666659 2.5000000000000004 6.2250000000000005 0.38245000000000007 0.6499999999999998 3.5000000000000004 0.0050000000000000192 23.500000000000004 0.044999999999999936 6.2250000000000005 6.1950000000000012 0.28605000000000008 -0.029999999999999801 2.5000000000000004 0.43725000000000008 0.36405000000000004 -0.056666666666666192 6.9750000000000005 4.5000000000000009 0.33255000000000007 0.16475000000000004 0.48570000000000008
decision_type=2 2 2 2 2 2 2 2 2 2 2 2 2 2 2 2 2 2 2 2 2 2 2 2 2 2 2 2 2 2
left_child=-1 2 6 5 -4 -3 7 8 24 10 -10 12 13 14 16 17 -9 -13 -17 20 21 -20 -22 28 -2 29 -12 -27 -14 -15
right_child=1 3 4 -5 -6 -7 -8 11 9 -11 26 15 23 25 -16 18 -18 -19 19 -21 22 -23 -24 -25 -26 27 -28 -29 -30 -31
leaf_value=-0.040069444540804043 -0.014953732468184065 -0.036436887661084494 -0.0082890198093753774 -0.012498416359842604 0.062192864628311133 0.01773455237868117 -0.004581967237385842 0.056211127816164379 0.04758286575235475 -0.010601827259388087 -0.029822892031767918 0.053457605757990481 0.001364237121835612 0.0012135861949127071 -0.0079882220276474864 -0.0073038982798336958 0.17414090172101104 -0.018770148902564402 0.057344694182696325 0.0017483797470791828 0.0061051849218698153 -0.040818952804726735 0.068022915584113372 0.016147698563879483 1.2714507593622713e-05 0.00064771843847792555 0.04855081279148224 0.090737221869303275 0.068361047782839343 -0.063629751990555927
leaf_weight=16.186313938349485 108.67457453906536 5.9279606640338889 370.05833815410733 31.460450291633606 3.5800289362668982 132.32755914330482 445.86264497414231 4.7258419468998891 29.679519347846508 23.734992355108261 8.6013263911008817 18.177183814346794 5.2482568100094822 120.15784091129899 4.6085573881864548 194.51370358467102 2.9279385581612587 6.1497839465737334 4.4431704506278029 145.16933322325349 9.7436768636107463 9.2985755875706655 19.874506123363972 30.293684959411621 790.81658697500825 4.4698656648397428 4.9705142527818671 4.98247991502285 22.571233332157135 4.6170012503862372
leaf_count=457 664 25 2854 134 17 549 2352 28 137 124 36 112 26 661 23 997 19 41 21 747 53 48 98 133 4270 27 22 28 105 22
internal_value=-8.02077e-05 0.00017188 -0.00054056 0.0102381 -0.0076137 0.0154119 0.000764967 0.00227531 -0.000485916 0.0170991 0.0323005 0.00663606 0.0150783 0.00713866 0.0602417 0.00239591 0.101325 0.0351986 0.000312617 0.0081709 0.0296735 -0.00907933 0.0476535 0.0350923 -0.0017955 0.00228743 -0.00111952 0.0481353 0.0557218 -0.00118579
internal_weight=2583.85 2567.67 2397.95 169.716 373.638 138.256 2024.31 1578.45 966.478 66.9864 43.2514 611.973 204.603 146.49 12.2623 407.37 7.65378 24.327 383.043 188.529 43.3599 13.7417 29.6182 58.1132 899.491 134.227 13.5718 9.45235 27.8195 124.775
internal_count=14830 14373 13665 708 2871 574 10794 8442 5253 319 195 3189 1072 808 70 2117 47 153 1964 967 220 69 151 264 4934 738 58 55 131 683
is_linear=0
shrinkage=0.05


Tree=52
num_leaves=31
num_cat=0
split_feature=7 13 4 44 27 28 39 36 3 35 11 5 20 20 41 21 3 13 8 8 3 35 0 14 35 12 44 0 15 27
split_gain=9.76906 7.04654 7.29599 10.7114 11.279 7.90449 7.60819 13.1329 6.70029 6.64757 18.0634 9.02715 9.93851 15.1214 11.0556 9.93725 9.54115 8.90975 7.73292 20.2794 8.0204 10.58 10.287 9.11307 7.96473 7.701 9.78388 7.31635 7.30718 10.0799
threshold=1.4900000000000002 -0.10416666666666695 53.500000000000007 6.4250000000000007 0.13500000000000026 2.5000000000000004 -3.4999999999999996 6.8350000000000009 26.500000000000004 0.33750000000000008 0.37050000000000005 1.0000000180025095e-35 -1.0449999999999999 -0.70999999999999963 3.5000000000000004 -0.019999999999999993 39.500000000000007 -0.22416666666666615 0.42675000000000007 0.39515000000000006 23.500000000000004 0.56350000000000011 22.500000000000004 0.085491666666666646 0.40975 0.5363500000000001 5.5650000000000004 8.5000000000000018 -0.0066666666666666602 1.0000000180025095e-35
decision_type=2 2 2 2 2 2 2 2 2 2 2 2 2 2 2 2 2 2 2 2 2 2 2 2 2 2 2 2 2 2
left_child=8 2 6 -4 5 -5 7 -2 -1 10 25 12 15 16 17 -12 -14 27 19 20 21 22 -11 -22 -21 -8 -27 -15 29 -13
right_child=1 -3 3 4 -6 -7 9 -9 -10 18 11 28 13 14 -16 -17 -18 -19 -20 24 23 -23 -24 -25 -26 26 -28 -29 -30 -31
leaf_value=-0.051810045680467834 0.065274308581390869 0.0023894434588269415 -0.013252741168424988 0.020417093516257121 0.086248472449442073 -0.0064046819314352429 -0.0053344253210269371 -0.041745164967511586 0.047803796701603181 -0.0016130383695958064 0.098522173480555642 0.044077935495743931 0.050234188687951667 0.05671930907292904 0.073590130170880938 0.0017647931184429885 0.15701425343676159 0.069795643629751394 -0.035967688923378399 0.12149412473379162 -0.0054443004204735752 0.10035726759343658 0.091989301345897445 -0.035911441443580702 0.021998919315608004 -0.013582727478701774 0.10856285470324573 -0.0301934188192109 -0.025654969025385856 -0.036497624523908472
leaf_weight=13.680513065308331 10.580947823822497 1488.9444022998214 297.98277261294425 38.070005886256695 3.9996099919080725 98.642403671517968 199.89085812680423 3.9318980649113646 1.9257031679153431 29.513121720403433 2.9433568231761482 13.765050098299982 3.8132112696766836 3.127602934837344 10.562991015613077 26.95701470784843 4.6346324384212494 4.5922919064760235 19.45526659488678 4.2790366113185865 225.07751079648733 3.4001889005303374 3.2594937905669203 27.547750491648912 3.7956523448228836 3.1645869091153136 3.4017361663281918 10.723908536136149 14.529848065227268 5.4056921340525141
leaf_count=436 53 7005 2070 199 26 695 1378 22 21 294 20 102 24 18 58 207 27 24 114 26 1505 32 29 181 20 24 21 68 95 36
internal_value=-7.89039e-05 0.000160965 -0.00291975 -0.00788389 0.0034856 0.00106432 0.000491746 0.03628 -0.0395184 -0.000340822 0.004894 0.022215 0.0327856 0.0499461 0.0328012 0.0112895 0.108816 0.00944089 -0.00542976 -0.00342849 -0.00561362 0.0164064 0.00769645 -0.00876662 0.0747246 -0.0035842 0.0496958 -0.010569 0.00108833 0.0213575
internal_weight=2581.6 2565.99 1077.05 438.695 140.712 136.712 638.354 14.5128 15.6062 623.841 307.513 101.056 67.355 37.4546 29.0068 29.9004 8.44784 18.4438 316.328 296.873 288.798 36.1728 32.7726 252.625 8.07469 206.457 6.56632 13.8515 33.7006 19.1707
internal_count=14830 14373 7368 2990 920 894 4378 75 457 4303 2102 679 446 219 168 227 51 110 2201 2087 2041 355 323 1686 46 1423 45 86 233 138
is_linear=0
shrinkage=0.05


Tree=53
num_leaves=31
num_cat=0
split_feature=7 24 9 15 17 9 11 11 21 24 6 23 18 34 20 7 8 3 4 24 45 3 34 33 26 48 24 23 13 11
split_gain=9.38747 7.16788 7.82896 7.22551 8.63263 6.71831 6.59629 11.155 11.2649 7.84619 6.70295 6.02632 5.70537 7.75372 10.9715 8.23396 10.9366 6.98753 13.2307 11.856 11.2018 8.93193 12.9012 8.29261 12.3595 8.66342 10.2179 9.49152 8.27883 9.02131
threshold=2.9600000000000004 -0.034999999999998803 7.7550000000000008 -0.048333333333333325 4.5000000000000009 1.2350000000000001 0.44369999999999993 0.64500000000000013 -0.030000000000000002 -0.082500000000000004 0.115 7.0750000000000011 3.5000000000000004 4.7950000000000008 -1.7199999999999998 4.4450000000000012 0.17315000000000003 50.500000000000007 52.500000000000007 0.03666666666666752 0.26045000000000001 40.500000000000007 6.785000000000001 0.13500000000000004 -0.024999999999999908 -2.4999999999999996 -0.013333333333332307 6.705000000000001 0.06916666666666639 0.29390000000000005
decision_type=2 2 2 2 2 2 2 2 2 2 2 2 2 2 2 2 2 2 2 2 2 2 2 2 2 2 2 2 2 2
left_child=5 3 12 4 -2 11 10 8 -8 -10 -5 -1 17 14 15 16 -14 21 19 -19 -20 -3 23 24 -23 26 -25 -28 -26 -30
right_child=1 2 -4 6 -6 -7 7 -9 9 -11 -12 -13 13 -15 -16 -17 -18 18 20 -21 -22 22 -24 25 28 -27 27 -29 29 -31
leaf_value=-0.046223382748704182 0.094385533239856503 0.0021028458167777603 0.028719644112772037 0.064386510307048894 -0.0072501366461121489 -0.007596908236121862 0.090379627221108372 -0.045420248996503369 0.06112888365265004 0.0028441567801105105 -0.0075019037781930533 0.072813782498602361 0.014790779452503875 0.00023662741648892055 -0.019863053151617984 -0.04634667476288723 0.12804722517713921 0.021498977114736893 0.014205520480889015 -0.031973663736293408 -0.026889620767755418 0.095510784265147142 -0.0087717326888922479 0.094338982963071 -0.041955520606627973 0.010539016665998636 0.065276609748752379 -0.0013430249800825593 -0.017355939887210983 0.070491819531482161
leaf_weight=21.533695330843333 4.0245437473058683 647.27426171302795 26.80928573012352 3.2637555524706832 4.3447076417505741 50.737712340429425 5.0001782923936835 7.7102760747075072 6.7642696723341933 39.448368243873119 499.28819647803903 1.1184524595737446 6.5542634427547437 682.75169141963124 96.191964164376259 2.7523942813277236 3.1588743478059769 54.170642204582691 21.350650936365128 12.819108180701731 74.250890158116817 8.0905533283948916 58.165836900472641 6.6178679466247585 4.0512504950165775 195.95302528142929 8.5786037594079989 14.190747067332266 4.4773286730051032 8.4153604805469495
leaf_count=541 28 3216 117 18 29 657 21 43 37 228 3017 14 53 3906 517 19 22 271 113 59 388 39 296 30 24 967 39 64 20 37
internal_value=-7.882e-05 0.000437279 0.00188768 -0.00449195 0.0416237 -0.0177051 -0.00517934 0.0106478 0.019089 0.0113755 -0.00703503 -0.0403459 0.00151103 -0.00173772 -0.0141435 0.0299918 0.0516237 0.00380991 -0.0057724 0.0112665 -0.0177119 0.00543993 0.0124407 0.0173686 0.0446691 0.0143356 0.0396515 0.0237567 0.0203927 0.0399844
internal_weight=2579.86 2506.47 1936.62 569.844 8.36925 73.3899 561.475 58.9231 51.2128 46.2126 502.552 22.6521 1909.82 791.409 108.657 12.4655 9.71314 1118.41 162.591 66.9898 95.6015 955.815 308.541 250.375 25.0345 225.34 29.3872 22.7694 16.9439 12.8927
internal_count=14830 13618 10197 3421 57 1212 3364 329 286 265 3035 555 10080 4517 611 94 75 5563 831 330 501 4732 1516 1220 120 1100 133 103 81 57
is_linear=0
shrinkage=0.05


Tree=54
num_leaves=31
num_cat=0
split_feature=28 13 9 9 8 13 6 26 20 8 27 34 17 36 15 34 14 10 4 23 9 14 19 23 34 48 34 21 10 44
split_gain=9.10177 13.9132 6.05575 5.81555 7.47285 9.41604 7.45556 7.53218 8.02469 7.40379 7.27181 13.6356 11.7603 8.6898 8.93829 8.57174 9.15314 7.26036 6.67424 12.5713 11.1253 8.9084 7.5621 7.33483 8.11684 7.13036 8.00125 11.38 8.20944 7.84119
threshold=5.5000000000000009 -2.1758333333333328 7.3850000000000007 5.0650000000000004 0.4391500000000001 1.4658333333333335 0.115 0.16500000000000006 -0.11999999999999965 0.47230000000000005 0.055000000000000167 4.8350000000000009 5.5000000000000009 6.9050000000000011 0.0099999999999999967 5.7150000000000007 0.023683333333333365 0.53225000000000011 55.500000000000007 6.6250000000000009 5.3050000000000006 0.18076666666666669 0.015000000000000001 7.0750000000000011 4.2650000000000006 -1.4999999999999998 4.5450000000000008 -0.025000000000000005 0.31455000000000005 7.535000000000001
decision_type=2 2 2 2 2 2 2 2 2 2 2 2 2 2 2 2 2 2 2 2 2 2 2 2 2 2 2 2 2 2
left_child=3 -2 -3 10 5 18 -6 8 9 -8 -1 -12 13 -13 15 -15 -17 -7 19 -5 -20 23 25 24 -22 -21 27 -27 -29 -28
right_child=1 2 -4 4 6 17 7 -9 -10 -11 11 12 -14 14 -16 16 -18 -19 20 22 21 -23 -24 -25 -26 26 29 28 -30 -31
leaf_value=0.00047562153819387946 -0.047098682759785321 -0.0061798569439045683 0.023402783859556978 -0.03092978256502741 0.057707219041450077 0.051704796491641905 -0.035062239220927036 0.053825341556801291 0.00019853316464990041 -0.0032803641595023254 -0.036420975544084015 -0.0029934225753535594 -0.035039448420311439 -0.025797585560962868 0.11316171304131251 0.0091490814519776288 0.10520491366784553 -0.012216444014612103 0.031607355054889014 0.0017178638560009015 0.033865309928485465 0.039245838307335412 -0.00024796804187689523 0.049585283847522373 -0.022738519156403868 0.044166879022920991 0.020817936477380925 0.029239734994920986 -0.04663826079389255 -0.046547599690094872
leaf_weight=809.04383439570665 20.463418515399098 370.94706416875124 18.1457789093256 19.961616143584251 5.2876963317394248 19.259373545646671 33.77818239480257 5.9625075161457053 378.75296573340893 40.053708225488663 39.792391672730446 105.14508191123605 24.669605705887079 6.5393136665225091 2.9636346548795691 6.2410031631588918 4.1154821962118149 5.7741371989250174 17.777716025710106 102.34773529320955 6.849846974015235 8.0599250793457013 145.9410021007061 4.1395049542188636 83.998847670853138 7.3717701137065914 260.52698435634375 4.6721453666687038 15.038732670247553 4.3924568742513648
leaf_count=4703 622 2670 90 92 23 79 166 27 1658 191 255 678 165 42 17 43 27 24 94 478 30 37 741 21 423 32 1284 22 72 24
internal_value=-7.75656e-05 -0.00691367 -0.00480024 0.00121357 0.00360569 0.00684442 -0.00132474 -0.00200546 -0.002741 -0.0178206 -0.00158926 -0.0104065 -0.00349034 0.00273587 0.0330694 0.0190207 0.04732 0.036961 0.00573747 0.00803605 -0.00492075 -0.0112225 0.00947569 -0.0155049 -0.0184707 0.0130742 0.0170547 -0.00883148 -0.0286526 0.019701
internal_weight=2578.01 409.556 389.093 2168.46 1169.95 706.112 463.835 458.547 452.585 73.8319 998.51 189.467 149.674 125.005 19.8594 16.8958 10.3565 25.0335 681.078 560.252 120.826 103.048 540.291 94.9882 90.8487 394.35 292.002 27.0826 19.7109 264.919
internal_count=14830 3382 2760 11448 5518 3453 2065 2042 2015 357 5930 1227 972 807 129 112 70 103 3350 2745 605 511 2653 474 453 1912 1434 126 94 1308
is_linear=0
shrinkage=0.05


Tree=55
num_leaves=31
num_cat=0
split_feature=13 24 9 27 9 24 17 14 15 15 34 7 3 35 11 24 12 34 12 12 14 4 10 12 3 22 22 14 33 7
split_gain=8.30891 6.50554 6.74049 6.48493 6.3782 11.2412 9.86544 6.31071 7.56103 7.2585 6.26909 5.82466 5.72992 9.79849 8.37534 9.3029 7.56154 9.20619 6.51488 8.0068 6.36161 8.99588 5.90106 6.77133 5.72667 5.66033 5.9925 8.93149 5.47686 7.77313
threshold=-1.6583333333333328 -0.034999999999998803 7.7550000000000008 0.14500000000000005 4.7150000000000007 -0.0033333333333342981 3.5000000000000004 -0.037641666666666677 -0.048333333333333325 0.025500000000000012 5.7650000000000006 1.4900000000000002 36.500000000000007 0.40760000000000002 0.41035000000000005 -0.0416666666666674 0.39884999999999998 6.6250000000000009 0.29195000000000004 0.27250000000000002 -0.028775000000000019 52.500000000000007 0.4159500000000001 0.26695000000000008 29.500000000000004 1.2500000000000004 0.38000000000000017 0.024716666666666751 0.13500000000000004 6.6350000000000007
decision_type=2 2 2 2 2 2 2 2 2 2 2 2 2 2 2 2 2 2 2 2 2 2 2 2 2 2 2 2 2 2
left_child=3 7 -3 4 11 6 -6 9 -9 -2 -11 -1 14 28 20 16 17 -16 19 -15 21 -10 23 24 -22 26 27 -4 -14 -30
right_child=1 2 25 -5 5 -7 -8 8 12 10 -12 -13 13 18 15 -17 -18 -19 -20 -21 22 -23 -24 -25 -26 -27 -28 -29 29 -31
leaf_value=-0.051835042520242063 -0.013634001711783143 0.0015012726033020133 0.068860629056747336 0.077454631044441669 0.15888750294023357 -0.04270161836646038 0.0084656054634147312 0.06381572559910148 0.080255671868868589 -0.011664464330053586 0.052865587308482703 -0.015096936593974868 -0.0098647033995059308 -0.013524535928211377 -0.016527716842399256 -0.031784740138581222 0.10099754845466601 0.083113580782458174 -0.027652985471630826 0.070074846586779579 0.05064685626663637 -0.029059062842297423 -0.04978025357967536 -0.025554865849017956 -0.020094221560747104 0.071141700610581296 -0.024118480717334433 -0.0095797668273642292 0.0080181406840986926 0.043247256715710142
leaf_weight=12.756606420502065 196.81465264409781 1894.6111131384969 7.9086721837520653 1.8658999036997546 2.0644260570406914 3.3065032847225657 2.3093710094690323 4.5612370222806922 3.6794886812567702 7.1427133679389936 7.9560884311795235 69.944430390372872 35.596061900258064 8.8946315348148328 6.7293439507484454 6.6828841492533675 3.7205988839268676 3.5363672822713852 36.728455603122711 4.2244259715080252 6.2206049561500532 3.852604053914547 16.794573903083801 38.730048906058073 5.2969682440161705 5.6538899987936011 6.7412633746862403 6.7061867713928223 147.34796250611544 17.519569717347622
leaf_count=442 1222 9929 35 21 19 30 24 31 23 36 41 888 212 50 39 37 19 20 228 23 35 22 87 243 30 23 29 30 883 79
internal_value=-7.63528e-05 0.000470927 0.00185485 -0.0148112 -0.016716 0.0268699 0.0794645 -0.00426081 -0.00013886 -0.011071 0.0223387 -0.0207638 -0.000983045 0.00298854 -0.0114208 0.0167427 0.0399298 0.0177971 -0.0168498 0.013395 -0.0192267 0.0243421 -0.0241216 -0.0155455 0.0181128 0.0266564 0.0148793 0.0328674 0.00792157 0.0117617
internal_weight=2575.9 2483.65 1921.62 92.2472 90.3813 7.6803 4.3738 562.029 350.116 211.913 15.0988 82.701 345.555 250.311 95.2435 20.6692 13.9863 10.2657 49.8475 13.1191 74.5743 7.53209 67.0422 50.2476 11.5176 27.01 21.3561 14.6149 200.464 164.868
internal_count=14830 13406 10046 1424 1403 73 43 3360 2061 1299 77 1330 2030 1475 555 115 78 59 301 73 440 45 395 308 65 117 94 65 1174 962
is_linear=0
shrinkage=0.05


Tree=56
num_leaves=31
num_cat=0
split_feature=28 13 20 36 10 35 35 23 12 0 6 36 9 11 26 37 4 23 15 46 17 15 13 8 0 35 3 14 44 3
split_gain=8.09785 12.7997 5.76943 9.96348 9.4649 7.6983 11.2214 10.4542 13.1874 7.96744 7.51443 7.37347 7.3546 9.47901 7.48423 7.32721 7.19262 6.68382 6.12741 6.75781 6.9349 6.06713 7.80915 7.69129 5.72919 7.09897 6.98919 8.60992 5.50533 5.39452
threshold=5.5000000000000009 -2.1758333333333328 1.2300000000000004 6.6650000000000009 0.37795000000000006 0.34115000000000001 0.36815000000000003 6.7750000000000012 0.44794999999999996 6.5000000000000009 0.18500000000000003 6.8050000000000006 5.7750000000000012 0.28900000000000009 0.024999999999999915 2.5000000000000004 47.500000000000007 6.7750000000000012 0.0016666666666666846 6.9150000000000009 1.5000000000000002 0.013333333333333324 0.029166666666666789 0.23279999999999998 1.5000000000000002 0.41825000000000001 27.500000000000004 -0.0077166666666666486 5.5750000000000011 58.500000000000007
decision_type=2 2 2 2 2 2 2 2 2 2 2 2 2 2 2 2 2 2 2 2 2 2 2 2 2 2 2 2 2 2
left_child=29 -2 5 -4 -5 -3 9 8 11 17 15 24 -6 14 28 21 -9 -7 -15 20 -20 22 23 -11 -8 26 -26 -28 -14 -1
right_child=1 2 3 4 12 6 7 16 -10 10 -12 -13 13 18 -16 -17 -18 -19 19 -21 -22 -23 -24 -25 25 -27 27 -29 -30 -31
leaf_value=0.0015513003288654202 -0.046598858809899071 -0.016369780685687774 -0.037157624080502438 -0.0075082774522266006 0.073915394321100697 0.020421231494153994 -0.049876443054235893 0.034382907876500272 0.087247157868717493 0.072108294928926439 0.08692886682461759 -0.064291269481447047 0.03870819049992974 -0.042731484612409359 -0.0076718092435498729 -0.052337644384058447 -0.027574803632011285 0.12290752777022707 -0.018639413608151786 -0.042061857402917194 0.046429481036529302 -0.030469503837963013 0.08587059191512314 -0.043793602195135922 -0.025194378558937927 -0.0094080902397026267 0.0085435019282543209 0.078288293366687245 0.1102528427688667 -0.013975888339716656
leaf_weight=2110.0996230430901 19.016644418239594 143.89072308130562 11.972491867840288 37.973303683102131 6.7841842025518408 2.8951839469373253 4.1207022592425337 5.14307752624154 4.835717260837554 2.3342328295111709 3.0462375655770293 4.0036765895783892 5.7107672393321973 6.139883570373061 4.0006578415632239 4.6522086486220351 52.501625694334507 3.5312190055847168 5.9346966147422853 4.4637090712785712 13.208072274923323 4.3765895143151274 4.9274255335330963 3.7007603570818901 4.3655489590019014 20.394958920776844 8.3690977692604083 9.3896496742963773 5.0813959091901779 57.461341522634029
leaf_count=11095 622 1133 66 211 34 21 29 41 33 25 26 26 26 34 22 33 429 27 28 21 62 31 28 36 40 153 61 60 24 353
internal_value=-7.51318e-05 -0.0065486 -0.00458438 0.00567377 0.0114164 -0.00821061 2.31195e-05 -0.00713532 0.00835827 0.0275074 0.0137748 0.000825547 0.0254185 0.0180314 0.0507408 0.00262769 -0.0220469 0.076736 0.00176514 0.0133384 0.0262566 0.0192983 0.0391673 0.00103528 0.00641532 0.0118708 0.0314864 0.0454199 0.0723944 0.00113968
internal_weight=2574.33 406.764 387.748 101.269 89.2967 286.479 142.588 113.124 55.4794 29.4639 23.0375 50.6436 51.3234 44.5392 14.7928 19.9912 57.6447 6.4264 29.7464 23.6065 19.1428 15.339 10.9624 6.03499 46.64 42.5193 22.1243 17.7587 10.7922 2167.56
internal_count=14830 3382 2760 528 462 2232 1099 872 402 227 179 369 251 217 72 153 470 48 145 111 90 120 89 61 343 314 161 121 50 11448
is_linear=0
shrinkage=0.05


Tree=57
num_leaves=31
num_cat=0
split_feature=40 7 9 1 11 3 11 3 43 35 18 34 18 23 22 23 44 3 22 35 45 36 15 35 18 36 12 22 20 36
split_gain=7.43343 9.29439 6.62012 8.49316 11.8563 9.89523 7.82921 11.7368 13.8065 9.55996 8.42965 7.8052 7.61839 11.2059 8.22543 7.5546 7.51095 7.38851 11.2364 8.09781 10.1209 7.33062 9.14921 8.2757 7.55572 7.07205 6.86331 6.72944 6.91263 10.0607
threshold=3.5000000000000004 2.7100000000000004 4.5650000000000004 2.5000000000000004 0.31225000000000008 43.500000000000007 0.37555000000000005 24.500000000000004 0.17500000000000002 0.10819999999999991 1.5000000000000002 7.0250000000000012 4.5000000000000009 6.7150000000000007 -2.0949999999999993 6.7650000000000006 3.5350000000000006 38.500000000000007 -0.90000000000000002 0.42055000000000003 0.29390000000000005 6.7950000000000008 -0.039999999999999994 0.34395000000000003 5.5000000000000009 6.7150000000000007 0.27250000000000002 -3.6449999999999996 -1.52 6.6150000000000011
decision_type=2 2 2 2 2 2 2 2 2 2 2 2 2 2 2 2 2 2 2 2 2 2 2 2 2 2 2 2 2 2
left_child=2 -2 3 16 5 11 10 8 -8 -9 15 17 13 -12 -14 -6 -1 19 -19 -5 26 22 -16 -24 -25 -20 -21 -18 -29 -30
right_child=1 -3 -4 4 6 -7 7 9 -10 -11 12 -13 14 -15 21 -17 27 18 25 20 -22 -23 23 24 -26 -27 -28 28 29 -31
leaf_value=-0.044956758851376344 -0.039427166529785077 -0.0039950854958883536 0.0033316597592597721 -0.018650340318639543 0.097304097300644807 -0.034401231817104784 0.0023807029467155399 0.058306637664377894 0.087426249081649463 -0.018357518352029683 0.029233512198301326 -0.056781610762117435 -0.01969171437757496 -0.019080318026078819 0.09492322806052135 0.018552942825290995 0.068688041227389876 0.092693735509404254 0.063924721469555718 0.12119264780063904 -0.0086613403140152999 0.062462059532808534 -0.029957818987585257 0.072202568204364298 -0.016237010550335725 -0.019868079982975226 0.019434219683954437 -0.0099379377348449982 -0.04667087830652137 0.013208794757588464
leaf_weight=7.288349784910678 19.177641924470663 530.3271758928895 1356.3007045611739 72.981483366340399 4.7481866404414168 55.56082458794117 22.455138763412837 4.2255878597497931 6.0601519737392655 107.9499931614846 16.129859022796154 7.908822698518633 10.077154368162153 46.893592787906528 3.0795965660363427 8.4916844181716424 4.2835306301712981 4.4720509424805668 3.3617177084088317 3.1549949496984508 12.459876548498867 12.41446112282574 9.9285550080239826 5.6904207244515401 4.1956911366432905 10.034229651093481 3.4900523126125336 54.99192875623703 7.3422445356845847 157.25270969420671
leaf_count=45 551 3646 6481 516 28 367 200 22 52 634 97 58 96 287 20 47 36 30 18 18 90 78 64 34 29 55 25 351 41 814
internal_value=-7.45805e-05 -0.00523166 0.00132608 -0.00275262 -0.00686219 -0.0170059 -0.000156537 -0.00818844 0.0204548 -0.0154696 0.00913259 -0.0088057 0.0045329 -0.00671515 0.0201521 0.0467953 0.00499445 -0.00535488 0.0240691 -0.0110642 0.0179152 0.0315236 0.0147471 0.00228617 0.0346686 0.00115975 0.067748 0.00662066 0.0054099 0.0105377
internal_weight=2572.73 549.505 2023.22 666.923 435.764 173.424 262.34 140.691 28.5153 112.176 121.649 117.863 108.409 63.0235 45.3859 13.2399 231.159 109.954 17.868 92.0864 19.1049 35.3087 22.8943 19.8147 9.88611 13.3959 6.64505 223.87 219.587 164.595
internal_count=14830 4197 10633 4152 2865 1177 1688 908 252 656 780 810 705 384 321 75 1287 752 103 649 133 225 147 127 63 73 43 1242 1206 855
is_linear=0
shrinkage=0.05


Tree=58
num_leaves=31
num_cat=0
split_feature=13 9 15 24 24 23 40 40 34 2 46 15 12 10 8 15 34 48 13 1 12 9 14 27 15 45 24 48 13 44
split_gain=7.0101 7.31002 5.32271 7.99312 13.9688 14.6392 8.38785 7.67732 9.1697 11.126 10.2784 6.49324 7.7894 10.6578 7.70999 6.20149 6.72525 6.521 5.24455 6.30739 6.01869 6.17287 6.90309 6.82889 5.34885 6.64265 5.35477 8.35199 7.60865 8.56886
threshold=-1.2183333333333324 1.2350000000000001 -0.01833333333333333 0.04500000000000038 0.016666666666667943 6.9150000000000009 -2.4999999999999996 2.5000000000000004 6.5050000000000008 1.5000000000000002 6.705000000000001 -0.026666666666666655 0.34645000000000004 0.054100000000000002 0.15955000000000003 -0.013333333333333348 5.3150000000000004 1.0000000180025095e-35 1.865 2.5000000000000004 0.29695000000000005 6.0050000000000008 0.0082249999999999841 -0.010000000000000229 0.047499999999999994 0.32940000000000008 0.0016666666666673715 2.5000000000000004 0.71250000000000002 5.785000000000001
decision_type=2 2 2 2 2 2 2 2 2 2 2 2 2 2 2 2 2 2 2 2 2 2 2 2 2 2 2 2 2 2
left_child=1 -1 7 4 6 -6 -4 8 11 -10 -11 12 -3 -14 -15 16 -8 -18 24 -20 -21 -22 23 -23 26 -26 27 -2 29 -29
right_child=18 2 3 -5 5 -7 15 -9 9 10 -12 -13 13 14 -16 -17 17 -19 19 20 21 22 -24 -25 25 -27 -28 28 -30 -31
leaf_value=-0.032789251249989618 0.00028178977784822063 -0.030824089806739365 0.071649210899165941 -0.037381252401464678 0.027948708954320237 0.15648116177845658 0.11066310121918216 -0.034425776511542557 0.11028132252293837 0.08057027185544724 -0.018929460202131085 -0.047923726350837276 0.11944630725900021 -0.047255006268589944 0.056114942183733044 -0.010871499867356371 0.06405459576093947 -0.022054824458604495 0.048192717593814327 0.02821460217006377 -0.044620840035455869 -0.065591038359662956 0.037637927040926389 0.0076775706176422584 0.061359738681323932 -0.014870618104332141 0.0027890139788959017 -0.024280561732790903 0.0037628594107353658 -0.0047876664729553237
leaf_weight=27.536712590605021 933.31906075030565 10.630183115601541 3.7510192096233359 11.430669376626609 12.077777098864315 2.7129035368561736 2.0697511360049239 30.97279286570847 3.2656031996011743 3.5260195955634126 9.8352511748671514 11.68490926735103 2.5264924392104131 3.9274491257965565 3.336167111992836 65.18960933573544 3.5687124505639058 5.7268878780305386 11.552501723170279 21.226157292723656 7.8522221744060507 4.6876019388437262 10.268411904573439 9.8895231485366839 7.7450004518032056 4.5287971049547195 1036.8603668734431 106.33528590202332 82.865530520677567 120.00243993848562
leaf_count=629 4968 92 27 110 117 19 23 416 32 27 79 89 23 31 21 611 26 62 47 88 33 19 42 41 36 23 5166 729 391 813
internal_value=-7.42538e-05 -0.00874406 -0.00518868 0.00212307 0.00687151 0.0515241 -0.00135257 -0.014961 -0.0025897 0.0275489 0.00732837 -0.0181981 -0.00118844 0.0309902 0.000222643 -0.00492949 0.0291528 0.0110038 0.000712012 0.0146649 0.00748201 -0.00597681 0.00623631 -0.0158836 0.000313355 0.0332322 0.000136097 -0.00207771 -0.00919978 -0.0139456
internal_weight=2570.9 213.769 186.232 106.527 95.0967 14.7907 80.306 79.7049 48.7321 16.6269 13.3613 32.1052 20.4203 9.79011 7.26362 76.555 11.3654 9.2956 2357.13 65.4764 53.9239 32.6978 24.8455 14.5771 2291.66 12.2738 2279.38 1242.52 309.203 226.338
internal_count=14830 2434 1805 995 885 136 749 810 394 138 106 256 167 75 52 722 111 88 12396 270 223 135 102 60 12126 59 12067 6901 1933 1542
is_linear=0
shrinkage=0.05


Tree=59
num_leaves=31
num_cat=0
split_feature=7 3 40 24 22 7 14 6 9 36 14 13 34 15 26 19 7 28 7 27 45 40 28 43 34 4 7 33 11 1
split_gain=6.68847 6.14308 5.84124 7.20172 7.71827 7.48885 8.5536 10.4548 8.95468 9.92406 8.25219 7.26272 8.62539 6.84166 7.4509 7.24253 9.58246 9.73839 8.331 7.39838 7.14059 6.50554 7.75734 8.48375 10.415 8.03254 8.19083 9.39827 7.68167 22.9609
threshold=1.4900000000000002 26.500000000000004 2.5000000000000004 0.026666666666665954 -2.5849999999999995 4.6150000000000011 0.064758333333333321 0.17500000000000002 3.0900000000000003 6.8650000000000011 0.096875000000000031 -0.81833333333333302 4.4350000000000014 0.0066666666666666411 -0.19999999999999971 -0.025000000000000005 6.5850000000000009 4.5000000000000009 6.8750000000000009 -1.0000000180025095e-35 0.49015000000000003 1.0000000180025095e-35 1.5000000000000002 0.17500000000000002 3.9500000000000006 51.500000000000007 3.7850000000000006 0.15500000000000003 0.45795000000000002 2.5000000000000004
decision_type=2 2 2 2 2 2 2 2 2 2 2 2 2 2 2 2 2 2 2 2 2 2 2 2 2 2 2 2 2 2
left_child=1 -1 21 11 -5 6 7 8 -6 -10 -8 -4 -13 14 -7 16 17 -15 -17 -18 -16 22 23 24 -2 -26 27 -27 -24 -30
right_child=2 -3 3 4 5 13 10 -9 9 -11 -12 12 -14 15 20 18 19 -19 -20 -21 -22 -23 28 -25 25 26 -28 -29 29 -31
leaf_value=-0.051445963218772907 0.073952848274954019 0.044414018854650697 -0.016813232113720485 -0.058281589237676734 -0.028736954491883484 0.067978116561526872 0.11369813690657385 -0.02155679557529944 0.025789471944882097 0.10984977244319033 0.029816298397005558 -0.021462704992734061 -0.0013422451952515536 0.031153891664893407 -0.0056185432928584364 0.034074111387747817 -0.012459727559914924 -0.040073741004024374 -0.029985572306784447 0.068965071901206362 -0.053088215304282531 0.0042767582210897414 -0.010091374182917594 -0.015297716604370327 0.027054093023729377 -0.0036273883253474838 -0.0024991002928145671 0.10235903789443218 0.059821153267326621 -0.02584840287237225
leaf_weight=10.637062976136802 6.1366684436798087 1.9828288666903962 116.06929979100823 4.774080090224742 4.7454030737280872 3.1801122352480879 4.368505645543336 15.041496993973849 12.95224215835333 4.8169206008315077 8.9169968739151937 58.708680793642998 574.46481824666262 6.4677757024765041 90.528411380946636 38.587866328656673 4.9246889352798462 18.596335344016552 5.8440172076225272 6.4350843951106054 8.681873641908167 1046.4228675477207 283.66001116484404 41.306951798498631 39.704393103718758 4.2284641638398153 111.07590781152248 4.1390623450279236 15.293547332286836 16.007790345698595
leaf_count=436 28 21 1331 53 51 17 27 125 85 32 73 337 3369 28 489 192 21 100 26 29 47 5192 1576 209 191 28 532 24 76 85
internal_value=-7.36746e-05 -0.0363845 0.000105599 -0.00290535 0.0046547 0.00593825 0.0229166 0.0107188 0.0322814 0.0485768 0.0573981 -0.00531553 -0.00320784 0.0012276 -0.00735777 0.0120996 -0.00442821 -0.0216935 0.0256485 0.0336658 -0.00977261 0.00200304 -0.00255887 0.00497034 0.0100356 0.007571 0.0010946 0.0487996 -0.00749748 0.016009
internal_weight=2568.7 12.6199 2556.08 988.105 238.862 234.088 50.8416 37.5561 22.5146 17.7692 13.2855 749.243 633.173 183.246 102.39 80.8558 36.4239 25.0641 44.4319 11.3598 99.2103 1567.98 521.553 206.591 165.284 159.148 119.443 8.36753 314.961 31.3013
internal_count=14830 457 14373 6432 1395 1342 393 293 168 117 100 5037 3706 949 553 396 178 128 218 50 536 7941 2749 1012 803 775 584 52 1737 161
is_linear=0
shrinkage=0.05


Tree=60
num_leaves=31
num_cat=0
split_feature=28 13 47 8 11 12 27 24 15 13 4 12 15 35 20 16 34 8 22 45 46 3 22 20 9 46 34 20 45 33
split_gain=6.42023 11.2522 5.45025 7.52744 6.4377 8.07814 16.6623 8.63289 7.28698 6.95592 6.98758 14.1782 6.92809 6.29491 6.17586 6.76215 9.45827 6.74256 6.8283 9.06586 7.08457 6.21192 7.45508 10.5587 10.231 8.59359 7.86088 7.15036 7.9277 6.97057
threshold=5.5000000000000009 -2.1758333333333328 4.5000000000000009 0.60415000000000008 0.31855000000000006 0.44045000000000006 -0.039999999999999584 0.071666666666665893 0.011666666666666674 -0.88666666666666616 49.500000000000007 0.31755000000000005 0.014999999999999994 0.19849999999999998 -0.020000000000000236 5.5000000000000009 5.9050000000000011 0.16889999999999991 -0.98999999999999944 0.26505000000000006 6.785000000000001 40.500000000000007 -0.26500000000000007 -0.87999999999999956 6.1150000000000011 6.8350000000000009 6.1050000000000013 -1.7199999999999998 0.35305000000000003 0.16500000000000004
decision_type=2 2 2 2 2 2 2 2 2 2 2 2 2 2 2 2 2 2 2 2 2 2 2 2 2 2 2 2 2 2
left_child=2 -2 4 14 9 -6 7 12 13 10 11 -1 -7 -8 17 -16 -17 18 19 20 -4 27 24 25 -23 26 -24 28 -19 -25
right_child=1 -3 3 -5 5 6 8 -9 -10 -11 -12 -13 -14 -15 15 16 -18 21 -20 -21 -22 22 23 29 -26 -27 -28 -29 -30 -31
leaf_value=0.072763875208385995 -0.04578707930976797 -0.004126765896367483 -0.017684026825178844 -0.058859395403658657 0.006694813046203698 0.022591521563029127 0.012930698211710634 -0.035562330165955329 0.0056000872881074521 0.0007866432463808882 -0.0195238086876212 -0.01849845538910621 0.091030723574937952 -0.038509743434849121 0.00051956466114698007 -0.015375402998466951 0.084997345545730962 0.059796498619867813 -0.056539957759608656 -0.032469578453047696 0.080092508089952039 -0.019563046286084837 -0.027279951155373117 -0.020894854147213666 0.060005811221296161 0.094973506238169234 0.053101899205466298 -0.020694066953178197 -0.021924789605894533 0.036714947168862221
leaf_weight=6.6688437201082733 16.922397132962942 383.96063029393554 3.5331453606486347 6.1081865876913062 838.20381782948971 19.986218854784973 6.8739695325493804 5.2195458039641371 17.777817286550999 649.86589380353689 82.626981467008591 11.761404495686291 4.5372803583741179 44.116865366697311 254.49978361278772 4.025189168751238 5.629572682082653 6.2713033705949766 13.777131810784338 17.274494308978319 3.8949211575090885 36.863315537571907 4.8177809715271023 16.910396628081802 4.5371551513671866 6.1928171813487998 8.2498050183057767 72.298754312098026 5.6335669606924057 7.6151981055736533
leaf_count=58 622 2760 30 26 4364 101 35 26 86 3262 652 99 20 245 1199 24 33 37 92 161 29 222 26 82 23 30 41 375 33 37
internal_value=-7.29189e-05 -0.00588536 0.00100296 -0.00370939 0.00233804 0.005103 -0.00844118 0.0228266 -0.0219648 -0.00111103 -0.0133143 0.0145241 0.035254 -0.0315752 -0.00299573 0.00207772 0.0431507 -0.00944291 -0.0283365 -0.0126069 0.0335853 -0.00515092 0.00436869 0.0187516 -0.0108429 0.0464583 0.0234666 -0.0147816 0.0211247 -0.00300701
internal_weight=2566.65 400.883 2165.77 478.133 1687.64 936.716 98.5117 29.743 68.7687 750.923 101.057 18.4302 24.5235 50.9908 472.024 264.155 9.65476 207.87 38.4797 24.7026 7.42807 169.39 85.1865 43.786 41.4005 19.2604 13.0676 84.2036 11.9049 24.5256
internal_count=14830 3382 11448 2500 8948 4877 513 147 366 4071 809 157 121 280 2474 1256 57 1218 312 220 59 906 461 216 245 97 67 445 70 119
is_linear=0
shrinkage=0.05


Tree=61
num_leaves=31
num_cat=0
split_feature=7 3 13 40 44 22 10 11 4 35 15 39 36 24 27 8 31 7 45 24 22 8 3 7 35 22 27 13 34 15
split_gain=5.96134 5.70654 5.21978 4.97221 6.41846 6.69633 13.4825 10.7386 8.64548 7.17118 12.2283 9.39927 6.48722 9.60443 9.14533 6.67016 8.97227 8.7439 7.40368 6.28961 7.18602 6.95727 8.64304 12.4475 8.87573 8.88778 7.19664 6.44297 7.65621 6.89993
threshold=1.4900000000000002 26.500000000000004 2.4050000000000002 2.5000000000000004 6.4650000000000007 -1.2399999999999993 0.36870000000000008 0.47465000000000002 54.500000000000007 0.35435000000000005 -0.044166666666666667 -3.4999999999999996 6.8050000000000006 0.01166666666666716 0.06000000000000006 0.21759999999999999 1.5000000000000002 5.0250000000000012 0.38795000000000007 0.026666666666665954 -2.5849999999999995 0.24454999999999996 29.500000000000004 2.9600000000000004 0.37155000000000005 -0.1350000000000002 -0.12499999999999999 -0.57750000000000001 4.4350000000000014 -0.01833333333333333
decision_type=2 2 2 2 2 2 2 2 2 2 2 2 2 2 2 2 2 2 2 2 2 2 2 2 2 2 2 2 2 2
left_child=1 -1 3 4 5 6 7 9 -9 10 -2 -11 15 14 -14 16 18 -17 -13 27 -21 22 23 -22 -25 -26 -24 29 -29 -5
right_child=2 -3 -4 19 -6 -7 -8 8 -10 11 -12 12 13 -15 -16 17 -18 -19 -20 20 21 -23 26 24 25 -27 -28 28 -30 -31
leaf_value=-0.051346844002461978 0.057113704848164276 0.040171432151444655 0.03172896523034268 -0.028318625311824525 0.0072516677143361838 0.0016190925065901328 -0.046389348817118314 0.056617567719718181 -0.022434962546725147 0.086972942621679095 -0.021344380304120725 0.088010141769381142 0.062907088821375093 -0.024388369563278531 -0.0146414923424757 -0.048903239809284405 -0.013784459768296706 0.0299413145864596 -0.0032978276678001582 -0.057883407067514631 -0.038470050292962035 0.0011832446010334938 0.067464938717922404 0.10219935437132827 0.083787580468564271 -0.032465106761871469 -0.005630622545791112 -0.020508824668825767 -0.00077816971395821503 -0.006628343498038921
leaf_weight=9.7987226117402297 5.2570652663707724 2.0617144517600527 12.971614375710486 54.869046537205577 388.688671188429 958.04983843117952 20.83215370029211 12.082237213850023 4.8456686437129965 3.2214434221386901 89.786698380485177 4.8684193864464778 12.901637151837354 8.4536630138754827 5.3901858180761328 16.620187051594261 20.162907566875219 4.4600738883018485 4.081185981631279 4.567112121731042 3.3079573940485743 187.14641313999891 3.9407019466161755 8.5484841577708703 3.247799776494503 3.3296072185039511 23.143970914185047 54.264295302331448 523.37898394465446 110.51447263732553
leaf_count=436 36 21 54 640 1933 4603 115 75 33 18 585 29 83 54 40 94 160 23 26 53 65 981 22 58 18 25 166 304 2943 1137
internal_value=-7.21676e-05 -0.0354381 9.21358e-05 -6.94339e-05 0.00168437 -0.000163557 -0.00818309 -0.00404051 0.0339885 -0.00771482 -0.0170047 0.0033 -0.000203424 0.0196861 0.0400553 -0.0108016 0.00470851 -0.0322216 0.046372 -0.00285993 0.00422812 0.00544734 0.0229789 0.0493886 0.0686028 0.0249383 0.00500446 -0.00512299 -0.00263168 -0.0138245
internal_weight=2564.79 11.8604 2552.93 2539.96 1559.7 1171.01 212.964 192.131 16.9279 175.203 95.0438 80.1597 76.9383 26.7455 18.2918 50.1928 29.1125 21.0803 8.94961 980.259 237.232 232.665 45.5185 18.4338 15.1259 6.57741 27.0847 743.027 577.643 165.384
internal_count=14830 457 14373 14319 7907 5974 1371 1256 108 1148 621 527 509 177 123 332 215 117 55 6412 1388 1335 354 166 101 43 188 5024 3247 1777
is_linear=0
shrinkage=0.05


Tree=62
num_leaves=31
num_cat=0
split_feature=7 27 13 20 19 19 44 9 19 7 40 20 44 13 28 47 11 12 26 11 11 33 8 9 11 34 11 0 9 22
split_gain=5.58657 5.60891 4.96385 6.81462 6.37407 6.85277 6.26224 7.65983 5.93484 5.83659 5.33098 8.37576 7.15106 8.13991 8.6587 8.24286 10.0276 9.47193 7.22717 6.80494 10.8733 6.79037 6.76219 9.78835 13.3499 9.61999 10.0897 11.2941 8.17204 9.14989
threshold=1.4900000000000002 0.10999999999999989 1.4658333333333335 3.2650000000000001 0.030000000000000009 0.020000000000000014 4.9150000000000009 6.455000000000001 -0.064999999999999988 6.785000000000001 2.5000000000000004 1.7500000000000004 6.4650000000000007 0.9533333333333337 3.5000000000000004 3.5000000000000004 0.47165000000000007 0.34795000000000004 0.015000000000000126 0.28900000000000009 0.24920000000000003 0.17500000000000002 0.32620000000000005 6.1450000000000005 0.36675000000000008 6.7650000000000006 0.38245000000000007 10.500000000000002 6.8650000000000011 0.34999999999999992
decision_type=2 2 2 2 2 2 2 2 2 2 2 2 2 2 2 2 2 2 2 2 2 2 2 2 2 2 2 2 2 2
left_child=1 -1 10 4 5 8 7 -5 -4 -8 11 12 -2 14 15 16 21 -17 -18 20 -19 22 25 24 -24 26 27 -14 -25 -30
right_child=2 -3 3 6 -6 -7 9 -9 -10 -11 -12 -13 13 -15 -16 17 18 19 -20 -21 -22 -23 23 28 -26 -27 -28 -29 29 -31
leaf_value=-0.042982180956318949 -0.0016978361240126733 0.11663791542158893 -0.035912537755424391 -0.017332773570756105 0.065518592262298489 -0.0466908989114432 -0.0018545448488290516 0.059991811542603406 0.015533219415756847 -0.058992617055654145 -0.0035107442441948398 0.01666761362722792 0.080135950547085236 0.04396048756807093 -0.010191621783719297 0.012250221462702477 0.028411813875122538 -0.0175749701288988 0.11172977522371885 -0.023073773074843276 0.062079553193819983 -0.023445573442902472 -0.034011425214637882 0.050079762651040943 0.036529200054963303 0.080856536771131637 -0.02899230403363888 0.0071835059369702824 -0.031427423553742249 0.055414233224850652
leaf_weight=10.878357041627165 1027.0805449187756 0.57968297600746233 5.876435086131095 8.1257487237453478 5.5707989037036887 4.9678111672401419 8.4644945263862628 5.2863775342702857 121.79773963987827 9.4693485945463163 910.51747584715486 84.214212328195572 9.2896276488900238 13.934180259704588 73.921628471463919 85.355896130204201 5.8643800467252714 11.167745448648931 4.6796890497207642 47.105232194066048 6.9509060159325591 10.725910365581511 21.157810203731064 17.920180514454845 9.8202947974204999 8.8050414696335775 7.4475268125534049 12.369676582515238 8.8035111874341947 4.627601906657218
leaf_count=447 5370 10 25 35 23 21 37 22 505 40 6122 365 51 57 412 420 26 57 21 232 34 54 102 81 44 47 41 68 41 20
internal_value=-7.18161e-05 -0.0349067 8.46284e-05 0.00835044 0.0131241 0.0109236 -0.0126977 0.0131446 0.0131653 -0.0320243 -0.00050382 0.0013571 0.000427509 0.00649202 0.00498314 0.00910581 0.0187937 0.00128815 0.0653902 -0.0130575 0.0129831 0.0143661 0.0184119 0.00828376 -0.0116495 0.0350633 0.0212105 0.0384726 0.0279798 -0.0015067
internal_weight=2562.78 11.458 2551.32 169.559 138.213 132.642 31.346 13.4121 127.674 17.9338 2381.76 1471.24 1387.03 359.947 346.013 272.091 121.511 150.58 10.5441 65.2239 18.1187 110.967 100.241 62.3294 30.9781 37.9119 29.1068 21.6593 31.3513 13.4311
internal_count=14830 457 14373 708 574 551 134 57 530 77 13665 7543 7178 1808 1751 1339 596 743 47 323 91 549 495 288 146 207 160 119 142 61
is_linear=0
shrinkage=0.05


Tree=63
num_leaves=31
num_cat=0
split_feature=28 13 45 15 9 12 8 23 7 34 7 0 23 34 37 44 8 47 8 13 13 13 9 46 11 12 27 24 3 21
split_gain=5.2553 10.1241 5.41588 7.9566 5.97004 5.98793 9.17519 9.54254 10.9999 7.99204 7.46834 5.87562 5.48709 5.31343 5.12136 5.0001 6.18619 4.96773 7.03906 5.65956 5.59727 6.86224 6.95422 6.46839 5.57971 7.33896 15.0911 7.83435 7.81232 6.78666
threshold=5.5000000000000009 -2.1758333333333328 0.47165000000000007 0.02 7.2650000000000006 0.31270000000000003 0.41435000000000005 6.745000000000001 5.6650000000000009 5.7650000000000006 4.035000000000001 11.500000000000002 6.8650000000000011 6.2650000000000006 3.5000000000000004 6.8450000000000006 0.33850000000000008 4.5000000000000009 0.60415000000000008 1.865 1.7275000000000007 1.5066666666666668 7.4500000000000011 6.7550000000000008 0.31855000000000006 0.44045000000000006 -0.039999999999999584 0.064999999999999961 29.500000000000004 -0.014999999999999998
decision_type=2 2 2 2 2 2 2 2 2 2 2 2 2 2 2 2 2 2 2 2 2 2 2 2 2 2 2 2 2 2
left_child=17 -2 4 -4 5 6 7 8 10 12 -3 -6 -8 -13 -12 -9 -17 24 19 20 21 22 -19 -23 -1 -26 27 28 -27 -30
right_child=1 2 3 -5 11 -7 9 15 -10 -11 14 13 -14 -15 -16 16 -18 18 -20 -21 -22 23 -24 -25 25 26 -28 -29 29 -31
leaf_value=-0.0010428079926386991 -0.045091897131869431 0.078864414945189823 -0.030432069522448812 0.03564632898573418 -0.0031574136627591995 0.0020281224263868978 -0.020123314965827682 -0.018464801319854531 0.10123342589349503 -0.045834229071440649 -0.015825043594508155 0.013408100851965489 0.045502366941580281 0.087504374330173551 0.05276887325898677 -0.021314789171899731 0.085965134986254729 -0.0051764745761008826 -0.057240220645159379 0.034272064122802003 -0.056280251049206843 0.07503655890996469 0.033336457271785767 -0.00036796659101775189 0.0062551689823520497 -0.022746037594984048 -0.021214084421589743 -0.030782552947762182 0.088692346426528637 0.026435352179969326
leaf_weight=749.17897232249379 15.408414721488951 3.2877490147948327 33.537812113761902 5.2717180848121634 9.1493044123053568 199.57008094154298 11.166290313005446 49.675900077447295 3.8676436170935622 28.741573289036751 14.655582994222643 4.5649755150079709 4.4563629925250998 5.1479472666978836 3.3416118845343581 2.6887315176427355 2.6863656640052795 432.18494669348001 6.0400158166885367 10.012213215231894 5.0113668590784064 5.3739118576049787 12.048045605421065 6.0414225310087204 839.69373450987041 4.8423800244927468 68.036105517297983 5.7889236509799948 6.7502903044223848 12.452898807823653
leaf_count=4071 622 36 245 31 46 1465 56 422 22 182 120 22 21 27 19 27 19 2313 26 41 21 22 52 25 4364 28 366 29 30 60
internal_value=-7.00623e-05 -0.00535635 -0.00375278 -0.0214563 -0.00174967 -0.00334094 -0.0119427 -0.00185032 0.0236647 -0.0301882 0.00956988 0.0255955 -0.00140358 0.0526799 -0.00308893 -0.013508 0.0323016 0.00090052 -0.00360631 -0.00291804 -0.00372635 -0.00314835 -0.00413197 0.0351297 0.00217425 0.00474491 -0.00821259 0.0214367 0.0340084 0.0483199
internal_weight=2560.67 397.218 381.81 38.8095 343 324.138 124.568 80.2036 25.1526 44.3642 21.2849 18.8622 15.6227 9.71292 17.9972 55.051 5.3751 2163.46 476.712 470.672 460.66 455.648 444.233 11.4153 1686.74 937.564 97.8706 29.8345 24.0456 19.2032
internal_count=14830 3382 2760 276 2484 2389 924 665 197 259 175 95 77 49 139 468 46 11448 2500 2474 2433 2412 2365 47 8948 4877 513 147 118 90
is_linear=0
shrinkage=0.05


Tree=64
num_leaves=31
num_cat=0
split_feature=13 7 10 6 40 16 34 8 7 4 44 15 24 35 0 35 19 0 23 24 13 10 33 45 12 19 3 14 35 14
split_gain=5.03006 6.58273 7.61187 6.36611 6.16811 7.29342 6.33761 7.11481 7.70848 7.36159 6.75391 6.47123 6.37524 5.7556 10.3211 8.75638 5.57017 5.56932 8.47461 7.4429 6.47846 5.48943 5.36892 6.16874 9.26761 6.4194 6.98861 5.88068 6.49203 7.55739
threshold=-0.25500000000000028 4.4150000000000009 0.31740000000000007 0.21500000000000002 3.5000000000000004 3.5000000000000004 4.9150000000000009 0.41699999999999998 6.2150000000000007 53.500000000000007 6.3950000000000005 0.0099999999999999967 -0.09833333333333226 0.38480000000000009 16.500000000000004 0.40055000000000007 -0.0099999999999999863 1.5000000000000002 6.745000000000001 -0.054999999999999265 -0.69166666666666587 0.53225000000000011 0.12500000000000003 0.30785000000000001 0.29580000000000006 0.025000000000000012 38.500000000000007 -0.086841666666666692 0.33895000000000003 -0.081008333333333293
decision_type=2 2 2 2 2 2 2 2 2 2 2 2 2 2 2 2 2 2 2 2 2 2 2 2 2 2 2 2 2 2
left_child=4 2 -2 -3 5 -1 -7 8 9 12 -11 13 -8 -12 15 -15 -13 18 -6 -19 -20 -9 23 -14 -25 -26 -27 -24 -29 -30
right_child=1 3 -4 -5 17 6 7 21 -10 10 11 16 22 14 -16 -17 -18 19 20 -21 -22 -23 27 24 25 26 -28 28 29 -31
leaf_value=0.034740094987020249 0.020898288036061398 0.0010730903408965736 -0.022747120010951839 -0.041230966101960032 -0.023336386887713931 -0.013470298251929995 -0.04460537045901674 -0.04169045796713066 0.07265332143259412 -0.011512707746427027 -0.010466492747887744 0.0075740088802657137 0.0781438727331151 0.062955930721611403 0.070970703202423602 -0.018951489674984844 0.086466870092231543 -0.039058544150089192 0.02262204981630387 -0.0090986163517652353 0.14294806826321679 0.014258050070070874 -0.010935438738713141 -0.06644007526042757 -0.0022841937057275783 0.015690563523955703 0.12200521420007787 0.015450508548483325 0.076148443673717495 -0.0020892526610983117
leaf_weight=14.002537570893763 74.438980922102928 1559.6127913445234 11.538175970315931 8.9440312162041646 4.2399010267108661 98.471652643755078 6.2270645126700392 16.910805232822899 3.7571966648101798 166.06972582451999 40.874706050381064 4.5406657829880714 5.22943873330951 4.2454499006271424 7.1081534996628752 14.100530326366423 4.4106020554900152 24.07437259145081 2.5747186541557312 149.22829684056342 1.9780575409531591 5.9186346381902686 49.7278165910393 2.8297542314976445 6.1499783322215062 3.034021956846118 3.1512746140360832 135.66150641441345 3.1635788660496464 126.83935874328017
leaf_count=72 375 7452 61 45 44 694 47 92 18 1109 245 26 32 25 38 89 22 307 39 1787 16 31 334 19 41 23 17 869 20 841
internal_value=-6.87909e-05 0.00157024 0.0150411 0.000831869 -0.00306689 -0.000993932 -0.00170024 0.000199938 0.00126479 0.000805005 -0.00588127 0.00654181 0.00552333 0.00115645 0.0198208 2.73602e-06 0.0464473 -0.0112909 0.0275298 -0.0132605 0.0749004 -0.0271856 0.00645295 0.0313158 0.0151678 0.033889 0.0698556 0.00484522 0.00779909 -0.000185364
internal_weight=2559.05 1654.53 85.9772 1568.56 904.52 722.424 708.422 609.95 587.121 583.364 241.35 75.2801 342.014 66.3288 25.4541 18.346 8.95127 182.095 8.79268 173.303 4.55278 22.8294 335.787 20.3945 15.165 12.3353 6.1853 315.392 265.664 130.003
internal_count=14830 7933 436 7497 6897 4704 4632 3938 3815 3797 1554 445 2243 397 152 114 48 2193 99 2094 55 123 2196 132 100 81 40 2064 1730 861
is_linear=0
shrinkage=0.05


Tree=65
num_leaves=31
num_cat=0
split_feature=7 27 30 7 13 31 6 23 45 12 15 24 24 15 44 35 6 34 15 46 19 22 44 20 15 21 14 9 11 7
split_gain=4.86565 6.62363 4.73817 5.58372 4.47628 4.3839 3.96986 6.3416 4.40273 6.06558 4.3647 8.53915 4.50943 5.49279 10.1995 11.3585 7.39661 6.68453 11.1391 8.84893 7.66954 7.34228 6.64154 6.17882 7.61661 7.53532 6.69098 6.99383 6.97017 7.35662
threshold=1.4900000000000002 0.11999999999999968 1.5000000000000002 6.455000000000001 2.4050000000000002 1.5000000000000002 0.21500000000000002 6.6550000000000011 0.38985000000000009 0.37750000000000006 -0.048333333333333325 -0.01666666666666616 -0.034999999999999691 0.031666666666666669 5.6350000000000007 0.2392 0.13500000000000004 4.8350000000000009 0.021666666666666657 6.8850000000000007 0.039999999999999994 -0.81499999999999984 4.4750000000000005 -2.1149999999999989 0.011666666666666702 -0.039999999999999994 -0.061800000000000015 6.7350000000000012 0.26850000000000002 5.8050000000000006
decision_type=2 2 2 2 2 2 2 2 2 2 2 2 2 2 2 2 2 2 2 2 2 2 2 2 2 2 2 2 2 2
left_child=1 -1 4 -4 6 -6 10 -8 -9 -10 11 -2 13 16 15 -15 -12 19 23 20 -18 -20 -23 -19 25 -25 27 28 29 -27
right_child=2 -3 3 -5 5 -7 7 8 9 -11 12 -13 -14 14 -16 -17 17 18 21 -21 -22 22 -24 24 -26 26 -28 -29 -30 -31
leaf_value=-0.042378181939303483 0.06492985548189821 0.1440432170372522 -0.035747844731417712 0.044418614702791785 0.0042620900904791047 0.06307970827337081 0.042702789321447263 -0.033109759732387604 -0.024736082964832415 0.049306686267339861 -0.027665647885956691 -0.004081263621062297 0.0013307663951620183 0.071432333526207842 0.060523123413340367 -0.033092649816655349 -0.01410488093509335 -0.023556310812904852 -0.034035546272157283 -0.050567124532969569 0.044129017927704815 -0.013664525554097699 0.065391260680749977 0.048965492215934062 -0.020542665781876392 -0.0081774225920928263 0.0050891240389941035 -0.064122073208661853 -0.036230819174745611 0.036759942107364753
leaf_weight=10.21851657144725 7.6683942750096348 0.49978402256965715 16.198085213080052 2.5084641426801673 7.3490263819694501 5.5684310644865036 4.2575844898819915 26.038873931393027 7.1648092437535507 4.5051961429417133 33.343640793114901 10.789065595716236 1908.9234845433384 3.4587122723460224 9.2976584658026677 10.457472773268817 57.747646369040012 32.268444048240781 3.1402296721935299 15.446241935715078 6.2676857374608508 3.3306560628116157 13.129095658659933 8.3050590083003026 42.651438541710377 46.509538631886244 226.78607679530978 5.8974445536732665 16.488005690276623 11.325324505567549
leaf_count=448 45 9 134 12 31 23 35 223 55 35 186 62 10319 15 48 58 347 298 19 97 41 17 66 44 243 315 1400 30 113 62
internal_value=-6.80246e-05 -0.0336855 7.34547e-05 -0.0249979 0.000258968 0.0296171 0.000108191 -0.0151412 -0.0216722 0.00384807 0.000366947 0.0245903 0.000184812 -0.00382277 0.0199761 -0.00711413 -0.00487984 -0.00332706 -0.000753723 -0.0165993 -0.00840325 0.0360274 0.0493942 -0.00260111 -0.000712115 0.00197032 0.000699016 -0.011712 -0.00755331 0.000622291
internal_weight=2557.54 10.7183 2546.82 18.7065 2528.12 12.9175 2515.2 41.9665 37.7089 11.67 2473.23 18.4575 2454.77 545.85 23.2138 13.9162 522.637 489.293 409.831 79.4616 64.0153 19.6 16.4598 390.231 357.963 315.311 307.006 80.2203 74.3229 57.8349
internal_count=14830 457 14373 146 14227 54 14173 348 313 90 13825 107 13718 3399 121 73 3278 3092 2607 485 388 102 83 2505 2207 1964 1920 520 490 377
is_linear=0
shrinkage=0.05


Tree=66
num_leaves=31
num_cat=0
split_feature=40 7 37 13 15 45 14 46 15 47 3 22 35 25 45 18 18 43 35 44 45 34 44 15 6 11 11 11 45 12
split_gain=4.55606 6.66955 6.22022 8.52335 6.00216 9.06053 6.14203 6.13505 6.75115 5.98039 7.48238 10.089 8.01292 11.2141 7.02541 6.90474 6.50122 7.17674 6.2452 7.29652 6.23474 6.16786 6.0421 5.91031 6.91119 5.85082 5.61658 6.13606 5.35748 11.861
threshold=3.5000000000000004 2.7100000000000004 1.5000000000000002 2.4050000000000002 0.047499999999999994 0.32940000000000008 0.19634166666666675 6.9150000000000009 0.0083333333333333193 4.5000000000000009 32.500000000000007 -0.10000000000000007 0.32745000000000007 2.5000000000000004 0.37375000000000008 5.5000000000000009 2.5000000000000004 0.14500000000000005 0.32314999999999999 6.3350000000000009 0.25100000000000006 5.3550000000000013 6.3450000000000006 -0.03666666666666666 0.17500000000000002 0.60355000000000014 0.31470000000000004 0.29450000000000004 0.49015000000000003 0.12770000000000001
decision_type=2 2 2 2 2 2 2 2 2 2 2 2 2 2 2 2 2 2 2 2 2 2 2 2 2 2 2 2 2 2
left_child=2 -2 9 4 6 -6 -4 8 -8 -1 12 23 13 21 15 16 17 -13 -16 -20 -19 -11 26 -12 -25 28 27 -14 -3 -30
right_child=1 25 3 -5 5 -7 7 -9 -10 10 11 14 22 -15 18 -17 -18 20 19 -21 -22 -23 -24 24 -26 -27 -28 -29 29 -31
leaf_value=0.0064543444464586616 -0.03626603784852106 -0.00090074033333479957 -0.0028924705992276921 0.060473958485384477 0.066464779195200815 -0.026047495251171615 0.039791550154033579 -0.039699253329862606 -0.012178806979567337 0.089488122015016158 0.037505771218122687 0.038425493247058608 -0.021223549676948034 -0.021434034186670486 0.0023029428098561323 -0.043847879672188395 0.02521169274815456 0.016992253012895944 0.026432625427194812 0.086297059871218995 -0.038638869616741456 0.01305828219840152 -0.062148666753489547 -0.0060627328546060417 -0.042936997006557717 -0.038882668148695988 -0.042252904332799573 0.056576222999363393 0.072857701103031747 -0.027677531846778888
leaf_weight=679.01121052354574 15.697490015067158 470.82080194912851 1049.8850032296032 5.5191906839609137 7.5286057069897634 4.0814514886587858 22.97695362567902 4.051667181774973 8.5833084210753423 4.1405640989542025 5.5046006813645354 6.5259620547294643 6.8520283177495021 19.82518246024847 12.648132428526877 7.0141146630048743 29.572818778455257 7.3893629163503673 15.573803365230562 7.5612584799528113 15.816877231001852 7.2820907682180405 12.082034222781656 44.729708522558212 17.749484419822693 11.234060138463972 11.806472189724444 4.0220286697149277 3.1827383488416663 37.501415058970451
leaf_count=3338 551 3290 5775 23 57 38 132 23 41 21 30 29 38 111 58 35 136 32 69 32 71 38 69 242 110 73 64 21 22 261
internal_value=-6.68744e-05 -0.00415322 0.00102357 -0.00150551 -0.00181731 0.0339426 -0.00219978 0.0182216 0.0256574 0.0040709 -0.00278386 0.00276134 -0.0170719 0.00130215 0.0126981 0.00306406 0.00861242 -0.00789787 0.0305534 0.0459982 -0.0209247 0.0407631 -0.0335882 -0.0121623 -0.0165382 -0.00318889 -0.018374 0.00755255 -0.00240496 -0.0198126
internal_weight=2556.17 538.437 2017.73 1102.63 1097.11 11.6101 1085.5 35.6119 31.5603 915.108 236.097 170.086 66.0104 31.2478 102.102 66.3191 59.305 29.7322 35.7832 23.1351 23.2062 11.4227 34.7626 67.9838 62.4792 522.739 22.6805 10.8741 511.505 40.6842
internal_count=14830 4197 10633 6089 6066 95 5971 196 173 4544 1206 844 362 170 462 303 268 132 159 101 103 59 192 382 352 3646 123 59 3573 283
is_linear=0
shrinkage=0.05


end of trees

feature_importances:
win_dev=180
tenji_dev=103
w1_course_diff=89
l_win=85
w2_n_win=85
course_in=81
age=80
n_win=76
n_win_diff_in=75
st_dev=72
motor_dev=65
w1_n_win=65
w1_m_2ren=63
m_2ren=62
b_2ren=60
n_2ren=57
w2_m_2ren=57
n_win_diff_out=51
tenji_diff_out=46
l_2ren=43
w1_tenji=42
tenji=37
weight=36
tenji_diff_in=32
avg_st_diff_in=29
w2_tenji=29
avg_st_diff_out=28
w1_lane_diff=28
jcd=25
lane=25
w1_lane=24
w2_lane_diff=21
w2_course_in=20
tenji_rank=17
w1_course_in=17
motor_rank=15
st_rank=15
w1_avg_st=14
avg_st=10
w2_avg_st=10
f_count=9
win_rank=9
cls_val=8
w2_lane=8
course_diff=2
w1_cls_val=2
w2_cls_val=2
maezuke=1

parameters:
[boosting: gbdt]
[objective: binary]
[metric: binary_logloss]
[tree_learner: serial]
[device_type: cpu]
[data_sample_strategy: bagging]
[data: ]
[valid: ]
[num_iterations: 300]
[learning_rate: 0.05]
[num_leaves: 31]
[num_threads: 0]
[seed: 0]
[deterministic: 0]
[force_col_wise: 0]
[force_row_wise: 0]
[histogram_pool_size: -1]
[max_depth: -1]
[min_data_in_leaf: 20]
[min_sum_hessian_in_leaf: 0.001]
[bagging_fraction: 1]
[pos_bagging_fraction: 1]
[neg_bagging_fraction: 1]
[bagging_freq: 0]
[bagging_seed: 3]
[bagging_by_query: 0]
[feature_fraction: 1]
[feature_fraction_bynode: 1]
[feature_fraction_seed: 2]
[extra_trees: 0]
[extra_seed: 6]
[early_stopping_round: 0]
[early_stopping_min_delta: 0]
[first_metric_only: 0]
[max_delta_step: 0]
[lambda_l1: 0]
[lambda_l2: 0]
[linear_lambda: 0]
[min_gain_to_split: 0]
[drop_rate: 0.1]
[max_drop: 50]
[skip_drop: 0.5]
[xgboost_dart_mode: 0]
[uniform_drop: 0]
[drop_seed: 4]
[top_rate: 0.2]
[other_rate: 0.1]
[min_data_per_group: 100]
[max_cat_threshold: 32]
[cat_l2: 10]
[cat_smooth: 10]
[max_cat_to_onehot: 4]
[top_k: 20]
[monotone_constraints: ]
[monotone_constraints_method: basic]
[monotone_penalty: 0]
[feature_contri: ]
[forcedsplits_filename: ]
[refit_decay_rate: 0.9]
[cegb_tradeoff: 1]
[cegb_penalty_split: 0]
[cegb_penalty_feature_lazy: ]
[cegb_penalty_feature_coupled: ]
[path_smooth: 0]
[interaction_constraints: ]
[verbosity: -1]
[saved_feature_importance_type: 0]
[use_quantized_grad: 0]
[num_grad_quant_bins: 4]
[quant_train_renew_leaf: 0]
[stochastic_rounding: 1]
[linear_tree: 0]
[max_bin: 255]
[max_bin_by_feature: ]
[min_data_in_bin: 3]
[bin_construct_sample_cnt: 200000]
[data_random_seed: 1]
[is_enable_sparse: 1]
[enable_bundle: 1]
[use_missing: 1]
[zero_as_missing: 0]
[feature_pre_filter: 0]
[pre_partition: 0]
[two_round: 0]
[header: 0]
[label_column: ]
[weight_column: ]
[group_column: ]
[ignore_column: ]
[categorical_feature: ]
[forcedbins_filename: ]
[precise_float_parser: 0]
[parser_config_file: ]
[objective_seed: 5]
[num_class: 1]
[is_unbalance: 0]
[scale_pos_weight: 1]
[sigmoid: 1]
[boost_from_average: 1]
[reg_sqrt: 0]
[alpha: 0.9]
[fair_c: 1]
[poisson_max_delta_step: 0.7]
[tweedie_variance_power: 1.5]
[lambdarank_truncation_level: 30]
[lambdarank_norm: 1]
[label_gain: ]
[lambdarank_position_bias_regularization: 0]
[eval_at: ]
[multi_error_top_k: 1]
[auc_mu_weights: ]
[num_machines: 1]
[local_listen_port: 12400]
[time_out: 120]
[machine_list_filename: ]
[machines: ]
[gpu_platform_id: -1]
[gpu_device_id: -1]
[gpu_use_dp: 0]
[num_gpu: 1]

end of parameters

pandas_categorical:[]
