tree
version=v4
num_class=1
num_tree_per_iteration=1
label_index=0
max_feature_idx=30
objective=binary sigmoid:1
feature_names=jcd lane cls_val age weight f_count avg_st n_win n_2ren l_win l_2ren m_2ren b_2ren win_dev motor_dev st_dev win_rank motor_rank st_rank avg_st_diff_in n_win_diff_in avg_st_diff_out n_win_diff_out tenji tenji_dev tenji_rank tenji_diff_in tenji_diff_out course_in maezuke course_diff
feature_infos=[1:24] [1:6] [1:4] [16:77] [41:68] [0:3] [0:0.31] [0:8.4499999999999993] [0:0.68420000000000003] [0:9.1699999999999999] [0:1] [0:1] [0:1] [-5.4200000000000008:4.0266666666666673] [-0.50553333333333339:0.70833333333333326] [-0.13333333333333333:0.17833333333333334] [1:6] [1:6] [1:6] [-0.25:0.22] [-7.7400000000000002:7.9900000000000002] [-0.22:0.25] [-7.9900000000000002:7.7400000000000002] [6.4299999999999997:7.5999999999999996] [-0.33166666666666611:0.24666666666666615] [1:6] [-0.51999999999999957:0.44000000000000039] [-0.44000000000000039:0.51999999999999957] [1:6] [0:1] [-5:5]
tree_sizes=3337 3409 3401 3424 3433 3422 3418 3413 3439 3408 3426 3435 3449 3415 3446 3469 3436 3448 3454 3441 3438 3457 3455 3469 3468 3463 3453 3456 3436 3453 3436 3449 3450 3446 3443 3450 3454 3452 3463 3441 3452 3447 3421 3467 3453 3421 3444 3426 3451 3453 3424 3447 3443 3449 3467 3447 3458 3411 3445 3425 3444 3461 3413 3398 3439 3454 3447 3443 3419 3422 3456 3444 3387 3427 3435 3396 3438 3410 3423 3449 3446 3404 3445 3428

Tree=0
num_leaves=31
num_cat=0
split_feature=28 16 13 28 13 1 13 24 20 8 7 0 0 27 3 25 13 15 8 17 11 11 9 14 0 13 27 20 13 14
split_gain=4903.75 556.536 366.756 146.813 127.667 77.7075 76.3628 49.6484 49.5861 46.5046 42.7259 32.304 30.9835 30.488 30.3184 27.4023 25.8442 25.4257 22.7244 22.2142 21.937 21.3277 21.2704 21.2519 20.9731 20.9253 20.209 20.1246 19.7988 18.8167
threshold=1.5000000000000002 2.5000000000000004 0.54000000000000059 4.5000000000000009 -0.46916666666666712 4.5000000000000009 1.1250000000000007 0.068333333333333815 -0.25499999999999984 0.42635000000000001 6.2950000000000008 17.500000000000004 21.500000000000004 0.064999999999999961 52.500000000000007 2.5000000000000004 1.6900000000000002 0.015000000000000029 0.28980000000000006 4.5000000000000009 0.33410000000000001 0.30655000000000004 6.4050000000000011 0.019308333333333347 3.5000000000000004 1.7624999999999995 -0.015000000000000123 0.29000000000000031 0.76000000000000034 0.081191666666666676
decision_type=2 2 2 2 2 2 2 2 2 2 2 2 2 2 2 2 2 2 2 2 2 2 2 2 2 2 2 2 2 2
left_child=1 10 5 6 11 8 -4 17 -2 13 15 -3 -13 22 16 18 24 23 -1 -11 -17 -9 29 -8 -12 -25 -10 -19 -22 -6
right_child=2 4 3 -5 9 -7 7 21 26 19 14 12 -14 -15 -16 20 -18 27 -20 -21 28 -23 -24 25 -26 -27 -28 -29 -30 -31
leaf_value=-1.5485549041000002 -1.6484653572761667 -1.580518192376887 -1.6098360110691226 -1.6378098908517063 -1.5101797321296746 -1.6611487246379344 -1.6102693619470148 -1.5762293069632156 -1.612656653954524 -1.4126890495807842 -1.4628960380948093 -1.4707673933493404 -1.5885290415690891 -1.5641173545650653 -1.4919877284361949 -1.4979518052229452 -1.3470186276933429 -1.6402602782937927 -1.4051624217041794 -1.5009144936916337 -1.4919877284361949 -1.4586130947945497 -1.4270545652136899 -1.5870820139683983 -1.3916031574541254 -1.5080991505168257 -1.6355588266788263 -1.5528570534240276 -1.3886583542236439 -1.4593626098720951
leaf_weight=2.9185537397861472 669.59961515665054 69.350396007299423 265.1714540719986 260.86311283707619 100.75959339737892 750.48524737358093 71.296098500490189 5.4201712310314205 163.02207317948341 24.043323665857315 11.674214959144591 15.426641196012499 8.7556612193584424 18.206216186285019 7.3658737242221823 24.043323665857315 30.019409894943237 7.0879162251949301 51.839073568582535 10.145448714494703 7.3658737242221859 13.341959953308104 10.562384963035582 30.714303642511368 88.668442189693451 11.535236209630964 235.43000167608261 92.97678342461586 12.508087456226347 22.236599922180176
leaf_count=21 4818 499 1908 1877 725 5400 513 39 1173 173 84 111 63 131 53 173 216 51 373 73 53 96 76 221 638 83 1694 669 90 160
internal_value=-1.60847 -1.46776 -1.63664 -1.60743 -1.51552 -1.64882 -1.5915 -1.57057 -1.64015 -1.49155 -1.41129 -1.56317 -1.51341 -1.50342 -1.3933 -1.4364 -1.38772 -1.57742 -1.41281 -1.43887 -1.46582 -1.49259 -1.49515 -1.59362 -1.3999 -1.56552 -1.62619 -1.55905 -1.42696 -1.50099
internal_weight=3092.83 515.889 2576.94 758.407 279.486 1818.54 497.544 232.372 1068.05 185.954 236.403 93.5327 24.1823 151.765 137.728 98.6749 130.362 213.61 54.7576 34.1888 43.9173 18.7621 133.559 113.546 100.343 42.2495 398.452 100.065 19.874 122.996
internal_count=22254 3712 18542 5457 2011 13085 3580 1672 7685 1338 1701 673 174 1092 991 710 938 1537 394 246 316 135 961 817 722 304 2867 720 143 885
is_linear=0
shrinkage=1


Tree=1
num_leaves=31
num_cat=0
split_feature=28 16 13 28 13 1 13 20 24 8 9 13 0 18 11 17 24 7 0 27 9 6 0 13 17 23 14 20 24 8
split_gain=4098.56 375.827 346.514 133.467 97.2594 76.4475 66.3198 47.5986 43.923 34.5349 28.671 27.8662 26.3908 23.2519 21.955 21.4289 21.1897 21.3158 18.9148 18.8668 18.3514 18.2047 19.6803 18.5761 20.3773 17.3258 17.1094 16.8375 22.0502 16.3065
threshold=1.5000000000000002 2.5000000000000004 0.54000000000000059 4.5000000000000009 -0.52166666666666617 4.5000000000000009 1.1250000000000007 -0.25499999999999984 0.02166666666666606 0.42635000000000001 6.9450000000000012 0.47583333333333316 17.500000000000004 1.5000000000000002 0.25825000000000004 5.5000000000000009 0.028333333333333769 6.3850000000000007 21.500000000000004 -0.015000000000000123 6.6450000000000005 0.17500000000000002 2.5000000000000004 -0.093333333333334143 1.5000000000000002 6.7650000000000006 -0.00095833333333339421 -1.585 0.05333333333333324 0.25115000000000004
decision_type=2 2 2 2 2 2 2 2 2 2 2 2 2 2 2 2 2 2 2 2 2 2 2 2 2 2 2 2 2 2
left_child=1 11 5 6 12 7 26 27 13 15 -10 -1 29 -8 -12 21 17 -13 -14 -9 -5 22 -6 -24 -25 -26 -4 -2 -29 -3
right_child=2 4 3 20 9 -7 8 19 10 -11 14 16 18 -15 -16 -17 -18 -19 -20 -21 -22 -23 23 24 25 -27 -28 28 -30 -31
leaf_value=0.11838315744308184 -0.04960074518540955 0.0066679107740271956 -0.013994284171337638 -0.037500271394727329 0.038910163142878894 -0.051902697078497831 0.039897836709165552 -0.0039910203281856918 0.044054905163951691 0.14425284029385582 0.010060688633635007 0.13700639215286989 0.11803044875973168 -0.00038458852263214643 0.12632339818464453 0.044883328055923821 0.18720975327939493 0.17668836692834164 0.024035096328801134 -0.026220590206402262 -0.0086387466081341274 0.070880079247140265 0.087998159776026638 0.18506176801048357 0.15091644758178607 0.089421767014326858 0.011418524421758884 -0.036502699475409649 0.0045340100453874054 0.061854573527341798
leaf_weight=29.1234260648489 239.60473330318928 46.295373782515526 132.60368868708611 175.51756608486176 9.0080999135971052 724.31922554969788 65.2589320987463 162.5672155469656 66.467821538448334 38.568856060504913 4.9707650989294079 66.617910727858543 15.040282666683199 79.420764625072479 22.177027553319931 21.253001436591148 103.57482986152172 68.784690827131271 8.3089618086814863 231.19434940814972 80.263855919241905 42.454359203577042 36.550933718681335 14.40047365427017 20.744979172945023 25.574761852622032 132.32598462700844 376.38643029332161 35.852769240736961 18.829616859555244
leaf_count=188 1771 327 955 1288 61 5400 456 1173 464 249 35 430 99 565 152 144 652 431 59 1694 589 287 246 95 139 172 953 2782 265 133
internal_value=-9.37899e-05 0.121641 -0.0272974 0.000965479 0.082903 -0.0394176 0.0159136 -0.0307688 0.0350526 0.101538 0.0617389 0.164559 0.0389753 0.0177851 0.105036 0.0918465 0.170187 0.157165 0.0845817 -0.017043 -0.0284436 0.0985572 0.109613 0.116161 0.133113 0.116963 -0.0013012 -0.0390602 -0.0329337 0.0226241
internal_weight=3094.06 565.131 2528.93 759.006 297.03 1769.92 503.225 1045.61 238.295 208.555 93.6156 268.101 88.4742 144.68 27.1478 169.987 238.977 135.403 23.3492 393.762 255.781 148.734 106.279 97.2711 60.7202 46.3197 264.93 651.844 412.239 65.125
internal_count=22254 3712 18542 5457 2011 13085 3580 7685 1672 1393 651 1701 618 1021 187 1144 1513 861 158 2867 1877 1000 713 652 406 311 1908 4818 3047 460
is_linear=0
shrinkage=0.05


Tree=2
num_leaves=31
num_cat=0
split_feature=28 16 2 28 1 20 13 13 20 24 0 28 6 0 3 11 9 11 9 8 11 24 27 13 14 28 13 13 13 7
split_gain=3488.65 328.714 277.362 124.088 73.0368 67.1142 63.8172 55.8668 45.6207 38.1895 25.2 22.4213 22.3308 21.7099 21.7021 21.393 17.8855 17.4496 16.8445 16.8339 16.3517 25.1023 16.3264 16.0533 21.6544 16.034 15.9149 14.8233 14.7118 15.3452
threshold=1.5000000000000002 2.5000000000000004 2.5000000000000004 4.5000000000000009 3.5000000000000004 1.115 0.52999999999999992 -0.69750000000000012 -0.25499999999999984 0.019999999999999133 11.500000000000002 5.5000000000000009 0.17500000000000002 17.500000000000004 37.500000000000007 0.32485000000000003 7.4500000000000011 0.45040000000000008 6.9250000000000007 0.41115000000000002 0.40154999999999996 -0.021666666666666941 -0.020000000000000014 1.7275000000000007 0.0096166666666667473 2.5000000000000004 1.1733333333333336 0.18916666666666651 2.1758333333333337 5.4750000000000005
decision_type=2 2 2 2 2 2 2 2 2 2 2 2 2 2 2 2 2 2 2 2 2 2 2 2 2 2 2 2 2 2
left_child=2 3 7 5 8 26 10 13 -3 20 14 16 17 -1 -4 28 -5 -9 -17 -16 -7 -22 -6 24 -8 -20 -2 -10 29 -11
right_child=1 4 6 11 22 9 23 12 27 15 -12 -13 -14 -15 19 18 -18 -19 25 -21 21 -23 -24 -25 -26 -27 -28 -29 -30 -31
leaf_value=0.0077360091415658826 -0.0099639511108981661 -0.035513192472788009 0.12191251283432814 -0.020113162508920097 -0.036184215366327953 0.0086195081490183043 0.12719495368808653 0.085619559362927894 -0.017425789591743356 0.13300009432928631 0.12673685922530795 -0.044126944378257149 0.054144543889313834 0.073282683180056166 0.032311848376780895 0.057421333194087633 0.043199923794121492 0.149261867672242 0.17726962511860023 0.095651796426866637 -0.004701245844058316 0.083876511564762585 -0.050962040955698396 0.17462806030695885 0.15978389808623106 0.080105923534102258 0.02006665283201145 0.0092086826931474484 0.11976606251002252 0.012615454154715501
leaf_weight=49.110887095332146 211.50639088451862 439.5417465865612 22.966695368289948 134.97221674025059 246.64389911293983 128.43471974134445 112.83457081019878 90.19002890586853 146.76010222733021 2.8440849781036368 65.343766465783119 118.16402733325958 56.862448275089264 17.007568076252937 22.749953389167786 38.908087775111198 12.159504577517508 12.231043398380278 6.686171934008601 19.465156137943268 13.44594097137451 19.742272153496742 771.58322423696518 45.866386115550995 92.975828990340233 11.633739858865736 55.745985239744186 81.110211804509163 4.1473451852798453 38.217934727668762
leaf_count=343 1540 3328 140 1015 1868 909 656 569 1081 20 400 890 367 110 145 267 90 74 43 116 94 138 5913 257 535 76 386 591 28 265
internal_value=-0.00016236 -0.0264479 0.107222 1.97672e-05 -0.0389562 0.0139643 0.133165 0.0632325 -0.0261009 0.031842 0.104794 -0.0279071 0.0792703 0.0245965 0.0827976 0.0557263 -0.0148807 0.0932197 0.0760352 0.0615176 0.016704 0.0479899 -0.0473824 0.147879 0.141917 0.115568 -0.00369989 -0.00794528 0.0300184 0.0209537
internal_weight=3089.85 2482.25 607.604 796.608 1685.64 531.313 382.202 225.402 667.412 264.06 130.526 265.296 159.284 66.1185 65.1818 102.437 147.132 102.421 57.228 42.2151 161.623 33.1882 1018.23 251.677 205.81 18.3199 267.252 227.87 45.2094 41.062
internal_count=22254 18542 3712 5761 12781 3766 2249 1463 5000 1840 801 1995 1010 453 401 699 1105 643 386 261 1141 232 7781 1448 1191 119 1926 1672 313 285
is_linear=0
shrinkage=0.05


Tree=3
num_leaves=31
num_cat=0
split_feature=28 13 13 28 1 13 13 20 22 24 6 0 14 16 20 25 9 20 24 9 19 24 0 14 13 24 21 10 13 28
split_gain=3008.15 310.789 216.37 110.612 74.7862 51.4699 48.6579 44.1689 37.728 32.923 28.4196 24.9406 23.5373 18.635 17.9466 17.5498 17.3383 16.9691 21.2453 16.5603 16.1533 16.1363 15.129 15.0605 15.0272 14.9874 16.6803 14.9863 14.9561 14.9108
threshold=1.5000000000000002 0.54000000000000059 -0.03666666666666573 4.5000000000000009 4.5000000000000009 1.1250000000000007 0.79916666666666647 -0.25499999999999984 -1.9099999999999993 0.068333333333333815 0.17500000000000002 16.500000000000004 1.0000000180025095e-35 1.5000000000000002 1.155 1.5000000000000002 6.6450000000000005 -1.585 0.05333333333333324 6.4050000000000011 -0.019999999999999993 0.013333333333332311 11.500000000000002 -0.00095833333333339421 -0.69750000000000012 0.0050000000000012266 -1.0000000180025095e-35 0.61430000000000018 0.52999999999999992 5.5000000000000009
decision_type=2 2 2 2 2 2 2 2 2 2 2 2 2 2 2 2 2 2 2 2 2 2 2 2 2 2 2 2 2 2
left_child=2 4 8 5 7 23 10 17 -1 13 12 24 22 14 -7 -9 -5 -2 -19 -8 -16 27 -4 -3 -10 26 -24 -22 -14 -18
right_child=1 3 6 16 -6 9 19 15 11 -11 -12 -13 28 -15 20 -17 29 18 -20 -21 21 -23 25 -25 -26 -27 -28 -29 -30 -31
leaf_value=0.0081557996356366857 -0.048160177277143112 -0.013226925636438803 0.067967809647521638 -0.035733104994775548 -0.050469458777797439 0.0033846813888807068 0.11853106895773902 0.0091383028644760767 0.017934929543540794 0.089367934979609112 0.056226880166456022 0.092334393698859485 0.10780655576854335 0.0026193896288971082 0.059781214660832728 -0.020248131869132647 0.011073877331402545 -0.034594790329917711 0.0061590219519359083 0.1453271694942051 -0.013803033218527322 0.051880521336832609 0.11729301916095231 0.010638627492782287 0.060633058289593283 0.13101238038988669 0.030731742034794646 0.10318651956605113 0.15000128625746942 -0.033133305370710839
leaf_weight=40.244310334324837 225.46227045357227 130.93704499304295 46.428774073719978 167.21221049129963 676.27477108687162 36.610481753945351 128.4118243008852 60.256247863173485 28.605907246470451 21.693912342190742 34.646432101726532 48.14548297226429 53.833334997296333 66.394078984856606 67.24209925532341 323.96805240213871 45.996731802821159 357.56404995918274 35.120103731751442 104.64650145173073 26.692994624376301 26.437384992837906 11.823265209794046 133.50871929526329 73.687396377325058 29.064808219671249 10.514994278550146 3.0502066463232032 34.434370666742325 32.589129745960236
leaf_count=268 1771 955 268 1288 5400 251 693 442 197 135 208 290 305 460 446 2425 341 2782 265 549 185 174 68 953 455 164 61 21 186 248
internal_value=-0.000214568 -0.0256195 0.0958494 0.000945828 -0.0376209 0.0141693 0.114629 -0.0289523 0.0511563 0.0305265 0.097806 0.0626595 0.105547 0.0248889 0.034128 -0.0156396 -0.0266293 -0.0372272 -0.0309499 0.130563 0.0432473 0.0234579 0.0886566 -0.00117811 0.0486927 0.107343 0.0765472 -0.00180559 0.124267 -0.0072586
internal_weight=3081.5 2437.01 644.487 758.365 1678.65 512.567 453.804 1002.37 190.683 248.121 220.746 150.439 186.1 226.427 160.033 384.224 245.798 618.146 392.684 233.058 123.423 56.1806 97.8318 264.446 102.293 51.4031 22.3383 29.7432 88.2677 78.5859
internal_count=22254 18542 3712 5457 13085 3580 2502 7685 1210 1672 1260 942 1052 1537 1077 2867 1877 4818 3047 1242 826 380 561 1908 652 293 129 206 491 589
is_linear=0
shrinkage=0.05


Tree=4
num_leaves=31
num_cat=0
split_feature=28 16 2 28 1 20 20 22 13 25 24 24 28 0 11 14 14 10 19 12 8 13 11 24 13 14 24 20 1 15
split_gain=2619.24 295.744 176.071 103.328 71.3581 52.7635 41.602 37.1588 36.3641 34.044 28.7647 23.5968 21.3148 17.9148 16.5521 15.9942 15.8839 15.6618 16.792 15.1992 14.5407 14.4576 13.6254 20.6962 13.3573 13.3377 13.4779 13.0594 14.8178 12.5418
threshold=1.5000000000000002 2.5000000000000004 2.5000000000000004 4.5000000000000009 4.5000000000000009 1.115 -1.585 -1.8799999999999994 0.45333333333333342 1.5000000000000002 0.019999999999999133 -0.0066666666666672638 5.5000000000000009 11.500000000000002 0.32485000000000003 0.019308333333333347 0.10556666666666668 0.45050000000000007 -0.050000000000000003 0.26695000000000008 0.46225000000000005 0.1700000000000004 0.40154999999999996 -0.021666666666666941 1.1733333333333336 0.090216666666666737 0.04500000000000038 -0.045000000000000366 2.5000000000000004 0.018333333333333337
decision_type=2 2 2 2 2 2 2 2 2 2 2 2 2 2 2 2 2 2 2 2 2 2 2 2 2 2 2 2 2 2
left_child=2 3 7 5 6 24 -3 19 13 -8 22 -9 17 15 -12 20 -13 -5 -19 -1 -4 -11 29 -24 -2 26 -26 -23 -29 -7
right_child=1 4 8 12 -6 10 9 11 -10 21 14 16 -14 -15 -16 -17 -18 18 -20 -21 -22 27 23 -25 25 -27 -28 28 -30 -31
leaf_value=0.06919005215443412 -0.0091847203795166633 -0.047815729319281401 0.029958827322318943 -0.028549416649227433 -0.050141896932857324 -0.0049859343356073631 0.0018589304074050001 0.036546775939694631 0.11513567834425645 -0.032045092419314934 0.025618355009444774 0.066691573574565885 -0.042491555335991006 0.10150828365882301 0.065010174608609833 0.099656432265080169 0.11705889160968347 0.07034011581310913 -0.0051014809357122033 -0.0046451358619554808 0.10011191538511495 -0.029656138491471997 -0.0054632204954496747 0.073693841109967781 -0.0036939882687461144 0.078554764109105071 0.065146184359033382 0.032897775648430376 -0.013986254263273885 0.026842149174349818
leaf_weight=8.7490293681621534 208.93788269907236 217.38262265920639 31.845716938376427 77.617956355214119 639.22984217107296 79.681109338998795 116.60634432733059 63.924140125513077 304.36273930966854 464.47736068069935 47.086043238639832 117.72800451517105 111.58503590524197 66.781678318977356 61.495935648679733 21.156587556004524 18.053436130285263 8.4683234840631467 57.181467413902283 34.277612581849098 9.6169645041227323 76.413562133908272 13.583392575383185 21.060521751642227 40.337211832404137 7.8732992410659781 8.6316474676132184 23.203732058405876 61.574258163571358 50.610491901636124
leaf_count=56 1540 1766 186 609 5283 567 874 385 1531 3639 313 694 890 363 386 117 101 63 433 227 52 588 94 138 278 53 55 170 461 342
internal_value=-0.000254494 -0.0248117 0.0866143 0.000129077 -0.0371996 0.0125273 -0.0285787 0.0525152 0.105696 -0.0229449 0.027944 0.0615957 -0.0261069 0.0834933 0.0479281 0.0642809 0.0733884 -0.0133456 0.00462991 0.0103685 0.0462303 -0.0275676 0.0147878 0.0426575 -0.00333824 0.018152 0.00844034 -0.0146656 -0.0011541 0.00737737
internal_weight=3069.53 2393.04 676.496 794.15 1598.89 539.298 959.658 242.732 433.764 742.275 273.517 199.706 254.853 129.401 108.582 62.6193 135.781 143.268 65.6498 43.0266 41.4627 625.669 164.936 34.6439 265.78 56.8422 48.9689 161.192 84.778 130.292
internal_count=22254 18542 3712 5761 12781 3766 7498 1463 2249 5732 1840 1180 1995 718 699 355 795 1105 496 283 238 4858 1141 232 1926 386 333 1219 631 909
is_linear=0
shrinkage=0.05


Tree=5
num_leaves=31
num_cat=0
split_feature=28 16 13 28 1 20 20 7 16 22 24 28 0 22 0 24 15 27 12 9 20 28 9 17 10 10 24 11 13 14
split_gain=2297.57 279.003 147.376 94.2248 70.3095 46.4933 40.5615 38.298 25.4429 25.3741 23.4029 20.4153 19.4285 19.2199 19.0501 17.7767 18.886 16.6221 15.1778 14.6282 13.7274 13.5151 21.5283 16.8226 13.1178 13.0048 17.1551 12.7595 12.4629 13.4457
threshold=1.5000000000000002 2.5000000000000004 -0.11166666666666679 4.5000000000000009 3.5000000000000004 1.115 -0.25499999999999984 6.2950000000000008 1.5000000000000002 -1.9099999999999993 -0.0033333333333342981 5.5000000000000009 3.5000000000000004 -0.85499999999999987 16.500000000000004 0.0083333333333333055 0.0049999999999999914 -0.020000000000000014 0.43735000000000007 7.4500000000000011 1.8000000000000003 2.5000000000000004 6.9050000000000011 4.5000000000000009 0.58710000000000007 0.36870000000000008 0.05333333333333324 0.34605000000000002 0.77333333333333398 -0.023633333333333308
decision_type=2 2 2 2 2 2 2 2 2 2 2 2 2 2 2 2 2 2 2 2 2 2 2 2 2 2 2 2 2 2
left_child=2 3 9 5 6 -2 25 10 15 -1 27 19 -9 -10 -11 16 -7 -6 -18 -5 -8 22 -17 -23 -24 -3 -27 -4 29 -12
right_child=1 4 7 11 17 8 20 12 13 14 28 -13 -14 -15 -16 21 18 -19 -20 -21 -22 23 24 -25 -26 26 -28 -29 -30 -31
leaf_value=0.0051771673872080849 -0.0031853316987274041 -0.037614466205311045 0.043244461787582615 -0.017835053271676466 -0.033372526551478751 -0.02112451410354664 -0.0095906198707337801 0.069039772343055958 0.11273983513257844 0.037511147886930801 0.054564115020140504 -0.041638034449052182 0.11234048432313566 0.0013548620227747429 0.076871738451766869 0.044629093470050341 0.02669475506057142 -0.048916658276760255 0.11438106280266316 0.038470727510449353 0.039910098830914842 0.054391564039938237 0.17408392830130148 -0.004434329280716384 0.072877059587567392 -0.024109448549450119 0.04307750365400257 0.083217209349275803 0.10519302709272478 0.090656687031982
leaf_weight=40.39972710609436 265.12545860558748 316.12108281254768 53.840795293450356 129.26722137629986 228.18970650434494 20.439614906907082 207.00553117692471 29.522179409861565 4.0361420959234229 96.003505870699883 37.577262952923775 108.26370684057474 211.44759133458138 95.764411002397537 45.22052338719368 18.683816239237789 58.442403241991997 698.26283698529005 5.3901215046644202 12.665420636534689 15.022066369652746 45.984717160463333 7.1148130446672422 16.51929560303688 5.8212941139936447 81.561106689274311 10.753551617264746 31.728617027401924 76.336846932768822 82.360112175345421
leaf_count=266 1926 2585 293 1015 1868 145 1563 146 28 579 203 890 1007 661 250 118 388 5913 35 90 109 283 41 107 34 661 82 165 373 430
internal_value=-0.000285941 -0.0240245 0.0789205 0.00010533 -0.0363228 0.0117973 -0.0234425 0.0924 0.0260759 0.0401189 0.079887 -0.0252847 0.107036 0.0058595 0.0501146 0.0373856 0.020705 -0.0450881 0.0340991 -0.0128106 -0.00624147 0.0523202 0.0789583 0.0388444 0.12854 -0.0327931 -0.016283 0.0580661 0.0894003 0.0793486
internal_weight=3054.87 2350.43 704.437 793.518 1556.92 543.322 630.463 522.813 278.197 181.624 281.844 250.196 240.97 99.8006 141.224 178.396 84.2721 926.453 63.8325 141.933 222.028 94.1239 31.6199 62.504 12.9361 408.436 92.3147 85.5694 196.274 119.937
internal_count=22254 18542 3712 5761 12781 3766 5000 2617 1840 1095 1464 1995 1153 689 829 1151 568 7781 423 1105 1672 583 193 390 75 3328 743 458 1006 633
is_linear=0
shrinkage=0.05


Tree=6
num_leaves=31
num_cat=0
split_feature=28 13 16 28 13 1 13 20 24 24 28 17 8 27 9 10 3 24 12 15 14 27 13 20 13 0 15 13 4 7
split_gain=2027.67 265.91 125.894 110.277 61.5833 43.4876 37.6688 23.9348 23.5941 23.5741 22.0246 18.8035 21.3646 18.1183 17.1809 14.568 14.2975 14.2752 13.9741 12.8445 18.525 18.1644 14.4113 12.8029 12.7999 14.539 13.4214 12.2699 11.9263 11.8179
threshold=1.5000000000000002 0.1700000000000004 2.5000000000000004 4.5000000000000009 1.1250000000000007 4.5000000000000009 -0.97833333333333317 -1.585 0.068333333333333815 0.011666666666666272 5.5000000000000009 5.5000000000000009 0.4456 -0.015000000000000123 6.705000000000001 0.65110000000000012 23.500000000000004 -0.034999999999999691 0.39184999999999998 0.013333333333333352 0.01305833333333334 -0.044999999999999922 1.7275000000000007 1.0500000000000005 1.7275000000000007 10.500000000000002 0.02916666666666665 0.94083333333333397 54.500000000000007 6.3750000000000009
decision_type=2 2 2 2 2 2 2 2 2 2 2 2 2 2 2 2 2 2 2 2 2 2 2 2 2 2 2 2 2 2
left_child=2 5 24 4 13 7 28 -2 15 -9 14 12 16 23 -5 19 -8 -13 -17 20 21 -6 -22 -3 25 26 -1 -18 -4 -10
right_child=1 3 6 10 8 -7 11 9 29 -11 -12 17 -14 -15 -16 18 27 -19 -20 -21 22 -23 -24 -25 -26 -27 -28 -29 -30 -31
leaf_value=0.069149149596588327 -0.046089146580762477 -0.0022993314359048152 -0.0069415155842807736 -0.026571897051133504 0.035783164545705341 -0.050311194366515079 0.10938163926369647 -0.033461236435774817 0.019096727573209137 -0.011433163820349876 -0.043961281341633678 -0.041276127558884344 0.10016846141972102 -0.013644293834527053 0.0079285282433315812 0.10530734530316205 0.052714840408144503 0.039077222162062927 -0.0094385460466147181 0.029095315957686781 0.01131812332230442 -0.026303120514878809 0.074664897258926985 0.024077735700257594 0.11435039481758058 0.097479918928496515 0.12467601145158105 0.13003103719271955 0.047437879326806043 0.095726193406985322
leaf_weight=103.30396020412445 198.07532698661089 147.89136485755444 32.584031879901886 143.86468218266964 15.435718208551405 506.14145884662867 12.505353048443792 346.29385412484407 7.1974223256111172 187.06752989441156 140.63573011755943 6.6025711596012107 33.058556959033012 264.58208694308996 48.167891927063465 9.1872073411941511 224.42366226017475 33.940555363893509 3.7307849824428549 115.82227791845798 28.889239400625229 49.751008152961731 13.026840075850485 66.775876373052597 59.469543069601059 190.67496481537819 12.163961514830588 5.2515452653169623 14.600618153810499 16.718706265091896
leaf_count=489 1713 1111 210 1192 103 4497 68 2842 42 1482 1203 39 160 2002 360 56 1224 190 23 734 193 349 79 468 266 889 57 26 94 93
internal_value=-0.000310119 -0.0232552 0.072415 -0.00502231 0.0057389 -0.0390439 0.0515552 -0.0312472 0.0253441 -0.0257353 -0.0289279 0.0577815 0.0624642 -0.00488738 -0.0179181 0.0205455 0.0573175 0.0259914 0.0721681 0.017554 0.00507318 -0.0116016 0.0310053 0.0059057 0.093124 0.0890006 0.0749986 0.0544827 0.00988541 0.072665
internal_weight=3037.83 2309.26 728.579 1071.68 739.009 1237.58 362.967 731.437 259.759 533.361 332.668 315.782 275.239 479.249 192.033 235.843 242.181 40.5431 12.918 222.925 107.103 65.1867 41.9161 214.667 365.612 306.143 115.468 229.675 47.1847 23.9161
internal_count=22254 18542 3712 8008 5253 10534 2011 6037 1672 4324 2755 1707 1478 3581 1552 1537 1318 229 79 1458 724 452 272 1579 1701 1435 546 1250 304 135
is_linear=0
shrinkage=0.05


Tree=7
num_leaves=31
num_cat=0
split_feature=28 13 2 28 13 1 16 20 13 24 28 24 14 20 10 1 18 3 20 0 24 14 24 27 9 15 7 25 9 24
split_gain=1797.82 252.215 110.095 101.654 54.6732 43.1416 25.6522 23.3899 22.5174 22.4239 21.2889 20.8045 17.2131 17.0589 16.8424 16.3347 15.3676 14.8634 13.6979 12.2095 11.8104 11.7611 11.6276 14.5133 11.386 11.0472 11.5111 10.5528 10.9657 10.5173
threshold=1.5000000000000002 0.1700000000000004 2.5000000000000004 4.5000000000000009 1.1250000000000007 4.5000000000000009 4.5000000000000009 -1.585 0.52999999999999992 0.011666666666666272 5.5000000000000009 0.024999999999999915 0.093633333333333291 -0.56999999999999995 0.32805000000000001 3.5000000000000004 1.5000000000000002 37.500000000000007 1.115 11.500000000000002 0.11333333333333374 0.14772500000000002 0.045000000000001268 -0.14999999999999988 7.4500000000000011 0.009999999999999969 5.1750000000000007 2.5000000000000004 6.785000000000001 0.098333333333333175
decision_type=2 2 2 2 2 2 2 2 2 2 2 2 2 2 2 2 2 2 2 2 2 2 2 2 2 2 2 2 2 2
left_child=2 5 6 4 13 7 25 -2 17 -9 14 16 -8 -3 -5 18 21 -4 22 -19 -7 -6 -15 -24 -16 -1 -27 28 -10 -13
right_child=1 3 8 10 11 20 12 9 27 -11 -12 29 -14 15 24 -17 -18 19 -20 -21 -22 -23 23 -25 -26 26 -28 -29 -30 -31
leaf_value=0.045971022853267984 -0.045340344597408863 -0.028274442437367722 0.08478284706550078 -0.041493197614193914 0.024290513751093819 -0.050432342149930677 0.014537939222063968 -0.032583230368615462 0.08761121333531692 -0.010951591814285906 -0.043169786938863877 0.037270127776960815 0.074729948648053698 -0.0067329920071077555 -0.012841634869957137 -0.014825317185344465 -0.0018987370280765213 0.036300860407441467 0.022877146505404244 0.071411776045248482 0.030253274526992807 0.11256108663583791 -0.049894188161383787 0.043024524375898203 0.03546155989289853 0.10043118180251012 0.046303812403181266 0.077538445262508027 0.11295780829415387 0.10153575271673937
leaf_weight=115.45018541812897 191.44821294397116 65.932160273194313 62.307300239801407 52.004477620124817 73.756017416715622 482.893195271492 94.633702620863914 338.05600309371948 130.29916124045849 185.56791834533215 136.16760570555925 93.28826330602169 13.582086607813833 157.68451330065727 124.02489288151264 139.06292862445116 85.645038306713104 50.212840244174004 85.050126254558563 48.846352949738503 4.5783645138144484 3.9770959913730612 5.059237256646159 24.813959404826164 13.531015217304228 22.226320564746857 17.60091844201088 130.9798542112112 63.451140701770782 6.8326047658920279
leaf_count=611 1713 529 303 445 465 4455 572 2842 579 1482 1203 556 78 1189 1013 1051 590 261 593 237 42 24 37 182 94 115 87 592 277 37
internal_value=-0.000328937 -0.0225044 0.066807 -0.00480716 0.00542515 -0.0382044 0.0407803 -0.0303851 0.080915 -0.0249172 -0.0280879 0.0237088 0.0220926 -0.00466213 -0.017254 -0.000880447 0.0127105 0.0656491 0.00623312 0.0536141 -0.0496745 0.0288067 -0.0013143 0.0272881 -0.00809018 0.0538041 0.0765106 0.088501 0.095912 0.0416558
internal_weight=3018.96 2269.37 749.59 1066.83 741.102 1202.54 263.493 715.072 486.097 523.624 325.728 263.499 108.216 477.603 189.56 411.671 163.378 161.366 272.608 99.0592 487.472 77.7331 187.558 29.8732 137.556 155.277 39.8272 324.73 193.75 100.121
internal_count=22254 18542 3712 8008 5253 10534 1463 6037 2249 4324 2755 1672 650 3581 1552 3052 1079 801 2001 498 4497 489 1408 219 1107 813 202 1448 856 593
is_linear=0
shrinkage=0.05


Tree=8
num_leaves=31
num_cat=0
split_feature=28 13 7 28 13 1 13 20 24 28 27 9 0 1 26 20 10 2 13 20 28 10 15 17 13 24 24 22 22 14
split_gain=1600.29 239.062 96.5296 93.6946 48.6372 42.7866 24.5909 22.8423 21.309 20.5569 18.7593 16.6922 16.4824 15.9976 18.6647 19.1204 15.9869 15.4914 14.6567 14.3157 14.3634 17.531 13.9424 12.6256 11.8814 11.6014 11.2565 10.7824 12.2345 10.55
threshold=1.5000000000000002 0.1700000000000004 5.535000000000001 4.5000000000000009 1.1250000000000007 4.5000000000000009 0.52999999999999992 -1.585 0.011666666666666272 5.5000000000000009 0.010000000000000233 5.1350000000000007 16.500000000000004 3.5000000000000004 0.029999999999999808 1.8850000000000005 0.32805000000000001 3.5000000000000004 -0.69750000000000012 2.1850000000000009 2.5000000000000004 0.37945000000000001 0.013666666666666676 4.5000000000000009 1.6900000000000002 0.068333333333333815 0.11333333333333374 1.1700000000000008 -1.5299999999999998 -0.00095833333333339421
decision_type=2 2 2 2 2 2 2 2 2 2 2 2 2 2 2 2 2 2 2 2 2 2 2 2 2 2 2 2 2 2
left_child=2 5 6 4 11 7 12 -2 -9 16 19 -3 18 14 15 -13 -5 -4 -1 23 21 -21 -14 25 -19 -6 -7 28 -20 -8
right_child=1 3 17 9 10 26 29 8 -10 -11 -12 13 22 -15 -16 -17 -18 24 27 20 -22 -23 -24 -25 -26 -27 -28 -29 -30 -31
leaf_value=0.0030540799300672393 -0.044599619623732767 -0.019614522762319411 0.065393780841387875 -0.040669498467297088 0.023330950592582399 -0.049826959209679327 0.049685825007748596 -0.031716037772709517 -0.010486984039203865 -0.042385795509199561 0.0020707058899569085 0.012792069185636405 0.043323905049585595 -0.014009265899145791 -0.010791507794218294 0.068609998997053862 -0.0077364111317596157 0.078930320611153945 -0.0046145529067892271 0.00093273898246144533 0.032808703346715304 0.10353711659033245 0.10248606678974084 -0.0061487158422239762 0.10660103540774611 0.080603067639253081 0.028081022643280124 -0.020178056091253477 0.045553458909459554 0.097652176002431701
leaf_weight=54.516433835029602 185.05938312411308 131.39139150083065 200.97481849789619 50.444760628044605 70.318390369415283 464.78230042010546 23.478795200586319 330.13808190077543 184.13708703964949 131.8619073331356 80.690112814307213 134.34082408249378 68.876189723610878 113.82000520080328 79.111291103065014 17.320298507809639 136.73651085048914 225.04072563350201 14.011599496006964 5.3882045149803188 49.095889180898666 18.309551954269409 11.641625210642813 33.117317199707031 46.874793648719788 10.114037141203879 4.683090165257453 8.3334309607744199 91.599315747618675 22.40076732635498
leaf_count=350 1713 1010 924 445 443 4455 113 2842 1482 1203 531 989 362 871 595 116 1107 999 79 32 294 104 59 215 197 53 42 43 483 103
internal_value=-0.000343272 -0.0217713 0.0619206 -0.00460077 0.00513069 -0.0373738 0.0394681 -0.0295356 -0.0241149 -0.0272643 0.0222099 -0.00445099 0.0332697 0.00133078 0.0088967 0.0191667 -0.0166118 0.0759202 0.0243757 0.0309306 0.0482393 0.0802078 0.0518778 0.0198344 0.0837004 0.0305327 -0.0490498 0.034577 0.0388976 0.0731055
internal_weight=2998.61 2230.86 767.748 1062.06 743.017 1168.8 294.858 699.335 514.275 319.043 267.034 475.984 248.979 344.592 230.772 151.661 187.181 472.89 168.461 186.343 72.7936 23.6978 80.5178 113.55 271.916 80.4324 469.465 113.944 105.611 45.8796
internal_count=22254 18542 3712 8008 5253 10534 1592 6037 4324 2755 1672 3581 1376 2571 1700 1105 1552 2120 955 1141 430 136 421 711 1196 496 4497 605 562 216
is_linear=0
shrinkage=0.05


Tree=9
num_leaves=31
num_cat=0
split_feature=28 13 28 16 20 1 22 28 20 13 24 24 17 28 16 8 24 22 11 0 9 10 15 14 9 24 11 26 15 23
split_gain=1429.05 226.422 86.3084 86.1799 44.0058 42.4165 25.4494 24.8606 22.2906 20.691 20.2289 19.6325 17.8196 16.979 16.8814 14.9548 14.8079 13.3458 21.5245 12.5222 12.0465 11.7616 11.3976 11.1675 11.1308 13.7329 10.9328 11.1792 10.8281 12.1137
threshold=1.5000000000000002 0.1700000000000004 4.5000000000000009 2.5000000000000004 1.155 4.5000000000000009 -1.9099999999999993 2.5000000000000004 -1.585 1.6900000000000002 0.011666666666666272 0.048333333333332458 5.5000000000000009 5.5000000000000009 1.5000000000000002 0.4456 0.090000000000000316 3.4150000000000009 0.31950000000000006 21.500000000000004 6.6450000000000005 0.47989999999999999 0.021666666666666692 0.081191666666666676 6.9050000000000011 0.0049999999999994502 0.37445000000000006 0.020000000000000021 0.026666666666666655 6.7650000000000006
decision_type=2 2 2 2 2 2 2 2 2 2 2 2 2 2 2 2 2 2 2 2 2 2 2 2 2 2 2 2 2 2
left_child=3 5 4 -1 11 8 -5 24 -2 13 -10 22 15 20 16 23 17 26 -19 -14 -4 -13 -3 -8 -6 -26 -9 -28 -22 -30
right_child=1 2 9 6 7 -7 12 14 10 -11 -12 21 19 -15 -16 -17 -18 18 -20 -21 28 -23 -24 -25 25 -27 27 -29 29 -31
leaf_value=0.074063323045793897 -0.043865558591605423 -0.014067604820522196 -0.02846741405848606 0.0051189966694588761 0.028875163443632917 -0.048435139198978905 0.040600256409059871 -0.00024218922598062865 -0.030859464933660652 0.0090352936596976349 -0.010038994019434087 0.0068244584441985792 0.00661440785398398 -0.045664702999243821 -0.0055677296716361829 0.080088861908838266 0.1072254983667647 0.13487777477309509 0.016604447094742552 0.087381378384817493 -0.0077361475330431102 0.056331182645213945 0.011802132901960229 0.066334660180867575 0.018576516265132383 0.091888234119032824 0.051985039894519941 -0.0096427865459032171 0.14351892721790308 0.00091155435748407692
leaf_weight=394.91267403960228 178.9053963124752 305.34040104597807 120.17073622345924 44.071032628417015 73.450212940573692 452.10424941778183 210.11541874706745 67.551254495978355 322.53255600482225 36.308030366897583 182.77218534052372 43.727392882108688 39.999421507120132 116.17897821217775 103.66358671337366 36.08806300163269 4.8681548833847037 6.0690418034791973 10.505829989910124 5.4532991349697104 33.972054362297058 16.533299311995506 49.475049957633018 52.737873822450638 9.8847181946039218 18.056665763258934 25.21063469350338 10.391837343573568 2.7057337760925284 3.3118598088622093
leaf_count=1701 1713 2338 1054 275 472 4497 1079 432 2842 299 1482 309 215 1097 733 160 26 38 62 28 260 112 363 254 63 95 144 66 20 25
internal_value=-0.000354309 -0.0210556 -0.00440319 0.0576153 0.00485253 -0.0365511 0.0408944 0.0184909 -0.0286985 -0.0264504 -0.0233286 -0.005979 0.0454724 -0.0311128 0.00933956 0.0499072 0.0217423 0.0182666 0.0599113 0.0163046 -0.020557 0.0204073 -0.0104604 0.0457635 0.039093 0.065953 0.011575 0.0339968 0.00321408 0.0650331
internal_weight=2977.07 2193.69 1057.38 783.378 744.728 1136.31 388.465 329.652 684.21 312.647 505.305 415.076 344.394 276.339 228.26 298.941 124.597 119.729 16.5749 45.4527 160.16 60.2607 354.815 262.853 101.392 27.9414 103.154 35.6025 39.9896 6.01759
internal_count=22254 18542 8008 3712 5253 10534 2011 2131 6037 2755 4324 3122 1736 2456 1501 1493 768 742 100 243 1359 421 2701 1333 630 158 642 210 305 45
is_linear=0
shrinkage=0.05


Tree=10
num_leaves=31
num_cat=0
split_feature=28 13 28 2 1 13 20 13 24 13 16 28 27 20 14 1 14 0 10 24 20 24 17 28 10 20 0 14 12 17
split_gain=1279.42 214.23 79.5058 76.5424 42.0188 39.4522 21.7336 19.3931 19.2434 17.7719 17.5912 16.5432 15.5408 15.271 13.3918 13.2935 12.0448 13.0292 11.4747 11.209 11.1979 11.1607 10.9187 10.6689 13.5448 10.1589 10.1557 10.3828 10.1275 11.1398
threshold=1.5000000000000002 0.1700000000000004 4.5000000000000009 2.5000000000000004 4.5000000000000009 1.1250000000000007 -1.585 1.6900000000000002 0.056666666666667094 0.26333333333333325 4.5000000000000009 5.5000000000000009 0.010000000000000233 -0.56999999999999995 0.093633333333333291 3.5000000000000004 0.076016666666666718 12.500000000000002 0.32805000000000001 0.040000000000000487 2.1850000000000009 0.11333333333333374 4.5000000000000009 2.5000000000000004 0.37945000000000001 1.115 1.5000000000000002 0.011499999999999984 0.28940000000000005 5.5000000000000009
decision_type=2 2 2 2 2 2 2 2 2 2 2 2 2 2 2 2 2 2 2 2 2 2 2 2 2 2 2 2 2 2
left_child=3 4 5 10 6 13 -2 11 -8 16 -1 18 20 -3 -12 25 17 28 -4 -20 22 -6 -7 24 -22 -15 -14 -28 -5 -30
right_child=1 2 7 9 21 12 8 -9 -10 -11 14 -13 26 15 -16 -17 -18 -19 19 -21 23 -23 -24 -25 -26 -27 27 -29 29 -31
leaf_value=0.042996158930963327 -0.043136895236642936 -0.026889069442574923 -0.041309371869428291 -0.014238680795162162 -0.048655274805936621 0.027482800920836898 -0.025596813359647332 0.008527126966378553 0.0093149557280153249 0.069810688093848453 0.01073768878272785 -0.044961719368238458 0.071560035510150818 -0.00085889824308745292 0.062010393328876118 -0.013391252512240782 0.083819823606263333 0.059435368152642977 -0.018411581462217535 0.023829228032421892 -0.00056075665096213417 0.0295364244269576 -0.0064690204887063235 0.029197991340432813 0.088288322458450974 0.019778777611884738 -0.01831611001015147 0.019188883282463768 0.049819037791507093 -0.029794293435820164
leaf_weight=165.79671622812748 172.98220778256655 63.802004247903824 44.646077163517475 14.262140050530432 430.7736652046442 82.412767380475998 453.46767729520798 36.541994467377663 43.234276600182056 413.01721861958504 98.081680551171303 112.19716557860374 4.8529153764247885 186.31852912157774 14.635519623756407 135.67418405413628 18.188911944627762 41.366490989923477 94.252585187554359 18.84536100924015 5.478695377707484 4.6124736815690985 33.22762244194746 50.542408987879753 19.762005850672722 87.696947798132896 45.28125686943531 31.146392926573753 26.311019718647007 5.2746906131505957
leaf_count=813 1713 529 416 71 4455 496 3987 299 337 1752 572 1097 31 1408 78 1051 82 189 788 155 32 42 215 294 104 593 304 196 127 28
internal_value=-0.000362829 -0.0203583 -0.00421638 0.0537763 -0.035735 0.00459002 -0.0278736 -0.0256574 -0.022558 0.065134 0.0326352 -0.0302849 0.0197392 -0.00413505 0.0173951 -0.000591515 0.0468086 0.0390898 -0.0198459 -0.0113731 0.027517 -0.0478269 0.0177272 0.0424556 0.0690029 0.00574606 0.00142178 -0.00303178 0.0207329 0.0365239
internal_weight=2954.68 2157.75 1052.68 796.934 1105.07 746.196 669.684 306.483 496.702 518.42 278.514 269.941 272.704 473.492 112.717 409.69 105.403 87.2143 157.744 113.098 191.424 435.386 115.64 75.7831 25.2407 274.015 81.2806 76.4276 45.8479 31.5857
internal_count=22254 18542 8008 3712 10534 5253 6037 2755 4324 2249 1463 2456 1672 3581 650 3052 497 415 1359 943 1141 4497 711 430 136 2001 531 500 226 155
is_linear=0
shrinkage=0.05


Tree=11
num_leaves=31
num_cat=0
split_feature=28 13 28 16 1 20 20 13 1 16 24 28 24 0 10 19 3 24 15 26 12 24 24 9 24 15 24 25 13 24
split_gain=1147.99 202.562 73.217 69.3856 41.6076 35.573 21.1727 21.0003 20.1355 20.3444 18.9607 18.5618 17.4647 14.9494 14.2889 15.4214 11.6605 11.5 11.8308 11.1187 10.6669 10.6326 10.5065 13.1184 10.3797 10.2686 10.1513 10.1343 10.9208 10.0398
threshold=1.5000000000000002 0.1700000000000004 4.5000000000000009 2.5000000000000004 4.5000000000000009 1.155 -1.585 -0.97833333333333317 2.5000000000000004 1.5000000000000002 0.011666666666666272 5.5000000000000009 0.048333333333332458 2.5000000000000004 0.45050000000000007 -0.050000000000000003 51.500000000000007 0.090000000000000316 0.044166666666666667 -0.05000000000000026 0.40050000000000008 0.11333333333333374 0.023333333333333876 4.9250000000000007 -0.0083333333333341902 0.021666666666666692 0.11333333333333374 2.5000000000000004 0.8516666666666669 0.048333333333332458
decision_type=2 2 2 2 2 2 2 2 2 2 2 2 2 2 2 2 2 2 2 2 2 2 2 2 2 2 2 2 2 2
left_child=3 4 5 27 6 12 -2 22 -7 17 -8 14 25 29 19 -16 -15 18 -10 -4 24 -6 -5 -24 -18 -3 -12 -1 -29 -9
right_child=1 2 11 7 21 8 10 13 9 -11 26 -13 -14 16 15 -17 20 -19 -20 -21 -22 -23 23 -25 -26 -27 -28 28 -30 -31
leaf_value=0.071469044284823813 -0.042412499156728657 -0.013271514723039999 0.0042435770070612527 -0.011462181234671879 -0.048076136061484427 0.0356616338245688 -0.029301584991530339 -0.015707629205247424 0.01564878773925691 -0.0079212953756757007 -0.010994389517814406 -0.040111848071047042 0.019201670403252907 0.047655622135838245 0.059562499130026418 -0.0070117072330355499 0.00090400922675027231 0.094622730056204765 0.096923401242851481 -0.035282682520828688 -0.016548509889487709 0.027432491763255976 0.013263319107594257 0.11836802679393824 0.051073524099526119 0.011244332645067369 0.057553457689446502 0.03843104648340509 0.065012021308434739 0.042446816618431957
leaf_weight=239.60091532766819 167.28526620566845 301.10500831156969 22.720782496035099 32.650466129183769 414.57636958360672 96.815203696489334 309.25141923874617 19.122533410787586 124.58246366679668 104.46130778640509 173.64862321317196 120.05475706607103 60.953976802527905 260.67760933935642 10.024867899715899 65.754504553973675 15.436709448695181 5.1694212257862082 4.6445288062095633 82.017283499240875 13.181600600481032 4.7151578590273848 13.115741401910784 3.8373520523309699 31.041069000959396 49.772996142506599 5.5743859708309165 60.372613102197647 107.35036259889603 12.129038050770758
leaf_count=992 1713 2338 204 199 4455 582 2842 101 756 740 1439 1203 421 1251 73 527 78 26 27 748 67 42 82 23 152 363 43 262 447 58
internal_value=-0.000368426 -0.0196765 -0.00403499 0.0503338 -0.0349256 0.00434506 -0.02706 0.0355749 0.0164267 0.00863026 -0.0218024 -0.0248757 -0.00550233 0.0398717 -0.0147427 0.00179541 0.043092 0.0214952 0.0185699 -0.0267083 0.0231514 -0.047227 0.00511924 0.0370539 0.0344107 -0.00979388 -0.00886234 0.0648705 0.0554441 0.00686268
internal_weight=2931.64 2123.13 1048.08 808.516 1075.05 747.505 655.76 401.192 335.673 238.858 488.474 300.572 411.832 351.589 180.517 75.7794 320.337 134.396 129.227 104.738 59.6594 419.292 49.6036 16.9531 46.4778 350.878 179.223 407.324 167.723 31.2516
internal_count=22254 18542 8008 3712 10534 5253 6037 2011 2131 1549 4324 2755 3122 1707 1552 600 1548 809 783 952 297 4497 304 105 230 2701 1482 1701 709 159
is_linear=0
shrinkage=0.05


Tree=12
num_leaves=31
num_cat=0
split_feature=28 13 28 8 1 13 20 13 24 15 28 22 27 14 27 12 13 0 10 22 24 19 9 24 26 15 7 11 4 9
split_gain=1031.89 191.411 67.4105 64.1652 41.1621 32.3486 20.6012 18.0819 17.9305 17.2308 15.6761 15.4165 14.6326 13.379 13.3343 11.9521 10.7844 11.6669 10.7638 10.7968 12.5328 10.5764 10.3421 10.1419 9.83216 10.6965 21.1291 11.6624 9.69619 11.1705
threshold=1.5000000000000002 0.1700000000000004 4.5000000000000009 0.37035000000000001 4.5000000000000009 1.1250000000000007 -1.585 1.6900000000000002 0.011666666666666272 0.009166666666666658 5.5000000000000009 -1.9999999999999996 -0.015000000000000123 0.038208333333333351 0.010000000000000233 0.26695000000000008 1.7275000000000007 7.5000000000000009 0.32805000000000001 -0.039999999999999584 0.024999999999999026 0.065000000000000016 5.1350000000000007 0.11333333333333374 0.029999999999999808 0.018333333333333358 5.4250000000000007 0.38110000000000005 53.500000000000007 7.1450000000000005
decision_type=2 2 2 2 2 2 2 2 2 2 2 2 2 2 2 2 2 2 2 2 2 2 2 2 2 2 2 2 2 2
left_child=3 4 5 9 6 12 -2 10 -8 11 18 15 -3 -13 -7 -1 17 -5 -4 20 -20 22 -14 -6 25 -24 -27 -28 29 -9
right_child=1 2 7 16 23 14 8 28 -10 -11 -12 13 21 -15 -16 -17 -18 -19 19 -21 -22 -23 24 -25 -26 26 27 -29 -30 -31
leaf_value=0.049739113596013892 -0.04169138309135284 0.0057739624211331922 -0.040009787218989359 0.04171138551406231 -0.047502762155155864 0.024744554243447847 -0.028474941184247638 0.0049001615707368633 -0.0084772000915416899 0.049642028555640205 -0.04363606951198909 0.020689870190203113 -0.029409834615773608 0.047703256488431448 0.00071574464523384122 -0.021616287344459421 0.078113497947210925 0.060958617263283436 -0.0021327852298411196 -0.016175594753591496 0.10064585472427333 0.076843120814418173 -0.0044636023104469812 0.02552408117865625 -0.019220046278789236 0.15950184342048032 -0.0054820761601796532 0.096667761307386357 -0.030729514726562553 0.078267337303950718
leaf_weight=7.4258086532354346 161.80958081781864 214.58441901952028 42.375300467014313 105.60830147564411 398.99738200008869 195.67917147278786 302.49199878424406 18.255019716918472 178.07968679070473 87.928368240594864 105.02096835523844 150.08577154576778 70.114024668931961 65.988927885890007 81.900734007358551 27.98419326543808 63.984887003898621 309.39194983243942 9.0362139195203763 97.707565061748028 4.4153881445527068 3.3127645552158347 77.4936608299613 4.8117303103208533 85.442885592579842 2.9712871462106731 13.812840811908247 3.5027180314064017 10.823646932840346 7.248011276125907
leaf_count=43 1713 1579 416 455 4455 1141 2842 154 1482 413 1097 754 564 315 531 176 258 1298 81 824 38 26 595 42 667 23 102 25 90 55
internal_value=-0.000372227 -0.0190098 -0.00385987 0.0472212 -0.0341236 0.00411427 -0.0262603 -0.0241092 -0.0210646 0.0305896 -0.0287501 0.0239282 -0.00386175 0.0289397 0.0176548 -0.00665239 0.0590065 0.0560606 -0.0185677 -0.0103937 0.0316035 -0.0119181 -0.0130788 -0.0466326 -0.00682945 0.00399775 0.0363192 0.0151815 0.00892263 0.0257513
internal_weight=2908.29 2089.89 1043.7 818.398 1046.19 748.815 642.381 294.882 480.572 339.413 258.555 251.485 471.235 216.075 277.58 35.41 478.985 415 153.534 111.159 13.4516 256.65 253.337 403.809 183.223 97.7805 20.2868 17.3156 36.3267 25.503
internal_count=22254 18542 8008 3712 10534 5253 6037 2755 4324 1701 2456 1288 3581 1069 1672 219 2011 1753 1359 943 119 2002 1976 4497 1412 745 150 127 299 209
is_linear=0
shrinkage=0.05


Tree=13
num_leaves=31
num_cat=0
split_feature=28 13 28 13 20 1 7 28 11 1 24 24 15 24 9 0 24 23 24 6 23 3 26 26 27 12 16 20 20 8
split_gain=928.973 181.387 67.885 59.1907 37.3618 33.6989 20.9687 18.7241 18.5776 18.422 17.5237 17.0339 16.8225 15.4276 13.811 12.4675 11.6252 14.6593 11.6176 11.5025 10.7101 11.4467 10.8714 11.5299 10.0129 10.3281 12.6443 9.96516 9.86491 13.8156
threshold=1.5000000000000002 1.0000000180025095e-35 4.5000000000000009 0.52999999999999992 1.115 3.5000000000000004 5.5550000000000006 5.5000000000000009 0.40154999999999996 2.5000000000000004 -0.021666666666666941 0.045000000000001268 0.013333333333333352 -0.008333333333333302 6.705000000000001 16.500000000000004 0.10666666666666692 6.6350000000000007 -0.0066666666666663757 0.17500000000000002 6.7550000000000008 49.500000000000007 -0.05000000000000026 -0.010000000000000229 -0.055000000000000153 0.3735 1.5000000000000002 -5.9249999999999998 -0.55500000000000005 0.442
decision_type=2 2 2 2 2 2 2 2 2 2 2 2 2 2 2 2 2 2 2 2 2 2 2 2 2 2 2 2 2 2
left_child=3 5 4 6 11 13 15 14 9 -6 -10 28 24 27 -4 18 -7 -18 -1 -5 22 -22 -12 -24 25 -11 -27 -2 -3 -30
right_child=1 2 7 19 8 16 -8 -9 10 12 20 -13 -14 -15 -16 -17 17 -19 -20 -21 21 -23 23 -25 -26 26 -28 -29 29 -31
leaf_value=-0.0023565657132232358 0.48390390268196048 -0.026183302096323337 -0.022622799263055229 0.06079944883373644 0.028614423758289143 -0.044202322284969078 0.046253449084380137 -0.039312671268118805 -0.010539991544751695 -0.007409897371881251 0.099712990527634326 0.015337711642460949 0.016004661887920119 -0.013749127097118799 0.0075804176920812837 0.03825995741651627 0.099979830945899656 -0.037404324897589603 0.024414859040770953 0.032694160253855305 0.015080404118841886 0.10777629324646297 0.0011049462460586191 0.078085798353924915 -0.021920978119355405 0.11854881814868666 -0.0071006811798898679 -0.034787237060569687 0.0015648076701570016 -0.019648768518352733
leaf_weight=61.004406198859215 0.092649973928927376 84.238648995757103 148.83177149295807 365.78932958841324 78.973961852490902 525.45830954611301 149.79026366770267 130.2432602122426 16.652470633387566 17.938390366733078 14.246885657310484 72.644162565469742 89.884028278291225 191.01055682450533 50.757588975131512 89.10254979133606 3.1715768352150899 5.0071877986192703 120.70815335214138 40.427968233823776 28.06213287264109 3.7789129838347426 9.0923150107264501 10.459508933126928 81.52511465549469 4.3510756045579893 3.7090034857392311 168.50014203041792 191.24431943893433 128.2007058262825
leaf_count=333 1 745 1420 1498 477 5782 654 1402 112 114 77 507 557 1772 391 429 28 46 627 171 164 23 53 61 584 25 26 1675 1522 978
internal_value=-0.000374697 -0.0183585 -0.00535997 0.0443895 0.0022263 -0.0353093 0.0312423 -0.0245653 0.0144146 0.00820534 0.0352686 -0.00695146 4.0576e-05 -0.0234788 -0.0149418 0.0229395 -0.0432816 0.0158708 0.0154272 0.0580023 0.04689 0.0260816 0.0664932 0.0422869 -0.0133046 0.0137145 0.0607287 -0.0345022 -0.0109625 -0.00694869
internal_weight=2884.9 2058.07 1164.83 826.823 835.002 893.24 420.605 329.833 358.674 276.382 82.2922 476.328 197.408 359.603 199.589 270.815 533.637 8.17876 181.713 406.217 65.6398 31.841 33.7987 19.5518 107.524 25.9985 8.06008 168.593 403.684 319.445
internal_count=22254 18542 9238 3712 6025 9304 2043 3213 2273 1783 490 3752 1306 3448 1811 1389 5856 74 960 1669 378 187 191 114 749 165 51 1676 3245 2500
is_linear=0
shrinkage=0.05


Tree=14
num_leaves=31
num_cat=0
split_feature=28 13 28 16 13 1 14 1 20 17 15 13 24 26 20 0 27 12 24 16 10 7 27 24 24 8 24 23 20 0
split_gain=837.461 171.547 63.3437 53.8506 38.19 33.1386 22.4877 19.2017 20.9328 16.4029 15.1457 14.9719 14.7553 14.5198 13.2769 13.3767 12.7279 13.9374 12.3162 13.1874 12.0158 11.3989 16.8739 11.1235 11.0813 9.96628 9.56506 9.42234 9.41348 14.5916
threshold=1.5000000000000002 1.0000000180025095e-35 5.5000000000000009 2.5000000000000004 0.88000000000000045 3.5000000000000004 0.0040333333333333618 3.5000000000000004 -0.045000000000000366 5.5000000000000009 0.011666666666666674 -0.64416666666666667 -0.008333333333333302 -0.064999999999999933 0.16500000000000006 15.500000000000002 -0.044999999999999922 0.29675000000000001 0.055000000000001055 3.5000000000000004 0.44900000000000001 5.8050000000000006 -0.029999999999999801 0.10249999999999961 -0.034999999999999691 0.4456 0.12000000000000056 6.6350000000000007 -0.25499999999999984 4.5000000000000009
decision_type=2 2 2 2 2 2 2 2 2 2 2 2 2 2 2 2 2 2 2 2 2 2 2 2 2 2 2 2 2 2
left_child=3 5 4 -1 7 12 10 8 -3 11 16 -5 -2 -8 -12 21 17 -6 -9 -20 -15 22 -16 -7 -11 -13 28 -25 -14 -30
right_child=1 2 -4 9 6 23 13 18 -10 24 14 25 26 20 15 -17 -18 -19 19 -21 -22 -23 -24 27 -26 -27 -28 -29 29 -31
leaf_value=0.054493157618085014 -0.033690913949408298 -0.018582073726831842 -0.038564384340562925 0.013352041478000627 -0.034311551198798106 -0.043610768098559585 0.04451004636210848 -0.023512535732255303 0.0082232491200652964 -0.044902572927165429 -0.044989548337340472 0.034554749554529661 -0.021514808180180065 0.00012121194068932914 0.16934947136757628 -0.00427820469273274 -0.023936208166430183 0.03473321356353639 0.00046186954183720055 0.11440799965987632 0.026950563170099792 0.022972152732090183 0.016777896064129074 0.071091628010991711 0.014026535880860759 0.061945112516049838 0.06809629719538321 -0.030300471608515674 0.068134580005685369 -0.00757057071499493
leaf_weight=417.43737745285034 164.14982555806637 114.33426579087973 126.23446557670832 76.636785104870796 10.787384405732153 506.00933215767145 51.358669012784958 229.60078662633896 200.64847403764725 9.6643640398979169 9.7235710024833661 246.06445556879044 136.39556313306093 80.008119665086269 3.4479682296514511 48.71272049844265 85.013373732566833 22.667553290724754 20.224515996873382 2.9037935286760321 87.232811510562897 61.976898565888405 3.8199006989598265 3.8680151104927045 45.708054915070534 38.392387241125107 3.5501394793391219 5.6213125810027122 7.5150532126426688 41.58916162699461
leaf_count=1701 1676 984 1402 432 72 5769 303 2083 1492 55 71 1133 1331 552 22 317 636 152 163 26 540 397 26 33 232 159 29 54 62 350
internal_value=-0.000375629 -0.017724 -0.00513065 0.041802 -0.00104285 -0.0345215 0.00958543 -0.00974354 -0.0015067 0.0290812 -0.000779326 0.032967 -0.0227235 0.0212564 0.0111675 0.0157967 -0.0136552 0.0124701 -0.0200093 0.014768 0.0141154 0.0299191 0.0891598 -0.042605 0.00374141 0.0382516 -0.0132007 0.0110287 -0.0147566 0.00401557
internal_weight=2861.3 2027.39 1158.7 833.903 1032.46 868.698 464.749 567.712 314.983 416.466 246.149 361.094 353.2 218.6 127.681 117.957 118.468 33.4549 252.729 23.1283 167.241 69.2448 7.26787 515.499 55.3724 284.457 189.05 9.48933 185.5 49.1042
internal_count=22254 18542 9238 3712 7836 9304 3088 4748 2476 2011 1693 1724 3448 1395 833 762 860 224 2272 189 1092 445 48 5856 287 1292 1772 87 1743 412
is_linear=0
shrinkage=0.05


Tree=15
num_leaves=31
num_cat=0
split_feature=28 13 28 13 13 1 14 1 20 20 24 8 26 0 15 12 20 15 0 24 24 26 9 9 6 9 10 27 12 22
split_gain=755.829 162.14 59.3098 49.9139 34.5143 33.3139 20.0071 17.7511 19.0666 17.4472 17.7384 17.3003 15.8644 15.7138 14.733 11.9919 11.8114 11.6431 11.5263 11.3856 11.0112 10.9289 22.9352 10.8191 12.4038 10.6764 10.3042 10.2403 13.6336 9.3782
threshold=1.5000000000000002 1.0000000180025095e-35 5.5000000000000009 0.52999999999999992 0.88000000000000045 4.5000000000000009 0.0023916666666666257 3.5000000000000004 -0.045000000000000366 -1.5399999999999996 0.01166666666666716 0.23829999999999998 -0.064999999999999933 4.5000000000000009 0.011666666666666674 0.26695000000000008 0.16500000000000006 0.013666666666666676 8.5000000000000018 0.023333333333333876 0.11333333333333374 -0.029999999999999801 6.3050000000000006 6.4050000000000011 0.17500000000000002 6.8350000000000009 0.44900000000000001 -0.044999999999999922 0.29675000000000001 0.84000000000000019
decision_type=2 2 2 2 2 2 2 2 2 2 2 2 2 2 2 2 2 2 2 2 2 2 2 2 2 2 2 2 2 2
left_child=3 5 4 11 7 9 14 8 -3 -2 -11 15 29 -13 27 -1 -16 -17 21 -9 -7 22 -18 24 -5 -23 -14 28 -6 -8
right_child=1 2 -4 23 6 20 12 19 -10 10 -12 13 26 -15 16 17 18 -19 -20 -21 -22 25 -24 -25 -26 -27 -28 -29 -30 -31
leaf_value=0.04082075403981239 -0.039924699267063872 -0.017900027316027033 -0.037817778484671882 0.049304765986331933 -0.037800035167267265 -0.047354063511392402 0.0092934278499633999 -0.025672200881329262 0.0077678853334876789 -0.028297027583812542 -0.0054015743635515848 0.0087770904749406905 -0.00048455849276531055 0.038480515907241053 -0.043666338916511283 -0.0045416704594269334 0.16062888798367411 0.055381738798028948 0.0047099036411977603 -0.0013515667029663787 0.031960957858835813 -0.013591630781403158 0.026258567408548029 0.061386743062864568 0.014936161213920891 0.056655990494231617 0.024023152640399458 -0.023244775017328363 0.031141177028082868 0.056448995011285523
leaf_weight=25.373740509152412 155.0535773485899 112.79618532210588 122.3886903449893 207.39319226145744 10.434886045753954 321.38149636238813 14.483615823090075 183.81883724778891 201.76079095900059 230.61039611697197 133.61065623164177 53.574409797787666 81.651615872979164 263.60902884602547 9.1895678937435132 77.452236860990524 4.8907743245363227 9.0537016242742521 80.631670273840427 65.188199117779732 4.4362720847129813 12.49443779140711 9.0556990727782232 173.25333972275257 30.057350397109985 9.5376778095960599 90.345160596072674 82.567859329283237 22.928434185683727 38.760083235800266
leaf_count=129 1768 984 1402 846 71 4007 85 1710 1492 2337 1155 253 564 1189 69 427 30 45 521 562 37 85 52 696 127 58 552 628 151 222
internal_value=-0.000375876 -0.017105 -0.00491038 0.0394268 -0.00100222 -0.0337415 0.00905005 -0.00933158 -0.00143631 -0.025878 -0.0198981 0.0275005 0.0197717 0.0334634 -0.000940149 0.0105955 0.0109096 0.00172991 0.0152105 -0.0193052 -0.0462741 0.0387435 0.0733798 0.0518862 0.0449543 0.0168185 0.0123887 -0.0137986 0.00957876 0.0436215
internal_weight=2837.78 1998.02 1152.92 839.767 1030.54 845.092 466.971 563.564 314.557 519.275 364.221 429.063 225.24 317.183 241.731 111.88 125.8 86.5059 116.61 249.007 325.818 35.9786 13.9465 410.704 237.451 22.0321 171.997 115.931 33.3633 53.2437
internal_count=22254 18542 9238 3712 7836 9304 3088 4748 2476 5260 3492 2043 1423 1442 1665 601 815 472 746 2272 4044 225 82 1669 973 143 1116 850 222 307
is_linear=0
shrinkage=0.05


Tree=16
num_leaves=31
num_cat=0
split_feature=28 13 28 2 1 20 13 20 24 28 24 28 7 3 11 24 15 22 10 13 12 24 24 24 0 23 7 7 26 0
split_gain=682.83 153.12 55.5272 45.934 32.9872 29.1141 16.9465 16.9314 16.7179 16.4896 15.0652 14.7696 13.0593 13.8778 12.7494 23.1108 12.5638 11.1759 13.6943 12.9942 15.291 11.227 10.6184 10.5984 11.0015 9.83034 9.76707 14.3884 9.6544 9.41713
threshold=1.5000000000000002 1.0000000180025095e-35 4.5000000000000009 2.5000000000000004 4.5000000000000009 1.155 1.6900000000000002 -1.5399999999999996 0.01166666666666716 2.5000000000000004 0.045000000000001268 5.5000000000000009 6.2750000000000012 55.500000000000007 0.40640000000000004 -0.024999999999999908 0.013333333333333352 -1.8799999999999994 0.11159999999999996 -1.7149999999999994 0.29975000000000002 -0.0066666666666672638 0.10666666666666692 0.040000000000000487 8.5000000000000018 6.6650000000000009 6.705000000000001 6.6350000000000007 -0.1400000000000001 3.5000000000000004
decision_type=2 2 2 2 2 2 2 2 2 2 2 2 2 2 2 2 2 2 2 2 2 2 2 2 2 2 2 2 2 2
left_child=3 4 5 17 7 10 11 -2 -9 -7 -3 23 -5 29 16 -16 -11 18 19 -1 -21 -19 -6 -4 -25 -24 27 -8 -26 -14
right_child=1 2 6 12 22 9 26 8 -10 14 -12 -13 13 -15 15 -17 -18 21 -20 20 -22 -23 25 24 28 -27 -28 -29 -30 -31
leaf_value=-0.030354162793308499 -0.03920562962579599 -0.0097829006074533729 -0.023348363932636833 0.037422466610693796 -0.046966594485755533 0.028856896841534852 0.017401236331868238 -0.027498034802217054 -0.0051523411196129345 -0.012208749981464864 0.014519324224714889 -0.04122946031458314 0.029744765533597436 -0.013487780095922828 -0.041211941090658011 0.043658527487711707 0.013664710462067416 0.01002555487468724 -0.018376329230130068 0.14341567321482293 0.019452269293215408 0.032857166633186385 0.077874450256417455 0.048502497906365231 0.088193982466196016 -0.056671447407131141 -0.0087231357911902799 0.14961706810070052 -0.027020450288352434 0.057971984077954855
leaf_weight=4.6158679723739615 150.12842111289501 404.97945222258568 139.95587439835072 249.07574853301048 307.96031165122986 111.52821057289839 9.2998421937227231 225.57539673149586 133.08389392495155 102.9994477853179 75.689318843185902 108.26819677650928 33.408615693449974 7.6573120057582846 9.9053225144743902 42.171052776277065 86.173987522721291 78.339750722050667 33.32846699655056 4.2385184019803983 6.0221003890037537 172.18871209025383 3.2971863746643058 11.252143636345865 2.0451422408223179 2.3078053519129753 23.887906588613987 2.6423824951052657 16.388525418937206 255.66974507272243
leaf_count=29 1768 3305 1354 1051 3994 643 82 2337 1155 726 520 1296 137 31 67 239 525 385 195 22 37 795 27 97 17 23 195 22 150 1030
internal_value=-0.000374815 -0.016503 -0.00469939 0.0372374 -0.0329692 0.0020498 -0.0226286 -0.0251076 -0.0192065 0.012958 -0.00595611 -0.0268011 0.0458641 0.0529499 0.00560811 0.0275155 -0.000422638 0.0214756 -0.000571564 0.0393173 0.0706598 0.0257178 -0.0457253 -0.0175926 0.00954331 0.0224764 0.00973473 0.0466558 -0.0142379 0.0547098
internal_weight=2814.08 1969.54 1147.19 844.545 822.353 833.447 313.74 508.788 358.659 352.778 480.669 277.91 545.811 296.736 241.25 52.0764 189.173 298.733 48.205 14.8765 10.2606 250.528 313.565 169.642 29.6858 5.60499 35.8301 11.9422 18.4337 289.078
internal_count=22254 18542 9238 3712 9304 6025 3213 5260 3492 2200 3825 2914 2249 1198 1557 306 1251 1463 283 88 59 1180 4044 1618 264 50 299 104 167 1167
is_linear=0
shrinkage=0.05


Tree=17
num_leaves=31
num_cat=0
split_feature=28 13 28 13 1 13 14 20 1 20 24 7 26 15 20 9 0 24 16 24 0 8 24 14 9 10 12 15 15 12
split_gain=617.327 144.496 51.9948 43.5424 32.6359 29.4176 17.2202 16.4343 15.8017 16.9556 14.8009 14.5775 13.0849 12.6827 10.5613 10.3974 10.3022 10.2947 10.697 10.1436 9.99204 10.1127 9.86492 9.78737 11.6346 8.97276 9.03968 12.0932 8.7076 8.65298
threshold=1.5000000000000002 1.0000000180025095e-35 5.5000000000000009 0.52999999999999992 4.5000000000000009 0.88000000000000045 0.0023916666666666257 -1.585 3.5000000000000004 -0.045000000000000366 0.01166666666666716 5.5550000000000006 -0.064999999999999933 0.011666666666666674 0.16500000000000006 7.7950000000000008 3.5000000000000004 0.055000000000001055 3.5000000000000004 0.10666666666666692 8.5000000000000018 0.3897500000000001 -0.034999999999999691 -0.0090916666666666628 6.705000000000001 0.44900000000000001 0.35315000000000002 -0.0049999999999999897 0.02 0.34575000000000006
decision_type=2 2 2 2 2 2 2 2 2 2 2 2 2 2 2 2 2 2 2 2 2 2 2 2 2 2 2 2 2 2
left_child=3 4 5 11 7 8 13 -2 9 -3 -9 16 -8 15 -15 -7 -1 28 -19 -6 21 -16 -18 24 -5 -14 27 -27 -10 -29
right_child=1 2 -4 23 19 6 12 10 17 -11 -12 -13 25 14 20 -17 22 18 -20 -21 -22 -23 -24 -25 -26 26 -28 29 -30 -31
leaf_value=-0.011288382067416516 -0.039149697739220377 -0.017001476694844926 -0.036347076800083707 0.029907764547551209 -0.046450399442736733 -0.015679117330922056 0.039456019452371191 -0.026596836724146464 -0.025682647790535376 0.0073231086473917149 -0.0057177500420101807 0.03648998075089676 -0.00063278625655238229 -0.042682187477715287 0.11473453568551924 0.074409502056610094 -0.0039564645271185934 -0.00014332053218598715 0.098478320081271664 0.020944874122513866 0.0040247199791770679 0.026768235381946854 0.024570283806479881 0.053589176901535175 0.058079789834283274 0.10297965533595402 0.0047039996322737468 0.02013945407794086 0.002729882603949553 0.094614239242769835
leaf_weight=28.15880523622036 136.29506588727236 110.78602474927902 115.19912909716368 126.94613941013813 296.11447018384933 111.13619768619537 54.752274610102177 226.80415780842304 188.41071677207947 202.75484079867601 135.64432287216187 155.26603102684021 81.691052511334419 8.8908278346061689 3.623255342245101 3.2977895513176909 35.212569162249565 20.387594372034076 3.1781527772545806 5.6903498545289031 81.18426375836134 33.248000107705593 217.49574895203114 233.81556150317192 51.522945374250412 5.991580829024314 41.022638395428658 40.376603677868843 31.470300011336803 4.3172288686037055
leaf_count=151 1672 984 1402 519 3994 828 307 2404 1799 1492 1184 654 564 69 22 22 184 163 26 50 521 203 1054 943 207 37 250 241 284 24
internal_value=-0.000372829 -0.0159154 -0.00449562 0.0352085 -0.0322019 -0.000921155 0.00829777 -0.0243487 -0.00869256 -0.0012717 -0.018783 0.0241954 0.0181469 -0.00101153 0.00987005 -0.0130829 0.0173988 -0.0182501 0.0131571 -0.0451797 0.0138278 0.0354125 0.0205953 0.0468586 0.0380409 0.0114183 0.0221531 0.0362756 -0.0216161 0.0273334
internal_weight=2790.68 1942.27 1141.72 848.418 800.548 1026.52 469.532 498.744 556.988 313.541 362.448 436.133 228.151 241.38 126.946 114.434 280.867 243.447 23.5657 301.805 118.056 36.8713 252.708 412.285 178.469 173.399 91.7081 50.6854 219.881 44.6938
internal_count=22254 18542 9238 3712 9304 7836 3088 5260 4748 2476 3588 2043 1423 1665 815 850 1389 2272 189 4044 746 225 1238 1669 726 1116 552 302 2083 265
is_linear=0
shrinkage=0.05


Tree=18
num_leaves=31
num_cat=0
split_feature=28 13 28 16 1 13 20 14 1 20 24 17 8 15 27 12 20 0 7 27 24 13 0 15 24 24 24 23 15 14
split_gain=558.528 136.208 48.6053 40.0038 32.2457 26.5973 15.9256 15.3509 14.5839 15.435 14.3028 13.8927 10.6986 10.5766 10.7185 11.3625 9.98647 10.5177 10.8854 9.92624 9.91407 9.35334 10.4441 9.86386 9.32436 9.18063 8.71783 8.67982 8.67358 8.65483
threshold=1.5000000000000002 1.0000000180025095e-35 5.5000000000000009 2.5000000000000004 4.5000000000000009 0.88000000000000045 -1.585 0.0040333333333333618 3.5000000000000004 -0.045000000000000366 -0.009999999999999341 5.5000000000000009 0.4456 0.011666666666666674 -0.044999999999999922 0.29675000000000001 0.16500000000000006 16.500000000000004 5.6650000000000009 -0.16500000000000001 0.023333333333333876 1.7275000000000007 10.500000000000002 0.02916666666666665 0.11166666666666682 -0.034999999999999691 0.028333333333333769 6.6050000000000013 -0.0099999999999999863 0.067025000000000015
decision_type=2 2 2 2 2 2 2 2 2 2 2 2 2 2 2 2 2 2 2 2 2 2 2 2 2 2 2 2 2 2
left_child=3 4 5 21 6 8 27 13 9 -3 28 12 -5 14 15 -7 -15 18 -18 -6 -10 22 23 29 -9 -13 -24 -2 -8 -1
right_child=1 2 -4 11 19 7 10 24 20 -11 -12 25 -14 16 -16 -17 17 -19 -20 -21 -22 -23 26 -25 -26 -27 -28 -29 -30 -31
leaf_value=0.018278348868983111 0.0461144683998908 -0.016360768231726084 -0.035603238787045403 0.023204898843125724 0.047886011599115527 -0.032004440264790913 -0.043353145893133875 0.015825432134148564 -0.023758670790375348 0.0069221497999346505 -0.0091533711061589883 -0.044903837434781269 0.050715750141517794 -0.042263116159169972 -0.021705186981191511 0.031115260269310802 0.1055163411898513 -0.0079846333064962586 0.019050272725436933 -0.045555050610577408 -0.00085315755653717247 0.061611358337149702 0.039367505391651458 0.069597695577375121 0.089993700732339518 0.0086600410886550194 0.059527638605586401 -0.040388164837460383 -0.019592469821719874 0.050370185248269153
leaf_weight=93.583654299378395 2.9666519090533248 109.40425967425108 111.81238500028849 333.80957347154617 2.8705255016684523 10.260042443871496 64.87458635866642 221.72559604793787 175.45205114781857 203.74799518287182 198.13957556337118 9.6221790015697461 39.523414716124535 8.8780655339360219 81.257799804210663 23.37077870965004 3.8211065307259551 40.887767180800438 76.760632045567036 287.66165339946747 64.646076530218124 65.713247090578079 128.51065512001514 14.157795414328573 4.3201950863003722 47.439234465360641 92.023393169045448 129.00244532525539 94.144672900438309 27.091016232967377
leaf_count=380 36 984 1402 1564 31 72 709 1372 1710 1492 1853 55 160 71 636 152 24 264 474 4013 562 266 519 57 23 232 370 1636 1026 109
internal_value=-0.000369672 -0.0153437 -0.00430107 0.0333251 -0.0314381 -0.000884905 -0.0236013 0.00784373 -0.00832033 -0.00121207 -0.0181171 0.0226054 0.0261174 -0.000819957 -0.0118802 0.0118588 0.00892853 0.0126701 0.0231504 -0.0446318 -0.0175914 0.044282 0.0410775 0.030115 0.0172429 -0.000372354 0.0477798 -0.0384436 -0.029286 0.0254828
internal_weight=2767.48 1916 1136.34 851.474 779.66 1024.53 489.128 471.282 553.25 313.152 357.159 430.394 373.333 245.236 114.889 33.6308 130.348 121.47 80.5817 290.532 240.098 421.08 355.367 134.832 226.046 57.0614 220.534 131.969 159.019 120.675
internal_count=22254 18542 9238 3712 9304 7836 5260 3088 4748 2476 3588 2011 1724 1693 860 224 833 762 498 4044 2272 1701 1435 546 1395 287 889 1672 1735 489
is_linear=0
shrinkage=0.05


Tree=19
num_leaves=31
num_cat=0
split_feature=28 13 28 13 1 20 13 28 0 24 28 8 24 11 24 22 11 19 9 24 23 28 24 15 0 20 27 14 15 9
split_gain=505.635 128.292 45.5187 37.4535 32.0306 22.9779 15.0186 13.0278 12.9028 12.894 12.8687 12.7927 12.0059 10.8532 18.3459 10.5924 14.1786 11.7945 9.98685 9.77426 9.5559 9.40485 9.22354 9.16086 13.2101 9.07072 10.7772 11.3932 11.3673 9.02466
threshold=1.5000000000000002 1.0000000180025095e-35 4.5000000000000009 0.52999999999999992 3.5000000000000004 1.115 1.6900000000000002 5.5000000000000009 2.5000000000000004 -0.008333333333333302 2.5000000000000004 0.23829999999999998 0.04500000000000038 0.38005000000000005 -0.025000000000000796 3.2350000000000008 0.32345000000000007 -0.014999999999999998 6.6450000000000005 0.10249999999999961 6.8950000000000005 5.5000000000000009 0.10249999999999961 0.025500000000000012 14.500000000000002 2.0550000000000006 0.010000000000000233 0.01305833333333334 0.03333333333333334 6.4050000000000011
decision_type=2 2 2 2 2 2 2 2 2 2 2 2 2 2 2 2 2 2 2 2 2 2 2 2 2 2 2 2 2 2
left_child=3 4 5 8 9 12 7 18 22 23 25 -10 -3 15 -15 -12 17 -17 -4 21 -13 -6 -1 -2 -25 -7 28 -28 -27 -5
right_child=1 2 6 29 19 10 -8 -9 11 -11 13 20 -14 14 -16 16 -18 -19 -20 -21 -22 -23 -24 24 -26 26 27 -29 -30 -31
leaf_value=-0.014536184711461623 -0.032080976074937671 -0.0090221123536959585 -0.02349483243256402 0.036144970982211554 -0.035031479984901574 0.012921636142337987 0.0095507999690582143 -0.039330388618749344 0.009179332517802629 -0.0096068685135837131 -0.0065535922687916942 0.033761696413009738 0.01280602355744667 -0.032147153764458557 0.031664270291240339 0.10560654445906048 -0.026078299080131779 0.0059470553230879762 0.0048407352930644057 0.010766744109525484 0.010842436044733597 -0.050461648253211901 0.06308721611686037 0.11164239338925681 -0.055221540186660895 0.065394275941998856 -0.037078348691398151 0.055798623522158176 -0.018932453524071004 0.051147848559215829
leaf_weight=34.739618688821793 139.79383819550276 389.05023471266031 123.53691456466913 239.73190169036388 275.11507602035999 68.00607954710722 35.82544606924057 98.620291717350483 105.66862477362156 176.46284575015306 153.03770919889212 240.96651551127434 75.164875969290733 13.687922425568102 63.599439084529877 7.2643976137042054 6.5792001113295546 5.0206699147820482 41.556347839534283 9.4765404537320119 56.059312477707863 154.04930941015482 4.3007159680128089 2.6906812712550154 2.1211235895752907 32.238993674516678 7.711187392473219 5.774625800549984 4.5618932992219916 172.25995168089867
leaf_count=176 1621 3239 1280 973 3531 404 299 1296 546 1772 1038 1054 513 94 357 41 40 32 338 87 247 2238 20 30 25 164 48 33 22 696
internal_value=-0.000365344 -0.0147853 -0.00411248 0.0315738 -0.0306775 0.00190663 -0.0208251 -0.0249517 0.0214599 -0.0186774 0.0112474 0.0241206 -0.00548774 0.0048008 0.020363 -0.00219599 0.0331554 0.0648776 -0.0163624 -0.0394611 0.029436 -0.0405702 -0.00598513 -0.0297461 0.038086 0.0248276 0.0409288 0.00269157 0.054941 0.0424179
internal_weight=2744.67 1890.95 1131.24 853.727 759.709 831.697 299.539 263.714 441.735 321.068 367.482 402.694 464.215 249.189 77.2874 171.902 18.8643 12.2851 165.093 438.641 297.026 429.164 39.0403 144.606 4.8118 118.293 50.2867 13.4858 36.8009 411.992
internal_count=22254 18542 9238 3712 9304 6025 3213 2914 2043 3448 2273 1847 3752 1602 451 1151 113 73 1618 5856 1301 5769 196 1676 55 671 267 81 186 1669
is_linear=0
shrinkage=0.05


Tree=20
num_leaves=31
num_cat=0
split_feature=28 13 28 2 1 15 24 13 28 20 10 24 13 20 3 24 13 13 24 11 1 26 7 9 12 23 0 3 6 20
split_gain=457.911 120.665 42.4263 34.5856 31.5678 23.5133 18.5029 17.018 16.8343 15.7577 15.5829 14.1351 12.6816 12.239 10.2797 10.267 9.68541 9.66483 9.49453 9.39004 11.8755 12.0624 12.8831 11.0736 10.1245 9.9296 9.23396 9.3187 9.1567 14.5735
threshold=1.5000000000000002 1.0000000180025095e-35 5.5000000000000009 3.5000000000000004 4.5000000000000009 0.02 0.04500000000000038 -0.11166666666666679 3.5000000000000004 -1.5399999999999996 0.62880000000000014 0.02166666666666606 1.2866666666666668 1.2000000000000002 39.500000000000007 -0.0033333333333342981 1.6900000000000002 0.091666666666667021 0.10666666666666692 0.40154999999999996 2.5000000000000004 -0.044999999999999922 5.5150000000000006 7.0050000000000008 0.42575000000000002 6.7550000000000008 16.500000000000004 51.500000000000007 0.14500000000000005 1.2000000000000002
decision_type=2 2 2 2 2 2 2 2 2 2 2 2 2 2 2 2 2 2 2 2 2 2 2 2 2 2 2 2 2 2
left_child=3 4 5 7 9 6 8 26 10 -2 13 -11 -10 -3 -12 -9 -5 -7 -6 20 21 -15 -23 -24 -22 -21 -1 -28 -19 -30
right_child=1 2 -4 16 18 17 -8 15 12 11 14 -13 -14 19 -16 -17 -18 28 -20 25 24 22 23 -25 -26 -27 27 -29 29 -31
leaf_value=0.0040367890945122113 -0.036612087176279888 -0.0099542784581847024 -0.034126427857435637 0.039707343237928086 -0.044935909841590516 -0.056707423158050045 0.011746436365797017 0.016023904018531637 -0.023208812510786853 -0.023035807990724046 0.10638423165290425 -0.00068111861996901447 0.0029462842238994012 0.08654646048394421 0.011495426785990775 0.034744098971589636 0.06420679769265647 0.0086900762471142264 0.020016060478208142 0.076124819318884998 -0.022805868587661114 0.075564511515464491 -0.019168943962923086 0.070962815434744225 0.046391505753314473 0.012717501523996819 0.037707565853644813 -0.0081260830741295975 0.0029546538219777808 0.054507378110079746
leaf_weight=141.95157051086426 133.91257119178772 230.66799625009298 105.45254796743393 250.92167694866657 264.10297115147114 4.9365997090935698 134.28398638218641 103.88728201389313 223.76226469129324 235.96348124742508 5.3661343902349454 100.9729560315609 58.450978562235832 6.2543564066290847 6.0974454432725906 248.29734343290329 48.068915098905563 188.18257258087397 5.7488471195101729 9.7991766929626483 42.589951351284981 6.1550904288888004 21.639847718179229 4.0447389781475058 6.035153239965438 16.691596455872059 47.980339229106903 14.423660099506376 24.515567325055599 31.099334381520748
leaf_count=736 1768 1914 1402 1017 3994 49 898 444 2135 2604 38 888 423 36 41 1026 198 1244 50 55 292 39 135 24 42 98 223 68 185 188
internal_value=-0.000360934 -0.0142436 -0.00393338 0.0299304 -0.0299174 -0.000813631 -0.00512196 0.0225619 -0.00867484 -0.0221031 -0.00143423 -0.0163366 -0.0177917 -0.00334597 0.0559131 0.029222 0.0436461 0.0125554 -0.0435522 0.0101186 0.00215974 0.0230643 0.0105943 -0.00497524 -0.0142174 0.0361724 0.0110838 0.0271139 0.0139579 0.0317825
internal_weight=2722.26 1866.73 1126.03 855.531 740.701 1020.57 771.839 556.54 637.555 470.849 355.341 336.936 282.213 343.878 11.4636 352.185 298.991 248.734 269.852 113.21 86.7191 38.094 31.8397 25.6846 48.6251 26.4908 204.356 62.404 243.797 55.6149
internal_count=22254 18542 9238 3712 9304 7836 6170 2497 5272 5260 2714 3492 2558 2635 79 1470 1215 1666 4044 721 568 234 198 159 334 153 1027 291 1617 373
is_linear=0
shrinkage=0.05


Tree=21
num_leaves=31
num_cat=0
split_feature=28 13 28 13 1 20 28 20 20 24 24 27 24 0 8 24 27 9 24 24 13 17 21 13 6 13 14 15 12 14
split_gain=414.908 113.412 39.588 32.5706 31.0746 21.5532 17.1716 15.6088 15.2019 15.1265 12.7647 12.1731 11.8249 11.2793 10.7765 10.4639 10.2277 10.1515 9.26195 9.14637 9.04173 11.577 10.1014 8.98259 8.98045 8.80762 8.78925 8.77428 8.72657 8.68354
threshold=1.5000000000000002 1.0000000180025095e-35 5.5000000000000009 0.52999999999999992 4.5000000000000009 -0.25499999999999984 3.5000000000000004 1.9850000000000001 -1.585 0.043333333333333453 -0.009999999999999341 0.010000000000000233 -0.096666666666666221 2.5000000000000004 0.23829999999999998 -0.078333333333331798 -0.19499999999999981 6.1450000000000005 0.1166666666666676 0.073333333333333708 0.043333333333332565 2.5000000000000004 -1.0000000180025095e-35 1.2491666666666674 0.17500000000000002 0.48733333333333345 0.057275 -0.0099999999999999863 0.21915000000000004 0.082683333333333373
decision_type=2 2 2 2 2 2 2 2 2 2 2 2 2 2 2 2 2 2 2 2 2 2 2 2 2 2 2 2 2 2
left_child=3 4 5 13 8 19 7 12 -2 -8 27 -9 17 26 -15 -14 -6 -7 -18 -3 21 -17 29 -4 -5 -21 -1 -10 -16 -22
right_child=1 2 23 24 16 6 9 11 10 -11 -12 -13 15 14 28 20 18 -19 -20 25 22 -23 -24 -25 -26 -27 -28 -29 -30 -31
leaf_value=-0.018209401580100624 -0.036585234586688463 -0.020423584913937663 -0.041137331567547265 0.041045225258130355 0.097310876885372793 0.011356652573007678 -0.010110377027921011 0.035971312138489163 -0.041781790052706685 0.015068396250541186 -0.0074804918543069469 -0.001051556035309816 -0.059100432919867218 0.0078611791086243867 0.0058685694754265667 0.14876618611441186 -0.044846442924480368 0.14802295167263674 0.034445026906067731 0.091806656678495843 0.0057019067209015672 0.012085180115148014 -0.0069742384704876721 -0.0051208720052166781 0.016541790036708651 -0.018456312644228246 0.041756668081034558 -0.017012983559925553 0.029903178413630306 0.034814262080559405
leaf_weight=31.550726041197777 121.4191075488925 150.39622380584478 80.42226941883564 368.83347786962986 1.2923248037695874 2.833056576550006 318.56074900180101 77.653427831828594 59.864896908402443 73.39243371784687 192.39115960896015 31.09220677614212 6.73009368777275 106.71260906755924 44.300043001770973 2.4196378886699668 254.88835087418556 2.6110833436250687 3.7368917912244788 3.6498816236853591 160.53311657160521 4.3067621439695358 150.48512976616621 22.06040558218956 41.611028552055359 3.5948854982852936 7.5782651752233496 88.782116271555424 256.0831019282341 30.477131254971027
leaf_count=160 1672 1451 1130 1498 13 22 2699 412 709 508 1853 192 53 546 190 21 4002 18 29 29 1090 38 1082 272 171 26 36 1026 1111 195
internal_value=-0.00035642 -0.0137167 -0.00376259 0.0283956 -0.0291669 -0.000782697 0.00232905 0.00878284 -0.0213923 -0.0053957 -0.0159832 0.0253859 0.00377306 0.0190453 0.0215098 0.00265141 -0.0429996 0.0769037 -0.0437008 -0.0177802 0.00384489 0.0612524 0.00271413 -0.0333844 0.0385611 0.0370937 -0.00659554 -0.0269882 0.0263586 0.010347
internal_weight=2700.26 1843.59 1121.22 856.669 722.375 1018.74 861.095 469.142 462.457 391.953 341.038 108.746 360.396 446.225 407.096 354.952 259.918 5.44414 258.625 157.641 348.222 6.7264 341.495 102.483 410.445 7.24477 39.129 148.647 300.383 191.01
internal_count=22254 18542 9238 3712 9304 7836 6330 3123 5260 3207 3588 604 2519 2043 1847 2479 4044 40 4031 1506 2426 59 2367 1402 1669 55 196 1735 1301 1285
is_linear=0
shrinkage=0.05


Tree=22
num_leaves=31
num_cat=0
split_feature=28 16 1 2 10 28 23 13 14 27 20 15 13 3 24 8 27 27 7 27 13 20 18 14 7 15 20 14 15 25
split_gain=375.986 106.911 51.291 30.7104 25.3577 22.3487 14.3029 14.1327 13.2599 12.4634 12.5216 11.6706 10.5838 10.1996 9.78206 11.088 9.73242 9.43486 9.39405 9.38442 9.2381 9.2105 8.51983 8.37255 8.28814 10.7977 8.11545 8.05269 10.3457 8.0579
threshold=1.5000000000000002 2.5000000000000004 4.5000000000000009 3.5000000000000004 0.24370000000000003 5.5000000000000009 6.6050000000000013 0.74749999999999972 0.0023916666666666257 -0.029999999999999801 0.22999999999999979 0.04583333333333333 0.55333333333333423 31.500000000000004 -0.054999999999999265 0.58750000000000013 -0.18500000000000003 0.16500000000000006 7.0550000000000006 -0.015000000000000123 1.6900000000000002 -1.5600000000000001 2.5000000000000004 0.10806666666666671 7.2250000000000005 0.023333333333333327 -1.9949999999999997 -0.048333333333333291 0.016666666666666687 1.5000000000000002
decision_type=2 2 2 2 2 2 2 2 2 2 2 2 2 2 2 2 2 2 2 2 2 2 2 2 2 2 2 2 2 2
left_child=3 5 4 7 6 8 13 -1 11 10 27 17 -10 -3 -14 18 -4 19 -16 -2 23 -11 24 -5 -20 -26 -8 -6 -29 -30
right_child=1 2 16 20 9 -7 26 -9 12 21 -12 -13 14 -15 15 -17 -18 -19 22 -21 -22 -23 -24 -25 25 -27 -28 28 29 -31
leaf_value=0.01526146582437439 0.0036770003151870958 0.11598888557923411 0.073733463320475118 0.032561161288677115 -0.030086370781166605 -0.026847799735228335 -0.045486768907512 0.033214705663254879 -0.0099740802573873803 -0.039945456150311608 0.025349371365755338 0.062673696797386894 -0.018786978106842437 -0.0075478368667438707 0.016507039188156221 -0.016949151436670095 -0.039816165321750245 0.065793319932411179 0.088966259633143682 -0.012793309848362423 0.060239658577119493 -0.011063491579273735 -0.017494112082057822 0.059681739402399459 -0.0023467634196435807 0.082540708899096066 -0.024522241105462549 -0.0046416974138635122 0.1051185260387842 0.012496160537121158
leaf_weight=410.63137012720108 161.64277992397547 2.8798909783363333 1.8974264413118351 217.48721785843372 26.037039466202259 65.335757724940777 57.784625038504601 149.53521649539471 51.499418884515762 31.31008168309927 45.707530118525028 6.6514847725629798 20.298612773418427 3.9797475039958954 210.82891535013914 21.768203891813755 345.95634315535426 4.7525762245059004 11.368168801069265 186.00730873644352 47.137777283787727 233.19728074967861 4.5414629578590384 32.741931423544884 9.0685086324810964 6.3828924745321265 229.4996262639761 73.415314666926861 3.9629421308636648 5.7628551945090294
leaf_count=1892 1110 27 18 884 255 890 822 605 431 434 348 40 148 36 1355 125 5265 37 62 1448 198 2350 32 133 52 31 2424 714 32 56
internal_value=-0.000351554 -0.0132035 -0.0234547 0.0269481 -0.0157803 0.00111012 -0.0270354 0.020054 0.00373911 -0.00788653 0.00337744 -0.0029403 0.010882 0.0443167 0.0146605 0.0172327 -0.0391968 -0.00417874 0.020305 -0.0051353 0.0399348 -0.0144823 0.0458372 0.0361098 0.0565613 0.0327198 -0.0287391 -0.00582112 0.00177795 0.0502367
internal_weight=2679.07 1821.54 1061.39 857.534 713.537 760.146 294.144 560.167 694.81 419.393 154.886 359.054 335.756 6.85964 284.257 263.958 347.854 352.403 242.19 347.65 297.367 264.507 31.361 250.229 26.8196 15.4514 287.284 109.178 83.1411 9.7258
internal_count=22254 18542 12781 3712 7498 5761 3309 2497 4871 4189 1405 2635 2236 63 1805 1657 5283 2595 1532 2558 1215 2784 177 1017 145 83 3246 1057 802 88
is_linear=0
shrinkage=0.05


Tree=23
num_leaves=31
num_cat=0
split_feature=1 13 28 1 2 13 9 24 27 14 13 0 9 24 27 9 20 24 1 22 21 13 15 14 16 7 12 14 13 14
split_gain=341.305 101.217 38.5686 30.978 30.2102 21.5211 13.6954 11.1474 10.968 10.4236 13.1402 10.955 11.942 10.2831 10.2828 9.82679 9.61803 14.8196 12.5993 13.0499 9.51282 9.3577 9.31743 8.93014 8.99076 9.65779 10.2865 8.88954 9.38744 9.28543
threshold=1.5000000000000002 -0.101666666666667 5.5000000000000009 3.5000000000000004 2.5000000000000004 0.88000000000000045 7.2950000000000008 -0.008333333333333302 -0.024999999999999908 0.0096166666666667473 1.6900000000000002 11.500000000000002 5.4850000000000012 0.046666666666666419 -0.069999999999999826 6.8850000000000007 -0.045000000000000366 0.050000000000000273 3.5000000000000004 0.84000000000000019 -1.0000000180025095e-35 1.2491666666666674 0.011666666666666674 0.093633333333333291 4.5000000000000009 5.1350000000000007 0.31270000000000003 0.0081333333333333552 1.7275000000000007 0.052516666666666607
decision_type=2 2 2 2 2 2 2 2 2 2 2 2 2 2 2 2 2 2 2 2 2 2 2 2 2 2 2 2 2 2
left_child=4 3 5 7 23 16 22 14 15 10 11 12 -6 -8 -2 -5 17 -3 -18 -20 -15 -4 27 24 25 -1 -27 -7 -29 -30
right_child=1 2 21 8 9 6 13 -9 -10 -11 -12 -13 -14 20 -16 -17 18 -19 19 -21 -22 -23 -24 -25 -26 26 -28 28 29 -31
leaf_value=0.02788573641076 0.096658565714629233 -0.021710867994277513 -0.040648571159530272 -0.025260071246643607 -0.024791763009842861 -0.014544422564147437 0.016901232077119448 -0.0067497335624857593 -0.043402291921939437 0.04083558497589259 0.05515533972607059 0.03201833715479914 0.018579642580518554 0.088605341242048441 -0.029117816538481681 0.098880020562791993 0.004930175332436346 0.018975197254301534 -0.0025814645356962819 -0.030660020732512519 0.0026516582227225287 -0.0036295171156001012 0.010317393820663092 0.034406645998562649 -0.0010848566650941544 -0.021259690784174883 0.01912651258669255 -0.0015677484845588842 0.00051504697057811876 0.071381789890841707
leaf_weight=93.070550680160522 1.6478992700576771 174.65672242641449 83.086226835846901 84.129274852573872 18.806282877922058 106.8337310552597 59.36469391733408 146.47637234628201 273.4539634026587 233.33240517228842 36.124940440058708 151.25729963928461 101.69577990472317 10.735447749495505 116.96608396619558 1.6249336078762997 220.12444182485342 25.670825459063053 111.80616896599531 65.695138953626156 4.5975639373064032 21.485403373837471 210.27406574040651 43.238893538713455 109.68834088742733 26.438308253884315 39.061158880591393 68.613784447312355 8.625316150486471 9.9596308693289739
leaf_count=417 20 1830 1253 1116 81 815 348 1565 4297 959 152 619 424 50 1495 22 1626 208 1113 630 23 272 1297 191 585 114 167 461 49 55
internal_value=-0.000345915 -0.0126566 -0.00405199 -0.0289415 0.025725 -0.00123703 0.00666007 -0.0159764 -0.0385096 0.0328648 0.0268241 0.023058 0.0118108 0.0263294 -0.0273704 -0.0229078 -0.00756318 -0.0164972 -0.00306214 -0.0129736 0.0628324 -0.0330426 0.00302606 0.0133198 0.00992095 0.017534 0.00282496 -0.0048756 0.00697039 0.0384924
internal_weight=2658.54 1805.83 1181.53 624.299 852.714 1076.96 479.004 265.09 359.208 541.217 307.884 271.759 120.502 74.6977 118.614 85.7542 597.953 200.328 397.626 177.501 15.333 104.572 404.307 311.497 268.258 158.57 65.4995 194.032 87.1987 18.5849
internal_count=22254 18545 10030 8515 3709 8505 3098 3080 5435 2235 1276 1124 505 421 1515 1138 5407 2038 3369 1743 73 1525 2677 1474 1283 698 281 1380 565 104
is_linear=0
shrinkage=0.05


Tree=24
num_leaves=31
num_cat=0
split_feature=1 13 28 1 16 15 20 14 27 24 11 26 10 28 22 12 13 11 21 14 27 24 15 25 0 26 9 20 26 27
split_gain=309.464 94.9908 36.0147 30.1173 28.0447 19.8704 16.5092 12.4303 10.8821 10.5081 9.66088 11.0709 13.3729 9.78257 9.35508 11.2275 9.04216 8.98216 13.9232 12.7063 8.97668 8.88794 8.88748 8.84814 8.8204 10.6826 8.4975 8.49604 8.26723 15.9648
threshold=1.5000000000000002 -0.101666666666667 5.5000000000000009 3.5000000000000004 2.5000000000000004 0.02 -0.55500000000000005 0.10806666666666671 -0.024999999999999908 -0.008333333333333302 0.39945000000000003 -0.055000000000000153 0.51165000000000005 3.5000000000000004 -1.8799999999999994 0.25095000000000006 1.2491666666666674 0.41155000000000003 -0.0099999999999999863 0.091908333333333356 -0.069999999999999826 0.1166666666666676 -0.0099999999999999863 2.5000000000000004 16.500000000000004 0.020000000000000021 6.8850000000000007 0.42500000000000032 0.06000000000000006 -1.0000000180025095e-35
decision_type=2 2 2 2 2 2 2 2 2 2 2 2 2 2 2 2 2 2 2 2 2 2 2 2 2 2 2 2 2 2
left_child=4 3 5 9 23 6 -3 14 26 20 13 17 -13 -8 15 -6 -4 18 -12 -19 -2 -10 -14 -1 27 -26 -5 -7 -11 -30
right_child=1 2 16 8 7 24 10 -9 21 28 11 12 22 -15 -16 -17 -18 19 -20 -21 -22 -23 -24 -25 25 -27 -28 -29 29 -31
leaf_value=0.040086718407178965 0.084742917635045378 -0.023762719619800751 -0.040023866189521431 -0.024514408918250324 0.042480208971074872 -0.0035788989969904512 0.00039050956608129277 0.038872187049129737 -0.04367177546931178 -0.0093438684463958612 0.16018616298568938 -0.0084920102090603345 0.10744650441126341 -0.013233709690886081 0.015540196164143759 -0.02014674715234329 -0.0034586462577444231 -0.017616421890244562 0.025575632889230693 0.041127528923880372 -0.02835518563906228 0.059108502176015744 0.019897198667621019 0.025171920794847993 0.0089453531844832478 -0.031328084807982243 0.086483710868716132 0.022651687732257744 0.0016981725997295674 0.16265285587708722
leaf_weight=238.95737717300653 1.7818459793925274 102.67532810941339 80.236607380211353 82.398556392639875 8.8246936649084073 39.4758435562253 295.01488108932972 51.306218810379505 261.29884241893888 137.56843792647123 3.076326847076416 101.22712481766939 3.2364091277122524 238.08732171356678 345.35227318108082 37.856973677873611 21.421203576028347 14.963856425136326 5.1148979589343053 23.919489670544863 114.17816320806742 2.1204674914479247 27.785478569567204 170.31248494237661 54.853351600468159 23.528393063694239 1.7611015290021885 141.60956912487745 6.0747195407748222 2.0641067922115308
leaf_count=985 20 1081 1253 1116 45 329 2157 222 4280 1472 19 813 23 2192 1536 223 272 105 36 156 1495 17 190 698 361 170 22 873 69 24
internal_value=-0.000339741 -0.0121737 -0.00387355 -0.0281981 0.024442 -0.00118253 -0.00501865 0.0157292 -0.0378438 -0.0153856 -0.00231724 0.00772187 0.000309811 -0.00569417 0.0127005 -0.00830776 -0.0323189 0.028545 0.0761305 0.0185205 -0.0266173 -0.0428444 0.0290309 0.0338801 0.0108684 -0.0031438 -0.0221917 0.0169335 -0.00644699 0.0425183
internal_weight=2638.08 1785.47 1176.23 609.246 852.61 1074.57 815.101 443.34 347.579 261.667 712.426 179.324 132.249 533.102 392.034 46.6817 101.658 47.0746 8.19122 38.8833 115.96 263.419 31.0219 409.27 259.467 78.3817 84.1597 181.085 145.707 8.13883
internal_count=22254 18545 10030 8515 3709 8505 6772 2026 5435 3080 5691 1342 1026 4349 1804 268 1525 316 55 261 1515 4297 213 1683 1733 531 1138 1202 1565 93
is_linear=0
shrinkage=0.05


Tree=25
num_leaves=31
num_cat=0
split_feature=1 13 28 1 2 13 13 10 20 26 22 3 24 20 28 3 13 27 5 20 14 15 9 13 11 24 0 11 23 13
split_gain=280.597 89.1329 34.1122 27.6227 26.4245 18.8241 12.4553 12.3783 11.8259 11.9383 15.0881 9.68946 9.42849 11.858 10.8034 11.3541 9.72185 9.13801 9.12904 8.89643 9.35908 8.85293 9.33852 8.68756 8.52975 8.49607 8.47908 9.47527 8.46535 8.40051
threshold=1.5000000000000002 -0.12999999999999942 5.5000000000000009 4.5000000000000009 3.5000000000000004 0.88000000000000045 -0.11166666666666679 0.65110000000000012 -1.585 -0.12499999999999999 -1.4899999999999998 22.500000000000004 0.050000000000001162 -0.045000000000000366 3.5000000000000004 58.500000000000007 0.72166666666666723 -0.16500000000000001 1.0000000180025095e-35 -1.0000000180025095e-35 -0.019525000000000011 0.011666666666666674 7.7550000000000008 1.2491666666666674 0.52645000000000008 -0.032500000000000188 16.500000000000004 0.44915000000000005 6.6050000000000013 1.6900000000000002
decision_type=2 2 2 2 2 2 2 2 2 2 2 2 2 2 2 2 2 2 2 2 2 2 2 2 2 2 2 2 2 2
left_child=4 3 5 8 6 12 26 21 28 10 -10 -8 13 -3 19 -16 24 -5 -9 20 -15 -7 -23 -4 -14 -11 -1 -28 -2 -6
right_child=1 2 23 17 29 7 11 18 9 25 -12 -13 16 14 15 -17 -18 -19 -20 -21 -22 22 -24 -25 -26 -27 27 -29 -30 -31
leaf_value=0.00064401095396084921 0.051977167842310906 -0.020071841493621626 -0.039195546173593554 0.045626621005647572 0.031937156192827269 -0.0034534902532371704 0.079523022039849303 0.063557612740260991 0.12870325853623518 -0.032451931561635644 -0.0018418052821674983 0.021459367307819461 0.011800680602463429 -0.0067368229825752711 -0.016050239911470771 0.076555071441317513 -0.032473844777042335 -0.043670087142980395 0.0034080404760645461 0.001675753988403075 0.11299395788456607 0.011814313366235743 -0.064711535498446215 -0.0032953499176942452 0.086265704539124285 -0.011033282807636617 0.015231523869716355 0.073597503849361701 -0.03601163092726764 0.055815422192579414
leaf_weight=146.25589869171381 2.8074162900447837 177.63448009267449 79.840236037969589 2.9057507812976828 245.69435046613216 206.57568074017763 7.3377470374107352 15.761730536818504 3.2094405218958855 60.739605337381363 7.1316966935992223 345.30482997745275 63.205991193652153 2.9018073230981827 151.53802011907101 3.3838533237576476 12.027127884328364 204.15428910031915 10.517357982695103 186.31988868862391 3.7303143292665473 243.74864203482866 4.0528763160109511 21.360162824392319 4.0948083996772757 194.74593573063612 56.549802750349045 7.9285774230957022 103.92056906968355 43.328908011317253
leaf_count=748 35 1929 1292 30 1008 1468 30 81 27 781 62 1437 481 24 1551 35 82 3674 56 1409 29 1469 24 272 31 2113 263 34 1590 189
internal_value=-0.00033427 -0.0117042 -0.0038544 -0.0277756 0.0232259 -0.00126599 0.0169205 0.00612011 -0.0196382 -0.0139936 0.0386737 0.0226675 -0.00713564 -0.00956111 -0.00419402 -0.0140275 0.00893189 -0.042417 0.0394847 0.00370134 0.0606072 0.00419046 0.0105627 -0.0316182 0.0163314 -0.0161254 0.00730329 0.0224085 -0.0336971 0.0355169
internal_weight=2618.71 1766.31 1186.69 579.615 852.4 1085.49 563.377 480.656 372.555 265.827 10.3411 352.643 604.836 525.508 347.874 154.922 79.3279 207.06 26.2791 192.952 6.63212 454.377 247.802 101.2 67.3008 255.486 210.734 64.4784 106.728 289.023
internal_count=22254 18545 10233 8312 3709 8669 2512 3098 4608 2983 89 1467 5571 4977 3048 1586 594 3704 137 1462 53 2961 1493 1564 512 2894 1045 297 1625 1197
is_linear=0
shrinkage=0.05


Tree=26
num_leaves=31
num_cat=0
split_feature=1 13 28 1 8 20 28 24 24 24 27 8 14 27 12 30 0 14 10 3 15 4 6 5 24 8 27 7 13 9
split_gain=254.496 83.5745 31.8202 27.0854 24.7456 17.5704 13.784 15.674 12.7625 11.4582 12.6596 12.0031 10.8886 10.8736 10.445 9.9425 9.75961 9.49485 9.4765 9.42109 9.04063 11.3362 15.3356 10.1961 9.1603 8.86795 8.5606 8.49568 8.37732 8.20779
threshold=1.5000000000000002 -0.12999999999999942 5.5000000000000009 4.5000000000000009 0.41585000000000005 1.115 3.5000000000000004 -0.026666666666665947 0.050000000000001162 -0.009999999999999341 -0.07499999999999972 0.13365000000000002 0.081191666666666676 0.050000000000000273 0.19600000000000004 -1.0000000180025095e-35 7.5000000000000009 1.0000000180025095e-35 0.24035000000000004 27.500000000000004 0.011666666666666674 52.500000000000007 0.14500000000000005 1.0000000180025095e-35 0.031666666666667627 0.37974999999999998 -0.16500000000000001 7.0550000000000006 1.2491666666666674 5.7550000000000008
decision_type=2 2 2 2 2 2 2 2 2 2 2 2 2 2 2 2 2 2 2 2 2 2 2 2 2 2 2 2 2 2
left_child=4 3 5 9 12 8 27 -8 -3 10 -2 -11 13 18 -15 -13 29 20 -1 -20 -9 -22 24 -24 -23 -19 -5 -7 -4 -6
right_child=1 2 28 26 16 6 7 17 -10 11 -12 15 -14 14 -16 -17 -18 25 19 -21 21 22 23 -25 -26 -27 -28 -29 -30 -31
leaf_value=0.0035793066546299865 0.097021258316214609 -0.0098159643787695764 -0.038558997851468393 0.041874399146087357 -0.019496664721798247 0.00944238313317948 -0.027195300413387344 -0.024521926727377186 0.01099009617417396 -0.043037853885966926 -0.030574015907756838 0.10983527579673132 0.031134618661178878 0.050413367574060411 -0.014011522367899921 -0.0078001114462968521 0.036782702395715204 -0.020188473549641262 0.05221176343217198 0.017697453086292142 -0.020105732204555474 0.025626882690187477 0.042393506171237418 0.15799865135355634 -0.063756296771477289 0.022707049993690411 -0.043158685922405966 0.032599686968384146 -0.0031393367275567713 0.023906902815256412
leaf_weight=118.40192641317844 1.9681464880704869 519.75084371119738 77.168574769049883 3.0051213055849066 12.800720825791357 206.10488024353981 51.899603061378002 41.296291336417198 85.883753720670938 25.866307135671377 158.33249223232269 1.8144787810742844 85.022946752607822 7.043886959552764 58.884300224483013 178.51276413351297 270.72871391475201 14.419500160962341 21.893956050276756 203.96571610122919 18.930761769413948 10.898677811026575 4.8202484399080268 3.1561508327722549 3.8893187791109076 73.280953038483858 196.44090873003006 49.027490071952343 21.302128620445728 73.055207572877407
leaf_count=568 23 4866 1292 30 53 1230 444 365 613 355 2230 21 365 33 282 1979 1126 134 93 887 132 77 36 21 26 476 3674 249 272 302
internal_value=-0.000328189 -0.0112498 -0.00368368 -0.0270498 0.0220814 -0.00121018 0.00595936 -0.00313343 -0.0068655 -0.0189806 -0.0290074 -0.0111854 0.0148498 0.0114743 -0.00712825 -0.00661645 0.0321245 0.00418269 0.0150368 0.0210431 -0.00793981 0.00848368 0.0322585 0.0881369 0.00211865 0.0156543 -0.0418775 0.0138924 -0.0308967 0.0174356
internal_weight=2599.57 1747.77 1181.83 565.94 851.797 1083.36 477.724 222.592 605.635 366.494 160.301 206.194 495.213 410.19 65.9282 180.327 356.585 170.692 344.262 225.86 82.9914 41.6952 22.7644 7.9764 14.788 87.7005 199.446 255.132 98.4707 85.8559
internal_count=22254 18545 10233 8312 3709 8669 3190 1711 5479 4608 2253 2355 2228 1863 315 2000 1481 1267 1548 980 657 292 160 57 103 610 3704 1479 1564 355
is_linear=0
shrinkage=0.05


Tree=27
num_leaves=31
num_cat=0
split_feature=28 13 28 1 13 20 15 18 0 0 27 27 11 23 14 26 9 3 24 0 24 22 11 17 21 14 20 25 15 15
split_gain=230.886 78.0466 29.2275 28.1662 23.225 15.5277 12.0679 11.791 11.4151 12.2233 10.8787 10.7765 10.1121 10.6749 9.99404 9.60417 9.2855 9.25317 15.8662 9.07381 8.88689 8.70078 8.47009 8.41318 9.96195 8.86748 8.26574 8.24455 8.20502 10.8775
threshold=1.5000000000000002 -0.101666666666667 5.5000000000000009 3.5000000000000004 0.79916666666666647 -0.28999999999999976 0.009166666666666658 2.5000000000000004 16.500000000000004 22.500000000000004 -0.13000000000000031 -0.024999999999999908 0.29280000000000006 6.6050000000000013 0.13174166666666676 1.0000000180025095e-35 7.2750000000000012 58.500000000000007 -0.009999999999999341 4.5000000000000009 0.1166666666666676 -1.8799999999999994 0.26505000000000006 3.5000000000000004 -0.0099999999999999863 -0.20893333333333339 -1.1599999999999997 1.5000000000000002 0.016666666666666673 0.025000000000000019
decision_type=2 2 2 2 2 2 2 2 2 2 2 2 2 2 2 2 2 2 2 2 2 2 2 2 2 2 2 2 2 2
left_child=4 3 5 10 7 17 22 14 -8 23 -2 26 -12 -14 16 -11 19 27 -19 -1 -13 -9 -7 24 -10 -25 -5 -3 -28 -30
right_child=1 2 -4 11 -6 6 8 21 9 15 12 20 13 -15 -16 -17 -18 18 -20 -21 -22 -23 -24 25 -26 -27 28 -29 29 -31
leaf_value=-0.0099591018246307384 0.041826928943885115 0.0065826449771494494 -0.030162878622716549 -0.03893600221400681 0.03220024902514855 -0.015607610944776791 0.012581846605576881 -0.012453968816848269 0.0091035974999212274 0.042113492403649283 -0.02971567212771278 -0.04217910012355295 0.081371732869732288 -0.010060934907594007 0.057574999611726345 -0.017843865006994697 0.05284269113263497 -0.034068734081298999 0.15443792731987904 0.021533636815547982 0.06162128468157 0.011990347807694691 -8.5388655147486218e-05 0.037948725060303029 -0.041703456553588689 -0.041147390534749279 -0.013103609643283123 -0.022469390254007782 0.12924682896630055 -0.029017581718041766
leaf_weight=26.751557633280754 8.5658640116453153 30.006587501615286 93.681635435670614 33.340565912425518 297.15951228141785 118.5020628683269 313.81593642383814 41.568768560886383 43.830760084092617 20.214743632823232 82.714347373694181 235.36515690758824 3.2580369785428038 158.13588764518499 19.92009362578392 9.9747671261429769 19.990402817726135 2.340557225048542 2.133949138224124 157.72642579674721 2.0802406445145598 292.96264812350273 340.17218983545899 3.9658265858888617 12.37108428403735 33.273127634078264 41.57489874958992 131.17796505987644 2.4368158914148799 1.9580623731017111
leaf_count=118 83 260 1525 535 1242 1023 2119 236 297 119 1040 4278 33 1945 82 69 82 27 22 670 17 1282 2737 27 93 254 543 1437 31 28
internal_value=-0.000321953 -0.0108574 -0.00339105 -0.0260078 0.0209056 -0.00102895 0.0015708 0.0149007 0.00751225 -0.00535612 -0.013557 -0.0359397 -0.0155005 -0.0082152 0.0237679 0.0223033 0.0204743 -0.0150921 0.0558325 0.0169668 -0.0412697 0.0089529 -0.00409568 -0.0142925 -0.00207999 -0.0327239 -0.0199822 -0.017061 -0.00623559 0.0587348
internal_weight=2580.97 1724.89 1155.46 569.43 856.079 1061.78 896.12 558.92 437.446 123.63 252.674 316.756 244.108 161.394 224.388 30.1895 204.468 165.659 4.47451 184.478 237.445 334.531 458.674 93.4408 56.2018 37.239 79.3103 161.185 45.9698 4.39488
internal_count=22254 18542 10009 8533 3712 8484 6738 2470 2978 859 3101 5432 3018 1978 952 188 870 1746 49 788 4295 1518 3760 671 390 281 1137 1697 602 59
is_linear=0
shrinkage=0.05


Tree=28
num_leaves=31
num_cat=0
split_feature=1 20 28 1 2 9 10 26 24 5 7 20 15 14 24 24 21 13 28 15 27 13 27 28 24 0 25 23 12 10
split_gain=209.661 73.43 38.0485 23.4809 22.1312 17.0581 14.9809 14.6462 15.0452 23.8751 21.9746 11.5484 10.9039 11.0672 10.3982 10.1883 10.1656 9.9415 9.62273 11.7911 9.82844 9.50871 8.77603 12.8415 13.9396 9.28004 13.6003 8.74422 8.74112 8.206
threshold=1.5000000000000002 -0.25499999999999984 4.5000000000000009 4.5000000000000009 3.5000000000000004 6.6650000000000009 0.36870000000000008 0.020000000000000021 -0.018333333333333975 1.0000000180025095e-35 5.455000000000001 1.9850000000000001 0.031666666666666669 -0.015666666666666686 -0.038333333333333545 0.14583333333333307 -0.0099999999999999863 0.72166666666666723 2.5000000000000004 0.044166666666666667 0.010000000000000233 1.6900000000000002 -0.015000000000000123 3.5000000000000004 -0.11666666666666668 2.5000000000000004 2.5000000000000004 6.6050000000000013 0.4093 0.39945000000000003
decision_type=2 2 2 2 2 2 2 2 2 2 2 2 2 2 2 2 2 2 2 2 2 2 2 2 2 2 2 2 2 2
left_child=4 3 11 6 17 21 15 8 9 10 -8 22 13 -10 -7 -2 -15 -1 20 -20 29 -4 -3 24 -24 26 -25 -5 -23 -13
right_child=1 2 5 27 -6 14 7 -9 12 -11 -12 18 -14 16 -16 -17 -18 -19 19 -21 -22 28 23 25 -26 -27 -28 -29 -30 -31
leaf_value=0.010242149139037732 -0.024379088807643692 0.0057592840475924889 -0.028480919161174231 0.035739951556058469 0.031354890578127854 -0.040623214381072699 0.0072993575661277474 -0.022870287767618843 -0.027571305918101249 -0.054929248656771873 0.24025240729435293 0.0075164718791000855 0.12175532196639625 -0.015746521859124365 0.0099509049238787339 0.087498712908248857 0.040327430336208669 0.025201824059687739 0.0026185253682512264 0.08566499356496679 -0.002430538823059583 -0.0047292212610534311 0.10142577862008589 0.13235972612392793 -0.00085268935115770459 -0.025192178505784438 -0.0065173240982414537 -0.04106112466572559 0.09538058493360542 0.056004766815601605
leaf_weight=413.44324493408203 306.61302065104246 304.08653956651688 198.91044359654188 3.7849868685007086 284.69638648629189 12.065385293215511 1.6183091662824143 48.726658917963505 20.650586873292923 2.0278694778680801 2.7035445123910904 12.03890663012862 1.9463298246264447 13.122202817350624 64.475206889212132 2.0485465303063384 21.045811548829079 151.84548088163137 114.75962557643652 4.439504235982894 16.698317684233189 13.227857559919356 3.3809685036540023 2.2943405583500844 227.08897953853011 95.55452536046505 7.6108231917023659 178.0003171004355 2.610865391790866 31.70513328909874
leaf_count=1886 3977 2176 2902 50 1197 131 22 572 211 26 31 63 18 123 654 17 209 626 693 22 98 121 26 16 1835 925 69 3388 24 146
internal_value=-0.000315822 -0.0103882 -0.00276649 -0.0244468 0.0199862 -0.0182884 -0.0179557 -0.0022776 0.0136207 0.0866111 0.153024 0.00274969 0.00545595 0.00132675 0.00197871 -0.0236366 0.0187923 0.0142606 0.013952 0.00571154 0.030203 -0.025512 -0.000394598 -0.00596515 0.000647724 -0.0204168 0.0256509 -0.039462 0.0117729 0.0426602
internal_weight=2563.22 1713.24 1110.95 602.288 849.985 291.29 420.503 111.841 63.1147 6.34972 4.32185 819.658 56.7649 54.8186 76.5406 308.662 34.168 565.289 179.641 119.199 60.4424 214.749 640.016 335.93 230.47 105.46 9.90516 181.785 15.8387 43.744
internal_count=22254 18545 9901 8644 3709 3832 5206 1212 640 79 53 6069 561 543 785 3994 332 2512 1022 715 307 3047 5047 2871 1861 1010 85 3438 145 209
is_linear=0
shrinkage=0.05


Tree=29
num_leaves=31
num_cat=0
split_feature=1 13 28 1 16 9 20 26 28 20 3 26 17 26 22 14 24 24 6 3 0 13 27 9 14 15 12 6 24 25
split_gain=190.187 69.4604 26.4874 25.7042 20.5249 14.8738 11.2609 11.0615 11.9981 12.0064 12.4196 11.0984 11.0416 10.0815 12.2198 8.90959 8.74206 8.42707 8.39091 8.44742 8.41361 8.16776 8.12766 8.05174 9.87324 10.7852 7.92929 13.564 7.88517 15.3051
threshold=1.5000000000000002 -0.12999999999999942 5.5000000000000009 4.5000000000000009 2.5000000000000004 5.0950000000000006 -1.585 0.029999999999999808 3.5000000000000004 1.9850000000000001 58.500000000000007 -0.22999999999999995 5.5000000000000009 -0.12499999999999999 -1.4899999999999998 -0.044574999999999997 0.041666666666666526 0.028333333333333769 0.16500000000000004 57.500000000000007 11.500000000000002 1.2083333333333337 -0.16500000000000001 6.1450000000000005 -0.06781666666666665 0.020833333333333332 0.39184999999999998 0.13500000000000004 0.033333333333332778 1.5000000000000002
decision_type=2 2 2 2 2 2 2 2 2 2 2 2 2 2 2 2 2 2 2 2 2 2 2 2 2 2 2 2 2 2
left_child=4 3 5 6 17 26 -2 8 9 10 15 -10 -6 14 -8 23 -9 -1 19 20 -13 -4 -5 24 25 -7 -3 -28 -23 -30
right_child=1 2 21 22 12 7 13 16 11 -11 -12 18 -14 -15 -16 -17 -18 -19 -20 -21 -22 28 -24 -25 -26 -27 27 -29 29 -31
leaf_value=0.021002869109763261 -0.031503959296233099 -0.016272972042348594 -0.037358361151659018 0.040819405420858226 0.014737116095687378 0.0063515345720940135 0.11302887897746382 -0.0080943512924581146 0.1092312946653648 0.02924497810821123 0.094135268292957278 0.01097794396157287 -0.008366297326515176 -0.013603601988933831 -0.0014148202429559735 0.011360038931326885 0.053614011645897214 0.035681110034125892 -0.020513303008536415 0.089000775254043249 -0.0095785571677669545 -0.022096127551433576 -0.041741127426818132 -0.02792716526971846 -0.041207352033754301 0.089172644106559992 0.10337415426886359 -0.000987343129858529 -0.0030760175774104722 0.16765370407840946
leaf_weight=230.06465689092875 97.757489893585443 196.60756605118513 69.61781058087945 3.0320994630455962 389.38401289284229 19.580964230000976 3.4798304513096809 240.16573087498546 2.2229632362723342 80.077560342848301 4.0139175206422797 97.695248305797577 59.635665409266949 241.89730706810951 7.0742987841367704 173.52934179827571 5.8799073100090018 170.06788864731789 53.837223209440708 2.7335775755345812 101.48252417892218 15.422608170658352 176.84847373887897 32.524574927985668 7.9310510978102675 4.9181400015950194 3.3272121325135222 48.472441829741001 4.8642953224480143 1.7978465296328066
leaf_count=961 1625 1881 1267 30 1737 151 27 2015 12 410 27 763 289 2894 62 1211 37 722 501 26 830 208 3674 233 62 32 25 453 66 23
internal_value=-0.000310964 -0.00997847 -0.0031595 -0.0249867 0.0190068 -0.000959128 -0.0170958 0.00226501 0.00603048 0.0124585 0.0069153 -0.00200733 0.0116687 -0.0115165 0.0363187 0.00544731 -0.00661967 0.0272415 -0.00297422 0.00170237 0.000504257 -0.0289538 -0.0403495 -0.0103488 0.00728073 0.0229777 -0.0116877 0.00571604 -0.00245993 0.0429971
internal_weight=2545.94 1696.79 1166.7 530.089 849.152 1075 350.209 826.593 580.547 322.576 242.498 257.972 449.02 252.451 10.5541 238.484 246.046 400.133 255.749 201.911 199.178 91.7026 179.881 64.9547 32.4302 24.4991 248.407 51.7997 22.0848 6.66214
internal_count=22254 18545 10233 8312 3709 8669 4608 6310 4258 2126 1716 2132 2026 2983 89 1689 2052 1683 2120 1619 1593 1564 3704 478 245 183 2359 478 297 89
is_linear=0
shrinkage=0.05


Tree=30
num_leaves=31
num_cat=0
split_feature=1 20 28 1 2 10 10 26 0 22 13 3 24 24 16 24 1 20 7 9 0 3 11 23 26 24 24 8 4 26
split_gain=172.495 65.1225 32.7273 22.1313 19.763 16.1712 13.6091 13.0793 12.56 10.0689 10.0283 11.7041 10.0202 9.37082 10.407 9.18531 9.02008 13.3036 11.292 12.8162 11.2257 10.9255 10.7054 10.3266 9.40571 11.9085 11.2841 8.9651 8.96133 8.93495
threshold=1.5000000000000002 -0.25499999999999984 4.5000000000000009 4.5000000000000009 3.5000000000000004 0.29430000000000006 0.36870000000000008 0.020000000000000021 2.5000000000000004 2.8150000000000008 0.96833333333333338 58.500000000000007 0.018333333333333094 -0.0033333333333334099 3.5000000000000004 0.043333333333334341 2.5000000000000004 2.1050000000000009 5.5550000000000006 5.4250000000000007 16.500000000000004 29.500000000000004 0.50195000000000012 6.6150000000000011 -0.034999999999999691 0.018333333333333094 -0.0083333333333341902 0.41585000000000005 52.500000000000007 -0.010000000000000229
decision_type=2 2 2 2 2 2 2 2 2 2 2 2 2 2 2 2 2 2 2 2 2 2 2 2 2 2 2 2 2 2
left_child=4 3 9 6 13 -4 -2 8 12 16 11 -7 -8 -1 -15 -11 17 18 19 22 21 23 28 -18 -21 26 -26 -10 -3 -19
right_child=1 2 5 -5 -6 10 7 -9 27 15 -12 -13 -14 14 -16 -17 20 29 -20 24 -22 -23 -24 -25 25 -27 -28 -29 -30 -31
leaf_value=0.0034759186822524227 -0.022410659816417003 -0.019851216272102554 -0.037444133158908037 -0.038312796332012039 0.028899076794740977 -0.021416276598383823 0.16148445316167814 -0.021789639710563594 0.020139863371157224 0.01107762580431414 0.0023128504245836928 0.12455024776761021 0.034592767929195925 0.024626724372974598 0.0080107491389818028 0.053355518548130899 0.09418869106469413 0.054560121145745037 -0.0044147909451671746 0.11334273851149324 -0.014654467955880688 -0.0024026020857590086 0.11217199346515511 0.015233170267548357 0.017802094451356883 -0.047089819678597163 0.14524507289471905 -0.021205221838739404 0.024252021576956963 0.0068200735685044894
leaf_weight=185.4204043969512 298.54490358754992 22.550749950110912 72.626827076077461 169.99004657939076 281.7561491727829 116.93035725876689 2.2947966977953902 47.409211095422506 35.839581154286861 70.000045519322157 91.913858935236931 1.389642760157584 4.8310794569551945 210.29462291300297 170.75146263837814 15.735028326511381 4.4719031900167456 23.608529135584831 143.79849237203598 5.396840624511241 149.19974693655968 274.77147221192718 2.3458199575543395 56.010180313140154 4.430194988846778 3.2691659554839134 2.8570150732994071 20.674945808947086 23.541972815990448 16.757774956524372
leaf_count=850 3994 189 1196 3438 1197 1716 25 572 377 434 901 19 42 871 791 76 23 109 979 36 1218 2170 20 436 37 23 19 196 209 91
internal_value=-0.000304929 -0.00957953 -0.0024416 -0.0231465 0.0180775 -0.0171038 -0.0168521 -0.00190859 0.0129019 0.00262392 -0.0100771 -0.0197019 0.0754566 0.0126949 0.0171809 0.0188369 0.000727599 0.00847104 0.00337748 0.020779 -0.0032453 0.00183219 0.00797745 0.021071 0.0596483 0.0321976 0.0677672 0.00501442 0.00267462 0.0347412
internal_weight=2529.41 1681.19 1101.61 579.585 848.223 282.861 409.595 111.05 63.6404 818.745 210.234 118.32 7.12588 566.466 381.046 85.7351 733.01 248.557 208.19 64.3918 484.453 335.254 48.4385 60.4821 15.9532 10.5564 7.28721 56.5145 46.0927 40.3663
internal_count=22254 18545 9901 8644 3709 3832 5206 1212 640 6069 2636 1735 67 2512 1662 510 5559 1712 1512 533 3847 2629 418 459 115 79 56 573 398 200
is_linear=0
shrinkage=0.05


Tree=31
num_leaves=31
num_cat=0
split_feature=1 20 28 9 7 1 24 26 15 8 24 22 0 3 22 0 13 24 13 3 15 0 0 10 11 23 12 3 11 4
split_gain=156.485 62.2411 40.089 19.6136 18.441 12.8034 12.5993 12.3443 13.809 11.9133 10.4083 10.1986 10.0876 9.56365 9.35528 10.8564 9.18582 8.69399 8.67855 8.63322 8.58147 10.328 11.6007 8.51735 8.38504 8.31697 8.26208 8.22315 8.13909 7.94478
threshold=1.5000000000000002 -1.1949999999999996 5.5000000000000009 5.0950000000000006 6.2950000000000008 3.5000000000000004 0.10666666666666692 0.024999999999999915 0.014999999999999994 0.55715000000000015 -0.0033333333333342981 -1.9099999999999993 3.5000000000000004 52.500000000000007 -0.030000000000000023 1.5000000000000002 1.2083333333333337 0.041666666666666526 0.55333333333333423 60.500000000000007 0.020833333333333332 16.500000000000004 5.5000000000000009 0.70185000000000008 0.33955000000000007 7.1150000000000011 0.34515000000000001 23.500000000000004 0.28535000000000005 48.500000000000007
decision_type=2 2 2 2 2 2 2 2 2 2 2 2 2 2 2 2 2 2 2 2 2 2 2 2 2 2 2 2 2 2
left_child=4 5 3 6 10 20 25 8 19 -10 24 29 14 -14 -6 -16 -4 18 -9 -5 28 22 -22 -20 -1 -3 -19 -13 -2 -12
right_child=1 2 16 7 12 -7 -8 17 9 -11 11 27 13 -15 15 -17 -18 26 23 -21 21 -23 -24 -25 -26 -27 -28 -29 -30 -31
leaf_value=-0.0066804200969027856 -0.044544155946089549 -0.013559678742413062 -0.037798093683614149 -0.00065975459979674962 0.058340707728788403 -0.041754318515655663 0.070100305464429441 -0.019257412176943565 0.019895632947096686 -0.01487684064854787 0.05181158021935664 0.05111613544573488 0.033838319735207366 -0.01033579310464966 0.026426532770794983 -0.035905210578470723 -0.0023050608769333114 -0.0060449826755160233 -0.0029454134602314667 0.086301022714667275 -0.024838385306046224 -0.038415125841044409 0.14385875389071595 0.070197300628769138 0.014664402774945254 0.075062304459728307 0.10173956116928849 0.017333701078618022 -0.014660149680511297 -0.022229537899139885
leaf_weight=107.66564403474331 31.601410049945116 370.05979605391622 105.98557640984654 389.09140806272626 6.1988187134265891 141.56820182874799 4.6261053904891005 110.22808200865984 196.25564066693187 28.167320840060711 4.2346867024898556 19.036959275603294 227.80078858137131 12.949085205793379 12.147884234786035 16.438794106245041 22.016100283712149 3.5725211128592482 160.79094372689724 2.8751681968569747 1.6142484582960595 3.0302345938980579 2.7640014290809631 4.0812001749873152 80.34711055457592 2.6664906106889239 3.539379645138979 335.03311675041914 81.662810686975718 25.084983721375465
leaf_count=494 482 4139 2142 3295 25 2843 36 1286 1305 152 24 80 983 54 51 68 297 25 1178 25 19 40 36 25 365 31 23 1426 1166 139
internal_value=-0.000298886 -0.00919421 -0.00501764 -0.00234158 0.017201 -0.0315542 -0.0119078 0.0016756 0.00564094 0.0155313 0.0120777 0.0168034 0.0278258 0.0314624 0.00265719 -0.00941739 -0.0316933 -0.00698522 -0.00839626 -2.18766e-05 -0.0195879 0.032547 0.0816606 -0.00113486 0.00244127 -0.0129257 0.0475962 0.0191501 -0.022998 -0.0115357
internal_weight=2513.13 1666.2 1403.96 1275.95 846.938 262.241 377.352 898.602 616.39 224.423 571.403 383.39 275.535 240.75 34.7855 28.5867 128.002 282.212 275.1 391.967 120.673 7.40848 4.37825 164.872 188.013 372.726 7.1119 354.07 113.264 29.3197
internal_count=22254 18545 13959 11520 3709 4586 4206 7314 4777 1457 2528 1669 1181 1037 144 119 2439 2537 2489 3320 1743 95 55 1203 859 4170 48 1506 1648 163
is_linear=0
shrinkage=0.05


Tree=32
num_leaves=31
num_cat=0
split_feature=28 13 28 24 28 13 20 13 0 28 27 24 25 18 14 14 20 27 0 13 24 13 0 24 25 17 20 4 12 20
split_gain=141.975 58.738 28.9465 20.077 17.7149 17.6941 16.7924 12.2553 13.8288 10.5661 13.2828 11.1921 10.0823 9.67508 9.50529 9.03824 8.58503 9.30645 8.16119 8.15427 8.14191 7.98963 7.85661 8.98474 14.206 7.79681 7.26601 7.07232 11.8654 7.02071
threshold=1.5000000000000002 -0.46916666666666712 5.5000000000000009 0.11333333333333374 3.5000000000000004 0.79916666666666647 -0.25499999999999984 -0.45916666666666645 8.5000000000000018 3.5000000000000004 -0.18999999999999992 -0.11666666666666668 5.5000000000000009 2.5000000000000004 -0.021108333333333337 0.13174166666666676 1.9850000000000001 0.010000000000000233 23.500000000000004 1.2083333333333337 -0.010000000000000229 0.96833333333333338 3.5000000000000004 0.033333333333332778 1.5000000000000002 1.5000000000000002 1.615 45.500000000000007 0.34175000000000005 -0.16999999999999968
decision_type=2 2 2 2 2 2 2 2 2 2 2 2 2 2 2 2 2 2 2 2 2 2 2 2 2 2 2 2 2 2
left_child=5 3 6 4 14 13 7 8 -3 11 -11 -8 21 15 -2 20 -13 -18 -15 -4 -1 29 -21 -24 26 -19 -25 28 -16 -12
right_child=1 2 19 -5 -6 -7 9 -9 -10 10 12 16 -14 18 27 -17 17 25 -20 22 -22 -23 23 24 -26 -27 -28 -29 -30 -31
leaf_value=3.4389865955390225e-05 -0.031584964168682582 0.18248229902463659 -0.036470882650899136 0.053389006274826935 -0.038970836484386297 0.026362953858762583 0.081424392218977473 -0.014640811787189928 -0.022677565453660162 0.083588892128871661 0.034160732481181171 0.0018545645655931938 -0.026492160668855763 0.006976236747054357 0.12684178166196083 0.051534314127801274 0.026233707015650615 0.041165800441136047 -0.044673943724460763 0.090565021958381772 0.022270406107057463 0.0055265651126994797 -0.035571835093987862 0.079071047843956674 0.14885064503676099 -0.019049925789125621 -0.054469989873697527 -0.0083626764681027903 -0.054123042185876935 -0.01132750535565288
leaf_weight=57.105358973145485 56.881897792220116 1.6860524043440812 82.476628087460995 7.5459370799362651 192.68686001002789 288.70971782505512 4.8618171438574782 246.25277036055923 1.6016039773821829 4.2172401323914519 8.8709955587983114 411.55534095317125 50.697102140635252 329.24899314343929 2.4721854478120799 19.687992751598358 82.124417901039124 6.8924211114645031 7.8299120366573325 2.0679378584027317 147.5003946274519 163.3698683604598 13.274897892028095 1.4996283203363407 1.9557444900274275 24.42931355535984 3.1755992397665977 81.984062161296606 1.4296097978949545 193.68124175071716
leaf_count=248 815 24 1685 64 3928 1242 34 3004 26 27 106 3033 532 1483 31 82 414 38 35 28 622 1114 183 21 22 152 43 1124 21 2073
internal_value=-0.000291997 -0.00885431 -0.00401387 -0.0272662 -0.0290805 0.0163041 -0.00181684 -0.0133605 0.0825373 0.00121315 -0.00470152 0.00591079 -0.00559525 0.0111309 -0.015732 0.0191778 0.00521149 0.0173896 0.00577647 -0.0292599 0.0160643 -0.00270006 -0.00219413 -0.0118305 0.0356986 -0.00579931 -0.0116353 -0.00523258 0.0605366 -0.0093353
internal_weight=2497.77 1647.69 1304.69 343.001 335.455 850.082 1200.24 249.54 3.28766 950.7 420.836 529.863 416.619 561.373 142.768 224.294 525.001 113.446 337.079 104.45 204.606 365.922 21.9738 19.9059 6.63097 31.3217 4.67523 85.8859 3.9018 202.552
internal_count=22254 18542 12559 5983 5919 3712 10577 3054 50 7523 3852 3671 3825 2470 1991 952 3637 604 1518 1982 870 3293 297 269 86 190 64 1176 52 2179
is_linear=0
shrinkage=0.05


Tree=33
num_leaves=31
num_cat=0
split_feature=1 20 28 15 2 27 23 28 23 13 0 25 21 23 24 13 13 14 0 21 14 11 20 27 11 12 20 14 14 9
split_gain=128.927 57.0131 36.4625 19.9122 16.6933 14.2953 11.9187 10.1839 9.69254 9.41553 9.33113 9.70248 9.33184 9.20093 13.0544 8.5376 8.34173 11.7583 9.30059 8.23726 8.2127 8.21262 7.55742 7.95497 7.42348 9.31903 9.78336 9.46898 10.5376 8.67243
threshold=1.5000000000000002 -1.585 5.5000000000000009 0.009166666666666658 3.5000000000000004 -0.044999999999999922 6.9250000000000007 3.5000000000000004 6.5650000000000004 0.78666666666666762 16.500000000000004 4.5000000000000009 0.035000000000000003 6.9750000000000005 0.021666666666666948 1.6900000000000002 -0.101666666666667 -0.019525000000000011 6.5000000000000009 -0.014999999999999998 0.027125000000000041 0.44369999999999993 0.47000000000000003 0.015000000000000126 0.29450000000000004 0.28735000000000005 -0.27000000000000018 0.0065333333333333085 0.17704999999999996 5.7750000000000012
decision_type=2 2 2 2 2 2 2 2 2 2 2 2 2 2 2 2 2 2 2 2 2 2 2 2 2 2 2 2 2 2
left_child=4 -2 3 5 10 -3 -5 13 -4 -10 16 19 -13 24 21 20 -1 -18 -19 -12 -6 22 -15 -24 -7 26 -26 29 -29 -28
right_child=1 2 8 6 15 7 -8 -9 9 -11 11 12 -14 14 -16 -17 17 18 -20 -21 -22 -23 23 -25 25 -27 27 28 -30 -31
leaf_value=-0.0028311603316192851 -0.036037288109974343 0.0025573469208801818 0.057777598561788726 0.0074162814903630083 0.014796820647329016 -0.020147414931577727 -0.014451040307687608 -0.019901153224159276 -0.041134694855657364 -0.01098685021596109 0.043320590341947997 -0.016623464132695335 0.05631069572200486 -0.021733657902831174 0.11675657205787289 0.047142619882867338 -0.0016523272937958109 0.003431149697692338 0.030876666952960222 0.017738469044529814 0.033962522926294508 0.10238714637291269 0.094152247165523367 -0.00037007914892744822 -0.015804924063536094 -0.0089668704885062008 0.028351771978293194 0.0022603196086777434 0.093534276897533603 0.14922556814948115
leaf_weight=153.02661985903978 168.22433147579432 232.11634941771626 3.0363442189991465 471.75356708839536 147.3922593742609 99.115002933889627 71.796362690627575 243.20684943720698 91.60534642636776 36.10617708042264 44.311473727226257 27.316730424761772 5.224581539630889 14.852300234138974 3.1318379193544379 39.599845200777054 91.300246760249138 46.880588337779045 90.372746214270592 108.55155450850725 90.042055800557137 2.1535622030496588 3.5840203166007978 5.8742058277130127 13.912115778774021 151.82955395430326 2.8387841880321529 16.435176242142919 3.9155671000480643 3.1092787012457848
leaf_count=761 3382 2029 35 3580 621 999 623 3185 2040 571 185 120 24 181 26 189 385 195 375 467 387 20 29 45 167 1423 25 129 32 24
internal_value=-0.000286246 -0.00846387 -0.00530922 -0.00284938 0.01559 -0.00788648 0.00452787 -0.012185 -0.0305123 -0.0326114 0.0106747 0.0198768 -0.00491372 -0.0063343 0.0202269 0.0256497 0.00620358 0.0122527 0.0215023 0.0251541 0.022065 0.00880332 0.000513145 0.0354474 -0.00903425 -0.00329857 0.018104 0.0360418 0.0198218 0.0915371
internal_weight=2482.62 1638.6 1470.37 1339.62 844.019 796.075 543.55 563.958 130.748 127.712 566.985 185.404 32.5413 320.751 29.5959 277.034 381.58 228.554 137.253 152.863 237.434 26.4641 24.3105 9.45823 291.155 192.04 40.2109 26.2988 20.3507 5.94806
internal_count=22254 18545 15163 12517 3709 8314 4203 6285 2646 2611 2512 796 144 3100 301 1197 1716 955 570 652 1008 275 255 74 2799 1800 377 210 161 49
is_linear=0
shrinkage=0.05


Tree=34
num_leaves=31
num_cat=0
split_feature=1 20 28 18 8 24 15 9 24 0 23 13 10 15 12 21 0 22 26 22 20 24 14 24 9 23 8 22 26 26
split_gain=116.991 53.8506 34.1305 18.804 15.4865 11.3256 12.1365 10.2063 9.49544 9.45264 8.81694 9.19882 8.80029 8.6352 8.51808 8.70599 8.4748 8.39882 10.086 9.62336 8.37427 8.39442 8.30011 8.09344 7.62979 8.20039 7.59687 7.35072 7.10299 9.68655
threshold=1.5000000000000002 -1.585 5.5000000000000009 3.5000000000000004 0.41585000000000005 -0.010000000000000229 -0.014499999999999983 7.4150000000000009 0.056666666666667094 17.500000000000004 6.5650000000000004 0.78666666666666762 0.52645000000000008 0.025500000000000012 0.30455000000000004 0.050000000000000003 7.5000000000000009 -1.4499999999999997 -0.07499999999999972 0.90999999999999959 0.37500000000000006 -0.0066666666666672638 0.10806666666666671 0.064999999999999961 4.1650000000000009 6.6050000000000013 0.42580000000000007 2.4050000000000007 0.020000000000000021 0.010000000000000233
decision_type=2 2 2 2 2 2 2 2 2 2 2 2 2 2 2 2 2 2 2 2 2 2 2 2 2 2 2 2 2 2
left_child=4 24 3 5 22 9 -7 8 -5 28 -4 -12 -8 16 23 17 -6 -16 19 -19 -14 -22 -1 -10 -2 -26 -9 -11 29 -3
right_child=1 2 10 7 13 6 12 26 14 27 11 -13 20 -15 15 -17 -18 18 -20 -21 21 -23 -24 -25 25 -27 -28 -29 -30 -31
leaf_value=0.0068871470302527523 -0.044661503349001791 0.0032346030383521222 0.052528147765943146 -0.015485075640270197 0.005123686843150334 0.0545987358399318 0.0010920604804043413 0.10735892740368198 0.041532771740906846 -0.026936910968288874 -0.040597076513769488 -0.010538770224060265 -0.010949828373390922 0.042933148824233693 0.11741281786073339 -0.058744920876438289 0.024741038278278928 -0.035102820355175778 0.061526706427853031 0.071195236464544773 0.091414183566911555 0.019106145714574793 0.02689692957739967 -0.035623460166564022 0.06689121212103176 -0.02607658029077365 0.012686743711863785 0.011519299167704805 -0.0068876971752396682 0.049636513190953371
leaf_weight=440.97925141453743 93.864229716360569 62.469620417803526 3.1691591180860987 364.90416133031249 73.224001035094261 12.310808375477789 444.88091465458274 2.685242921113967 4.4684243611991432 71.770604055374861 88.262671440839767 35.768073011189699 23.647886373102665 47.072985261678696 2.8219911307096543 2.6730471327900878 221.86365804076195 8.1836742050945812 10.176259387284512 2.87798012420535 4.1800029911100856 100.95712624117732 58.726684607565403 14.199447143822907 2.4595833308994761 66.590203210711479 10.048607010394333 15.02808280661702 163.96458784863353 13.716537009924648
leaf_count=1977 2050 601 35 4275 308 99 3659 23 39 762 2040 571 205 213 22 26 960 66 79 18 28 565 251 113 32 1300 75 118 1614 130
internal_value=-0.000279299 -0.00811231 -0.00507613 -0.00271978 0.0148503 0.00131825 0.00547814 -0.0114339 -0.0128021 -0.00613734 -0.0298246 -0.0319288 0.00442402 0.0230456 0.00876202 0.0268601 0.0198731 0.0363708 0.0256023 -0.00744659 0.0159341 0.0219809 0.00923875 -0.017155 -0.0353809 -0.022765 0.0326507 -0.0202787 -0.00102616 0.0115888
internal_weight=2467.95 1626.08 1463.16 1335.97 841.867 912.926 585.977 423.039 410.305 326.949 127.2 124.031 573.666 342.161 45.4008 26.733 295.088 24.0599 21.2379 11.0617 128.785 105.137 499.706 18.6679 162.914 69.0498 12.7338 86.7987 240.151 76.1862
internal_count=22254 18545 15163 12517 3709 7781 4556 4736 4638 3225 2646 2611 4457 1481 363 211 1268 185 163 84 798 593 2228 152 3382 1332 98 880 2345 731
is_linear=0
shrinkage=0.05


Tree=35
num_leaves=31
num_cat=0
split_feature=28 20 13 24 18 0 26 8 9 14 3 13 4 26 24 27 9 26 10 20 13 20 22 14 14 10 3 28 14 24
split_gain=108.868 45.8571 37.2711 15.5152 14.508 13.4814 12.498 11.6627 11.5579 13.8295 11.3201 10.8156 11.2491 10.5807 12.67 10.0547 11.7606 10.033 12.3991 9.793 13.3056 9.7841 9.7636 9.54133 10.2028 10.8453 9.25926 18.5226 9.23727 9.06594
threshold=3.5000000000000004 -0.25499999999999984 -0.101666666666667 0.09666666666666536 2.5000000000000004 2.5000000000000004 -0.19999999999999971 0.47844999999999999 7.2750000000000012 0.13945833333333335 60.500000000000007 1.4366666666666672 53.500000000000007 -0.034999999999999691 0.0049999999999994502 -0.024999999999999908 7.0450000000000008 0.034999999999999705 0.30080000000000001 0.019999999999999799 0.79916666666666647 1.0950000000000004 -0.039999999999999584 -0.0033250000000000219 0.050183333333333309 0.22124999999999997 53.500000000000007 2.5000000000000004 -0.036833333333333294 -0.096666666666666221
decision_type=2 2 2 2 2 2 2 2 2 2 2 2 2 2 2 2 2 2 2 2 2 2 2 2 2 2 2 2 2 2
left_child=1 23 3 15 8 7 -7 21 9 17 11 22 28 -9 -15 16 -2 -3 -19 20 -6 -4 -8 -1 25 -25 -27 -28 -13 -20
right_child=2 4 5 -5 19 6 10 13 -10 -11 -12 12 -14 14 -16 -17 -18 18 29 -21 -22 -23 -24 24 -26 26 27 -29 -30 -31
leaf_value=-0.022160687858720857 -0.019642258733057451 0.01311149839138763 0.02200917271571122 0.026949983066484787 0.0049577948185753618 0.06739074816452742 0.0026296923977041126 0.0031923011298053347 0.03137197139833435 0.037166908924687339 0.10122106003244964 -0.014471526092257023 -0.024018812915933125 0.051632492701604027 0.18453894251814276 -0.039303469497167537 0.1289998479007641 0.034541689013859463 0.065822207176601227 -0.0041747779922625969 0.026311120482913813 -0.031346572694050806 -0.019689300042486105 -0.018371922883673945 -0.016833669666601499 0.014664393359534686 0.0018945589032670384 0.17457032034761977 0.023789839029584148 -0.022809776091726856
leaf_weight=123.62636261433363 64.178275682032108 520.25320513918996 21.533642090857029 11.107354380190371 370.19935492426157 5.0925128720700732 58.576518539339304 6.4178459458053103 98.1363165974617 54.00898015499115 2.2219722606241694 22.440904855728149 29.422295641154051 6.7738646045327169 2.4387734904885292 187.9989503249526 1.358892798423766 14.179802522063254 3.0546972453594199 196.06395568326116 90.858292870223522 14.296496316790579 299.73669121414423 23.548248019069433 70.891128808259964 44.53431262075901 3.4539823643863192 2.8218138813972473 53.104079902172089 51.988665670156479
leaf_count=1679 1091 2622 260 111 1839 40 662 44 492 271 26 174 222 64 20 4277 18 116 20 1508 406 144 3596 337 884 519 40 35 369 368
internal_value=-0.000273015 0.00695987 -0.015605 -0.0308905 0.0105951 -0.00785643 -0.0105134 0.0164413 0.0153884 0.0129508 -0.0113657 -0.0119057 0.00220921 0.05248 0.0868155 -0.0334245 -0.0165602 0.0107321 -0.00715062 0.00518539 0.00916579 0.000719827 -0.0160406 -0.0119513 -0.00326175 0.00967734 0.0226769 0.0795355 0.0124242 -0.017891
internal_weight=2454.32 1667.62 786.699 264.643 1398.74 522.056 470.595 51.4606 741.622 643.485 465.502 463.28 104.967 15.6305 9.21264 253.536 65.5372 589.476 69.2232 657.122 461.058 35.8301 358.313 268.876 145.249 74.3584 50.8101 6.2758 75.545 55.0434
internal_count=22254 11136 11118 5497 7642 5621 5089 532 3889 3397 5049 5023 765 128 84 5386 1109 3126 504 3753 2245 404 4258 3494 1815 931 594 75 543 388
is_linear=0
shrinkage=0.05


Tree=36
num_leaves=31
num_cat=0
split_feature=28 20 20 27 26 1 13 18 11 9 14 13 27 13 4 25 24 9 23 26 10 14 9 26 11 7 13 7 11 13
split_gain=99.3663 41.515 35.672 14.8139 14.5884 13.8754 13.6266 13.0274 10.7863 10.4091 12.4234 9.2705 11.6145 14.4205 10.2706 9.92493 15.1744 13.7966 9.16714 9.03998 11.1135 8.87352 9.72391 10.003 10.3905 9.7318 10.169 9.82675 16.3763 9.71508
threshold=3.5000000000000004 -0.25499999999999984 -0.69000000000000006 -0.015000000000000123 -0.19999999999999971 2.5000000000000004 -0.101666666666667 2.5000000000000004 0.26330000000000003 7.2750000000000012 0.13945833333333335 1.6900000000000002 0.024999999999999915 -0.055000000000000153 53.500000000000007 4.5000000000000009 -0.0033333333333342981 7.1250000000000009 6.9650000000000007 0.034999999999999705 0.30080000000000001 -0.0033250000000000219 5.3550000000000013 0.064999999999999961 0.42055000000000003 4.7950000000000008 1.1250000000000007 4.5750000000000011 0.42135000000000006 0.11249999999999939
decision_type=2 2 2 2 2 2 2 2 2 2 2 2 2 2 2 2 2 2 2 2 2 2 2 2 2 2 2 2 2 2
left_child=1 21 5 18 -5 -2 -6 9 -8 10 19 12 -10 -14 15 16 -13 -18 -4 -3 -21 -1 25 24 29 27 -27 -23 -29 -24
right_child=2 7 3 4 6 -7 8 -9 11 -11 -12 14 13 -15 -16 -17 17 -19 -20 20 -22 22 23 -25 -26 26 -28 28 -30 -31
leaf_value=-0.021451199625068727 0.12310912285238479 0.012432190015696142 0.0033813496409269431 0.12442338128703825 -0.03667631942013614 -0.035171856884669082 -0.027679965411651089 0.0049299169217032653 -0.019477763792653001 0.029752539791677319 0.035201232673294523 0.14547552253778248 0.14953173034629294 0.0028671579531828768 -0.030414831120190996 -0.0070738473402883655 -0.013324223229915591 0.09572425809890292 -0.041345428280092647 0.032051168379624753 -0.017196696851267276 -0.0093076414730324727 0.017230605579838704 -0.033111930298704399 -0.011479675973193552 -0.041008299169123762 0.082760481057744098 0.00035030104227753143 0.14118078694337347 0.076791086991217519
leaf_weight=121.38744419068098 1.3949600756168354 521.22077189013362 215.52270962670445 1.8587842658162106 65.265953663736582 186.69615963473916 75.639457806944847 656.64584724977612 118.63345634564757 98.299576878547668 54.169339925050735 3.8035194277763358 1.7208794243633736 64.246632054448128 8.0628540143370611 9.112598814070223 7.1517319455742854 4.8794318959116936 12.099283222109078 14.508709017187355 54.43702470138669 52.022837284952402 16.316911619156603 9.0138565599918348 13.254001401364802 31.319805685430765 1.7524319812655438 6.3331825695931894 3.0624096356332302 11.796151161193846
leaf_count=1679 17 2622 1990 21 1435 3992 953 3753 1644 492 271 26 27 669 68 63 55 31 127 116 388 767 180 111 138 383 13 82 42 99
internal_value=-0.000268316 0.00661706 -0.0150448 -0.00898201 -0.0152893 -0.033998 -0.0160137 0.0100605 -0.011415 0.0145971 0.0122849 -0.0057615 -0.0101255 0.00669316 0.0186433 0.0344986 0.0584229 0.0309021 0.00100389 0.0101815 -0.00683314 -0.0114795 -0.00312419 0.0146161 0.025016 -0.012583 -0.03445 -0.000808194 0.0462527 0.042222
internal_weight=2441.63 1665.54 776.088 587.997 360.375 188.091 358.517 1399.28 293.251 742.635 644.336 217.611 184.601 65.9675 33.0101 24.9473 15.8347 12.0312 227.622 590.167 68.9457 266.259 144.872 50.3809 41.3671 94.4907 33.0722 61.4184 9.39559 28.1131
internal_count=22254 11136 11118 7109 4992 4009 4971 7642 3536 3889 3397 2583 2340 696 243 175 112 86 2117 3126 504 3494 1815 528 417 1287 396 891 124 279
is_linear=0
shrinkage=0.05


Tree=37
num_leaves=31
num_cat=0
split_feature=28 20 8 1 27 13 18 19 9 14 10 24 11 18 20 7 28 6 10 26 10 12 13 8 3 14 17 20 21 23
split_gain=90.6498 37.5826 34.4719 20.6574 14.4735 12.4176 11.7455 9.99092 10.504 10.5079 9.35299 12.6541 13.9648 11.6194 8.83033 12.6475 8.77592 8.43231 8.39215 8.25003 11.0559 8.6348 7.8802 7.78472 9.98869 13.586 9.11765 13.7824 9.48205 8.06835
threshold=3.5000000000000004 -0.25499999999999984 0.27810000000000007 2.5000000000000004 -0.18500000000000003 0.96833333333333338 2.5000000000000004 -0.064999999999999988 7.2750000000000012 0.13945833333333335 0.10085000000000001 0.026666666666666842 0.24215000000000003 3.5000000000000004 0.019999999999999799 4.495000000000001 5.5000000000000009 0.19500000000000003 0.22969999999999999 0.034999999999999705 0.30080000000000001 0.42690000000000006 1.8016666666666676 0.35270000000000007 52.500000000000007 0.15280833333333335 3.5000000000000004 1.8000000000000003 -0.025000000000000005 6.8850000000000007
decision_type=2 2 2 2 2 2 2 2 2 2 2 2 2 2 2 2 2 2 2 2 2 2 2 2 2 2 2 2 2 2
left_child=1 18 3 -2 -4 16 7 -3 9 19 -5 -12 13 -13 15 -8 -6 -18 -1 -9 -21 22 -22 24 25 26 -16 28 -28 -30
right_child=2 6 4 10 5 -7 14 8 -10 -11 11 12 -14 -15 23 -17 17 -19 -20 20 21 -23 -24 -25 -26 -27 27 -29 29 -31
leaf_value=-0.022752444738659144 0.16022299906973012 -0.025943349470133631 0.061594256943027427 -0.04879794354694441 -0.01110664867844688 0.00026390690735613625 -0.0062314772788256258 0.012524908660733906 0.030176743674688585 0.033524856310544214 -0.034828809447018619 0.13785898557786366 -0.013489701639666042 -0.010167885488422727 -0.012969783096630119 0.01311916686881779 -0.035091708972742823 0.054428545243832054 -0.0042434020494269784 0.034823887544530391 -0.032457693162762973 0.044736117645471613 0.02318223001864984 -0.011401253484308227 -0.034705129518633498 0.099706525602483193 0.11266823112602065 0.12186846183001937 -0.011114276582154782 0.055652738148845096
leaf_weight=96.718138609081507 1.3836599439382542 15.446433939039705 7.335859175771474 67.367674674838781 274.9805823713541 216.66431960463524 111.26910531520844 514.14064825326204 95.212037697434425 53.688798569142818 98.995686169713736 3.0910718627274028 27.501447509974241 2.3211978115141392 22.880075596272945 350.21468708664179 63.478434842079878 2.7442570924758902 166.95917738229036 13.024181161075829 39.277216907590628 5.1546935886144629 7.5939851999282828 128.95345301926136 10.70208068937063 4.6648765429854384 2.3246415406465557 3.5280973538756362 16.931680686771877 6.1750305518507949
leaf_count=1453 16 90 51 1640 3447 1771 598 2576 476 267 2100 39 428 48 201 1647 1523 55 2041 104 296 37 43 915 100 35 19 24 156 58
internal_value=-0.000264076 0.00628489 -0.0145004 -0.0323036 -0.00817986 -0.00909738 0.00954374 0.013849 0.0146932 0.0123638 -0.0336404 -0.0258993 0.000958386 0.0743737 0.00467613 0.0084535 -0.0150418 -0.031382 -0.0110326 0.0104023 -0.0063743 -0.0166879 -0.023443 -0.00421048 0.00958692 0.0179759 0.0106213 0.0292599 0.0164123 0.00672852
internal_weight=2430.72 1664.86 765.864 200.661 565.203 557.868 1401.18 743.538 728.092 632.88 199.277 131.909 32.9137 5.41227 657.644 461.484 341.203 66.2227 263.677 579.191 65.0501 52.0259 46.8712 196.16 67.2065 56.5044 51.8395 28.9595 25.4314 23.1067
internal_count=22254 11136 11118 4271 6847 6796 7642 3889 3799 3323 4255 2615 515 87 3753 2245 5025 1578 3494 3056 480 376 339 1508 593 493 458 257 233 214
is_linear=0
shrinkage=0.05


Tree=38
num_leaves=31
num_cat=0
split_feature=28 20 20 28 9 14 1 24 13 11 22 14 14 10 23 3 27 12 7 3 28 10 10 26 23 12 22 29 13 3
split_gain=82.6866 33.9918 32.9196 13.3995 11.0229 12.5531 10.9417 10.4643 9.32058 8.58118 8.3259 8.28918 9.16236 8.76002 8.15715 8.08666 7.816 9.38035 7.60012 7.52917 13.2432 7.05144 9.06316 11.8881 10.3056 8.63603 10.9729 8.03406 7.98921 7.96278
threshold=3.5000000000000004 -0.25499999999999984 -0.69000000000000006 5.5000000000000009 6.745000000000001 0.093633333333333291 2.5000000000000004 0.043333333333333453 2.1758333333333337 0.42135000000000006 -0.46500000000000025 -0.0033250000000000219 0.050183333333333309 0.22124999999999997 6.5450000000000008 60.500000000000007 -0.010000000000000229 0.29975000000000002 4.035000000000001 53.500000000000007 2.5000000000000004 0.24279999999999999 0.29235000000000005 0.029999999999999808 6.785000000000001 0.44814999999999999 -1.1899999999999999 1.0000000180025095e-35 1.7275000000000007 51.500000000000007
decision_type=2 2 2 2 2 2 2 2 2 2 2 2 2 2 2 2 2 2 2 2 2 2 2 2 2 2 2 2 2 2
left_child=1 11 6 7 5 8 -2 15 9 21 -6 -1 13 16 -8 -4 17 18 -13 -15 -21 27 -23 -24 -25 26 -26 29 -28 -3
right_child=2 4 3 -5 10 -7 14 -9 -10 -11 -12 12 -14 19 -16 -17 -18 -19 -20 20 -22 22 23 24 25 -27 28 -29 -30 -31
leaf_value=-0.020385990161219891 0.096253285072999531 0.004099273109173276 -0.0088999677092040461 -0.025269069189161025 -0.016318267084738668 0.019522725972106823 0.088573277966420838 0.010311841916047891 0.040713003543402689 -0.013551859590302612 0.019950372260899074 0.14662180736346639 -0.015612911391363291 0.01367174929474625 -0.034910200869122887 0.091449103728059353 -0.042102694663884062 -0.021224333048464959 0.0030919267583118751 0.0021082304177096052 0.1428653049742577 0.022446370682845419 0.0084474705063171882 -0.037068965988343465 0.093183932554957716 0.075643455611865099 -0.017498469453495192 -0.058758482768777959 0.074476620342425873 -0.019020892420268845
leaf_weight=118.12051666900516 1.6280460953712452 180.8499217107892 387.77717104554176 95.720866732299328 16.811795510351658 165.53248888626695 1.3477013260126103 92.674532655626535 17.539018027484417 65.332571625709534 269.23802223801613 1.9856800511479398 68.957151848822832 45.048878647387028 174.95059263333678 2.0180730484426013 12.754043117165564 5.9933877624571323 1.7222629226744173 3.4382542707025996 3.2512396760284901 92.460907120257616 467.00846190005541 27.976569503545761 2.6694857329130164 3.6148525029420844 36.697168752551079 6.1103935837745658 2.5233915001153937 46.898619115352631
leaf_count=1679 17 1037 4273 2093 90 862 13 721 88 363 1399 27 884 519 3979 22 203 85 22 40 35 526 2362 220 28 26 295 53 15 278
internal_value=-0.000259215 0.00597541 -0.0139678 -0.00818032 0.00906255 0.0068166 -0.0327747 -0.00478995 0.00460188 0.00392242 0.0178188 -0.0105817 -0.0024918 0.00970323 -0.0339662 -0.00838043 -0.0163754 0.0174474 0.0799551 0.0210218 0.0705192 0.00523948 0.00798067 0.00550604 -0.0131881 0.00149396 -0.00490468 -0.00217968 -0.0115809 -0.000661696
internal_weight=2418.65 1662.54 756.117 578.191 1401.26 1115.21 177.926 482.47 949.681 932.142 286.05 261.271 143.151 74.1937 176.298 389.795 22.4554 9.70133 3.70794 51.7384 6.68949 866.81 632.951 540.49 73.4815 45.5049 41.89 233.859 39.2206 227.749
internal_count=22254 11136 11118 7109 7642 6153 4009 5016 5291 5203 1489 3494 1815 931 3992 4295 337 134 49 594 75 4840 3472 2946 584 364 338 1368 310 1315
is_linear=0
shrinkage=0.05


Tree=39
num_leaves=31
num_cat=0
split_feature=28 20 28 18 7 3 0 24 13 20 13 3 4 23 13 9 24 22 28 15 9 27 9 0 22 3 11 12 12 7
split_gain=76.108 42.8624 25.0987 13.5199 13.2403 11.3985 9.58198 11.4475 16.3062 10.4297 10.3176 10.8855 9.37487 9.1018 8.73568 8.72923 8.27341 8.22983 12.5237 9.38441 7.77946 7.69829 7.67635 7.60551 7.35544 7.92658 7.32025 9.68272 7.31878 7.32988
threshold=1.5000000000000002 -1.585 5.5000000000000009 3.5000000000000004 6.2950000000000008 55.500000000000007 16.500000000000004 0.065000000000000849 0.62500000000000056 0.4549999999999999 2.3750000000000004 59.500000000000007 52.500000000000007 6.5650000000000004 0.78666666666666762 7.4150000000000009 -0.0033333333333342981 -1.1199999999999997 2.5000000000000004 -0.0049999999999999897 4.1650000000000009 -0.029999999999999801 2.3350000000000004 23.500000000000004 -1.9999999999999996 23.500000000000004 0.33595000000000003 0.32275000000000004 0.35730000000000001 4.5550000000000006
decision_type=2 2 2 2 2 2 2 2 2 2 2 2 2 2 2 2 2 2 2 2 2 2 2 2 2 2 2 2 2 2
left_child=4 20 3 6 16 -6 9 10 -9 -3 11 17 -12 -4 -15 21 23 18 -8 -20 -2 -5 -23 26 -18 -26 -1 -28 -29 -30
right_child=1 2 13 15 5 -7 7 8 -10 -11 12 -13 -14 14 -16 -17 24 -19 19 -21 -22 22 -24 -25 25 -27 27 28 29 -31
leaf_value=-0.0082060919412811819 -0.043033567733481021 -0.0035998912703591804 0.051695043097990223 -0.0022498062286905578 0.022824425813122079 -0.040031216011846553 0.075859031179841288 0.1090597964545636 0.0014602101225003063 0.0097166880958861335 0.00095131239676031021 0.072896010973506717 0.088662602195557036 -0.038491350704009303 -0.0080201514727362769 0.030684359934054314 -0.013554574479961815 -0.01555309976737205 0.09205395555276194 -0.02367843406117327 -0.019593176510682691 -0.051225680870516981 -0.01429172738308028 -0.061494484946588518 0.044823947030440681 0.011936513052776541 -0.0074131931212824522 0.05674989046462791 -0.023342822597322278 0.029256651345194895
leaf_weight=102.42903573811054 80.879694923758507 236.63283861428499 3.5943203382194033 152.89131056144834 259.75834260880947 7.4187476485967627 6.343487665057185 5.007695626467469 11.86051371693611 388.33741695806384 7.9686233997344953 3.7723114863038054 4.9319729581475258 76.744764141738415 33.915788289159536 12.946252614259718 26.553551346063614 221.3509455807507 2.0263207778334644 12.92014373838901 62.943062677979469 14.99418508633971 227.84154746308923 5.0452722162008277 19.374177798628807 337.26944828033447 36.568724930286407 14.299883037805555 9.4111717194318789 22.358545556664467
leaf_count=464 2050 2584 36 1513 1163 31 66 40 65 2700 41 35 25 2040 571 98 146 1996 26 189 1331 233 2903 23 82 1434 161 64 48 96
internal_value=-0.000253649 -0.00676135 -0.00413414 -0.00217368 0.0118863 0.0210791 0.00124721 -0.00650866 0.0334035 0.00467462 -0.00910492 -0.0113869 0.0344838 -0.026609 -0.0291524 -0.00971697 0.00760218 -0.0126973 0.0169945 -0.00798837 -0.032775 -0.0110387 -0.0165723 -0.000925345 0.0118329 0.0137231 0.000725879 0.0117969 0.0270454 0.0136751
internal_weight=2408.39 1567.9 1424.08 1309.83 840.487 267.177 901.152 276.182 16.8682 624.97 259.314 246.413 12.9006 114.255 110.661 408.673 573.31 242.641 21.29 14.9465 143.823 395.727 242.836 190.113 383.197 356.644 185.067 82.6383 46.0696 31.7697
internal_count=22254 18542 15161 12514 3712 1194 7767 2483 105 5284 2378 2312 66 2647 2611 4747 2518 2277 281 215 3381 4649 3136 856 1662 1516 833 369 208 144
is_linear=0
shrinkage=0.05


Tree=40
num_leaves=31
num_cat=0
split_feature=28 8 20 1 27 15 13 18 10 24 26 7 19 9 11 0 23 24 14 13 8 2 8 3 24 10 11 21 0 14
split_gain=70.6784 30.8536 27.8373 16.4185 12.1246 11.4678 11.5594 9.72595 9.40332 12.0708 12.3945 9.75843 8.9023 8.87645 9.1187 8.69602 9.53837 8.68505 9.36448 8.59802 8.82846 8.59325 10.669 12.6953 15.2171 11.414 7.91965 9.10947 8.85207 7.85298
threshold=3.5000000000000004 0.27810000000000007 -0.25499999999999984 2.5000000000000004 -0.18500000000000003 0.011666666666666702 1.2866666666666668 2.5000000000000004 0.10085000000000001 0.026666666666666842 1.0000000180025095e-35 4.535000000000001 -0.064999999999999988 7.2750000000000012 0.35015000000000002 1.5000000000000002 6.7550000000000008 -0.02499999999999902 -0.13581666666666667 1.6900000000000002 0.51210000000000011 2.5000000000000004 0.44059999999999999 39.500000000000007 -0.011666666666666268 0.43785000000000002 0.24215000000000003 -0.025000000000000005 9.5000000000000018 -0.025241666666666659
decision_type=2 2 2 2 2 2 2 2 2 2 2 2 2 2 2 2 2 2 2 2 2 2 2 2 2 2 2 2 2 2
left_child=2 3 -1 -2 -3 6 29 12 -5 -10 26 -12 -4 14 19 -7 21 -8 -19 20 -14 -17 23 -23 -25 -26 27 -11 -29 -6
right_child=1 4 7 8 5 15 17 -9 9 10 11 -13 13 -15 -16 16 -18 18 -20 -21 -22 22 -24 24 25 -27 -28 28 -30 -31
leaf_value=-0.0096572347888224594 0.12832849593675116 0.055479004768109214 -0.025518719131384565 -0.048162262228115475 -0.028674421224660518 0.041333849300923944 -0.037009267167021111 0.0038335860087509322 -0.033353078689715904 0.1596932164881415 0.19702692897788382 -0.0062927455142436075 0.0055804507182038937 0.027231252303344673 0.017642508880367974 -0.032047330789311018 -0.01037893938895381 -0.05735554240521306 0.021559596249819749 0.026406606081636003 -0.021445582208579141 0.011095341624708389 0.0023703033049948426 0.16276403864827979 -0.020443216901651764 0.095006988792879013 -0.018580148401726462 0.13281188249661469 -0.036547151531312626 -0.011397879071782531
leaf_weight=256.27083060145378 1.6100144013762463 7.6195372305810443 15.333001174032686 60.746743775904179 105.95361017435789 12.683865141123531 9.6107963658869249 656.75421700999141 92.413347665220499 1.3742292635142801 1.3958215899765485 1.0224266089498995 278.58805293962359 94.989279769361019 276.99292686954141 9.6036985218524915 117.40825156494975 4.1019933484494677 44.99361964315176 43.368689633905888 33.8940165117383 14.532294508069755 40.878277271986008 3.8337366618216029 3.8899698257446271 4.7612289376556873 24.511598840355873 1.0629179067909746 2.8147300332784653 173.45291992276907
leaf_count=3494 16 51 90 1640 1676 125 91 3753 2100 13 27 15 1493 476 1430 118 1256 41 342 220 180 138 335 39 45 38 391 16 53 2552
internal_value=-0.000247374 -0.013091 0.00549338 -0.030652 -0.00715759 -0.00803217 -0.0137116 0.00826687 -0.0320331 -0.0241692 0.00220325 0.111064 0.0121847 0.012979 0.0108397 0.00121818 -0.00139241 0.00645728 0.0149661 0.00554443 0.00264902 0.0122218 0.0184836 0.0428638 0.0798419 0.0430954 -0.00664157 0.0490782 0.00987654 -0.0179493
internal_weight=2396.47 740.276 1656.19 186.952 553.324 545.704 338.113 1399.92 185.342 124.595 32.1817 2.41825 743.166 727.833 632.844 207.591 194.907 58.7064 49.0956 355.851 312.482 77.4992 67.8955 27.0172 12.4849 8.6512 29.7635 5.25188 3.87765 279.407
internal_count=22254 11118 11136 4271 6847 6796 4702 7642 4255 2615 515 42 3889 3799 3323 2094 1969 474 383 1893 1673 713 595 260 122 83 473 82 69 4228
is_linear=0
shrinkage=0.05


Tree=41
num_leaves=31
num_cat=0
split_feature=28 13 20 24 10 0 8 9 26 25 22 24 24 11 15 24 5 20 20 10 23 0 19 24 0 9 12 13 14 14
split_gain=64.4832 29.8974 25.1527 15.2914 14.5891 14.6113 10.006 10.0711 9.90008 10.813 9.35627 9.14263 8.94295 10.37 8.93426 8.77501 8.62251 8.60478 10.7418 9.6825 8.24355 8.16546 8.05573 7.82172 11.0072 10.627 9.46067 13.3849 7.77612 8.47848
threshold=3.5000000000000004 -1.0133333333333332 -0.25499999999999984 0.070833333333333318 0.32024999999999998 2.5000000000000004 0.48114999999999997 5.0950000000000006 -0.034999999999999691 3.5000000000000004 -2.1649999999999987 -0.039999999999999584 -0.0083333333333341902 0.34500000000000003 0.0083333333333333471 0.1758333333333342 1.5000000000000002 1.115 1.2450000000000001 0.52015000000000011 6.8450000000000006 23.500000000000004 -0.064999999999999988 -0.0083333333333324138 23.500000000000004 6.6650000000000009 0.34244999999999998 1.1916666666666671 -0.0033250000000000219 0.050183333333333309
decision_type=2 2 2 2 2 2 2 2 2 2 2 2 2 2 2 2 2 2 2 2 2 2 2 2 2 2 2 2 2 2
left_child=2 15 28 4 10 6 7 -6 -8 -10 12 -7 -3 -14 16 -2 21 -13 19 -19 -5 -4 -16 -24 25 -25 27 -27 -1 -30
right_child=1 3 14 20 5 11 8 -9 9 -11 -12 17 13 -15 22 -17 -18 18 -20 -21 -22 -23 23 24 -26 26 -28 -29 29 -31
leaf_value=-0.018954599372896556 -0.042527125588586984 -0.020019359888614724 0.0059809679421489815 0.024147404180599144 0.11192665545625358 -0.027510887207186443 -0.015302017750493765 -0.0030173641836806222 0.16953604301254885 0.051202667611978316 -0.024138051574616459 -0.013813253279011973 0.18253579717129575 -0.011006390916917717 -0.022790323105538052 0.12263160856001357 -0.029718620567987148 0.020322260979249607 -0.00076343922073861769 0.12162939364687995 -0.033023084281866968 -0.02825983944771392 0.004248283467971666 0.010344917806869667 0.070707415291455758 -0.0081194866438472468 0.043623873950808092 0.034733978130705563 0.010360337858849799 -0.014245521098101142
leaf_weight=113.91426178440452 81.950180722400546 3.0329906400293112 773.61435083672404 46.831931889057159 2.0697761401534107 55.541212100535631 3.1665543206036082 24.034129351377487 2.7793089486658555 6.3211692087352276 195.26285243779421 151.30558060668409 1.6885666176676744 1.1728037819266317 15.729771092534063 0.81220878660678764 18.072084598243237 8.1643183343112451 136.81422285363078 3.3167177848517886 7.2863947190344325 17.812246412038803 164.19185435399413 274.14152366667986 9.3765479475259763 32.157491974532604 54.32441683113575 42.046194911003113 73.429379794746637 66.909852337092161
leaf_count=1679 2280 66 4376 436 29 824 24 308 20 59 3458 2147 27 22 94 6 99 85 1221 32 74 100 932 1364 45 167 264 201 931 884
internal_value=-0.000242715 -0.0126054 0.00521953 -0.00899524 -0.0113109 -0.0057116 0.0235997 0.00609654 0.0608459 0.087342 -0.0222645 -0.00887851 0.0398002 0.103208 0.00784442 -0.0409063 0.00443054 -0.00542436 0.00313482 0.0495885 0.0164501 0.00521033 0.0125128 0.0134765 0.0171537 0.0159067 0.0277696 0.0161627 -0.00924908 -0.00137105
internal_weight=2387.27 731.551 1655.72 648.789 594.67 393.513 38.3709 26.1039 12.267 9.10048 201.157 355.142 5.89436 2.86137 1401.47 82.7624 809.499 299.601 148.295 11.481 54.1183 791.427 591.968 576.238 412.046 402.67 128.528 74.2037 254.253 140.339
internal_count=22254 11118 11136 8832 8322 4749 440 337 103 79 3573 4309 115 49 7642 2286 4575 3485 1338 117 510 4476 3067 2973 2041 1996 632 368 3494 1815
is_linear=0
shrinkage=0.05


Tree=42
num_leaves=31
num_cat=0
split_feature=28 20 28 13 24 16 2 8 23 9 10 12 12 12 19 13 19 11 0 6 0 9 3 14 14 18 0 20 13 23
split_gain=60.0573 36.7864 22.079 11.9217 10.8921 11.0764 11.4895 9.1307 8.28849 7.6601 7.53083 7.32243 13.9989 11.9363 13.2849 7.22547 7.15824 9.06394 7.00953 10.4118 7.24916 9.35601 10.4864 8.40278 7.22746 10.5911 6.83006 10.4932 11.4611 10.3848
threshold=1.5000000000000002 -1.585 5.5000000000000009 0.79916666666666647 -0.010000000000000229 4.5000000000000009 1.5000000000000002 0.35859999999999997 6.6850000000000014 4.285000000000001 0.52645000000000008 0.3931 0.33890000000000003 0.41705000000000009 -0.039999999999999994 2.0491666666666672 0.065000000000000016 0.29845000000000005 11.500000000000002 0.17500000000000002 9.5000000000000018 3.6050000000000004 27.500000000000004 0.015391666666666611 -0.10152499999999992 1.5000000000000002 9.5000000000000018 -1.8299999999999996 0.061666666666666987 6.6050000000000013
decision_type=2 2 2 2 2 2 2 2 2 2 2 2 2 2 2 2 2 2 2 2 2 2 2 2 2 2 2 2 2 2
left_child=3 9 4 18 5 6 7 -3 -4 -2 -6 12 -12 -13 -15 -10 -8 -18 20 24 -1 -22 -23 -24 25 -20 27 28 29 -11
right_child=1 2 8 -5 10 -7 16 -9 15 26 11 13 -14 14 -16 -17 17 -19 19 -21 21 22 23 -25 -26 -27 -28 -29 -30 -31
leaf_value=0.0045537113094145055 -0.040941001608572114 0.12516344068634674 0.004206395527276161 0.019086786654639892 -0.00075912323107103557 -0.0248686704554185 -0.0063730417150082421 -0.0011982218919905007 -0.0344084065541208 0.15783610483139227 0.005045752902016587 -0.050375263921000585 0.04077634257725047 0.086312325188481365 -0.0074713118659891151 0.044744831803669907 -0.03155701908504676 0.10133661073408361 0.038113988918645939 -0.0040052548041401769 0.040176517293668383 0.043773328661419163 -0.053214671841385765 -0.0075881011735003867 0.020639800758920239 -0.027599993221643443 -0.031107938864748493 -0.05282574853427692 0.18697328749545616 0.0026782040680998539
leaf_weight=210.66204005479813 80.103481315076351 3.0395562443882218 19.500741574913263 274.58800385892391 674.13088796846569 80.558740314096212 375.89787338860333 2.6990380771458149 86.467395873740315 1.1714609079062963 80.989393129944801 11.55821382626891 41.438538432121277 4.7580202221870413 18.29803163185716 2.9826097860932341 2.0586645491421214 3.4056250415742397 9.0321442037820834 78.688067868351936 6.4395968765020362 5.049902379512786 22.347499221563339 18.398572579026222 192.44354386627674 19.092180177569389 32.176321817561984 5.7045824434608212 1.0369334891438473 13.579123269766567
leaf_count=945 2201 40 377 1242 6137 1478 3770 30 2236 15 511 76 258 22 134 34 26 32 39 352 31 22 100 79 820 82 707 124 16 318
internal_value=-0.000237275 -0.00609105 -0.00371011 0.0105473 -0.00189656 -0.00800079 -0.00449045 0.0657316 -0.02533 -0.0311475 0.00153799 0.0113987 0.0171396 -0.00890623 0.0118826 -0.0317691 -0.00554713 0.0512691 0.00637616 0.0116093 0.000419329 -0.0162543 -0.0241893 -0.0326123 0.0171798 -0.00649591 -0.0165301 0.00529481 0.0262958 0.0150005
internal_weight=2378.3 1541.56 1407.78 836.742 1298.83 467.659 387.101 5.73859 108.951 133.772 831.173 157.042 122.428 34.6143 23.0561 89.45 381.362 5.46429 562.154 299.256 262.898 52.2356 45.796 40.7461 220.568 28.1243 53.6684 21.4921 15.7875 14.7506
internal_count=22254 18542 15161 3712 12514 5376 3898 70 2647 3381 7138 1001 769 232 156 2270 3828 58 2470 1293 1177 232 201 179 941 121 1180 473 349 333
is_linear=0
shrinkage=0.05


Tree=43
num_leaves=31
num_cat=0
split_feature=28 13 19 24 10 0 24 9 14 10 0 19 23 10 8 13 6 8 17 8 20 3 8 27 8 22 9 24 26 14
split_gain=55.087 27.7373 22.065 13.6634 13.3339 13.1249 13.0642 11.414 10.8389 10.7032 10.6603 10.1527 9.9671 8.92477 17.5542 10.9654 14.8249 9.32216 9.22852 13.6037 14.314 13.2419 8.59876 10.265 8.49673 8.47014 8.36724 8.33706 8.30071 8.24093
threshold=3.5000000000000004 -1.0133333333333332 0.0099999999999999898 0.070833333333333318 0.32024999999999998 2.5000000000000004 -0.0066666666666654875 5.5550000000000006 0.08818333333333335 0.21095000000000003 2.5000000000000004 -0.064999999999999988 6.5250000000000012 0.30370000000000003 0.44955000000000006 0.64666666666666683 0.17500000000000002 0.45875000000000005 1.5000000000000002 0.37670000000000009 0.19999999999999954 39.500000000000007 0.47844999999999999 0.16500000000000006 0.48114999999999997 -2.1649999999999987 5.0950000000000006 -0.039999999999999584 -0.034999999999999691 -0.042024999999999972
decision_type=2 2 2 2 2 2 2 2 2 2 2 2 2 2 2 2 2 2 2 2 2 2 2 2 2 2 2 2 2 2
left_child=2 12 6 4 25 24 22 8 10 -4 -8 -9 -2 14 15 -11 -17 18 19 -15 21 -21 -1 -24 26 -3 -6 -7 -26 -13
right_child=1 3 9 -5 5 27 7 11 -10 13 -12 29 -14 17 -16 16 -18 -19 -20 20 -22 -23 23 -25 28 -27 -28 -29 -30 -31
leaf_value=-0.0030182460939123801 0.14682169007433851 0.036913483526666152 -0.025268126884355032 0.015554335540877854 0.098461549383388303 -0.026429582113809431 -0.026616155757524369 -0.043255199265174259 0.022279428983095158 -0.0011789796044908709 0.003490840360231734 0.0056272243645832318 -0.041757326996656963 -0.0066400342037347473 0.14741465806276949 -0.016027266364428285 0.12501935194270927 -0.028982972584491562 -0.0078518503120062685 0.046955403069470061 -0.0087860847792401685 0.21008494843305725 0.010651536708400251 0.096817572386849723 -0.014705842226566571 -0.023117900075913519 -0.0026521235794148717 -0.0050329061848021868 0.079023531812735109 0.019978257460890155
leaf_weight=367.7882076241076 0.70713180303573508 6.0638474635779849 70.041278041899204 54.565641742199659 2.2377866394817856 53.762355962768197 32.670188210904598 7.253224726766347 69.074843607842922 41.601228848099709 293.89034875109792 134.42082153633237 76.844633584842086 10.001534461975099 2.3991121575236312 3.2770667225122443 4.3173127695918083 41.112702671438456 80.007690880447626 2.3773261457681647 2.8100340664386749 2.6095536909997463 89.87090216204524 3.5946864187717429 3.1368641294538966 189.56944485381246 23.871060032397509 297.1714993622154 9.5641575418412668 391.04831781238317
leaf_count=2582 4 115 1012 510 29 824 193 40 387 560 1735 705 2282 114 18 24 33 310 837 22 20 24 525 19 24 3458 308 3485 79 1976
internal_value=-0.000231477 -0.0117976 0.00479751 -0.00837534 -0.0106059 -0.00525951 0.00730109 0.0107183 0.00428505 -0.00855478 0.000478838 0.0154961 -0.0400378 -0.00241021 0.0153474 0.00890686 0.064156 -0.0090054 -0.000607854 0.0319554 0.0814639 0.132318 0.000423231 0.0139655 0.0223317 -0.0212572 0.00601432 -0.00831083 0.0558745 0.0163071
internal_weight=2367.66 717.494 1650.17 639.943 585.377 389.744 1389.61 928.358 395.635 260.555 326.561 532.722 77.5518 190.514 51.5947 49.1956 7.59438 138.919 97.8061 17.7984 7.79691 4.98688 461.254 93.4656 38.8099 195.633 26.1088 350.934 12.701 525.469
internal_count=22254 11118 11136 8832 8322 4749 8162 5036 2315 2974 1928 2721 2286 1962 635 617 57 1327 1017 180 66 46 3126 544 440 3573 337 4309 103 2681
is_linear=0
shrinkage=0.05


Tree=44
num_leaves=31
num_cat=0
split_feature=28 20 8 23 20 2 14 15 27 10 0 14 7 8 13 22 21 13 14 25 12 26 8 15 9 24 0 7 20 17
split_gain=51.2027 27.2993 21.4196 13.1435 12.6632 12.9609 9.75037 11.4561 15.0653 11.339 10.5001 12.6543 9.49708 14.7672 17.577 20.0219 12.9876 9.09552 8.98575 8.20599 8.34941 8.01496 11.057 12.6907 7.65021 9.00977 7.64922 9.17404 7.29655 7.95247
threshold=4.5000000000000009 -0.25499999999999984 0.30545000000000005 6.6150000000000011 1.0000000180025095e-35 3.5000000000000004 -0.049408333333333297 0.028333333333333311 0.020000000000000021 0.36870000000000008 7.5000000000000009 -0.031649999999999991 4.7950000000000008 0.25965000000000005 -0.9608333333333331 -1.5299999999999998 -0.039999999999999994 1.6633333333333338 0.044991666666666659 1.5000000000000002 0.38784999999999997 -0.010000000000000229 0.26345000000000002 0.0099999999999999967 6.705000000000001 -0.038333333333333545 9.5000000000000018 6.1050000000000013 -1.9949999999999997 4.5000000000000009
decision_type=2 2 2 2 2 2 2 2 2 2 2 2 2 2 2 2 2 2 2 2 2 2 2 2 2 2 2 2 2 2
left_child=1 6 3 -2 5 -3 7 -1 -9 12 11 -11 13 28 15 -15 -16 18 -7 20 -12 -18 -23 -24 -4 -26 27 -14 -8 -30
right_child=2 4 24 -5 -6 17 9 8 -10 10 19 -13 26 14 16 -17 21 -19 -20 -21 -22 22 23 -25 25 -27 -28 -29 29 -31
leaf_value=-0.028349089338571942 0.036042421040430969 0.0055222446640961972 -0.014392720127177678 -0.038282752125164271 0.00072320195911027441 0.0087276844541807758 -0.032536573969259415 -0.027865494919409761 0.18795494061918508 0.14602108046709408 0.064843731441088431 0.026443176222893178 -0.014261724390860054 0.022216946540158582 0.16641207113393958 0.30058405328046006 -0.046235791138195509 0.040860214450636929 0.029623108953548877 -0.011414242660461916 -0.039308026215248697 0.14488202811244472 -0.022490098636616246 0.15496653989696596 -0.037445857371899004 0.012273243664007715 -0.039035188400515432 0.088455632763579206 -0.0080852834241823095 0.046794851656589698
leaf_weight=81.332635646685958 6.2718492466956368 627.61987731978297 180.54315757006407 115.2309080529958 730.610949549824 176.20390969142318 27.530157679691911 1.8411492276936763 1.441821578890085 2.4738768935203579 7.6583945006132108 20.938378904014826 21.993496671319011 1.3143769055604937 1.3532439805567271 1.270235532894733 5.064376786351203 38.786590121686459 72.670195013284683 40.769958563148975 2.5699930712580681 1.757431183010336 6.3558688126504421 1.1972696557641027 10.702722351998089 61.301113555207849 43.834465105086565 2.4121782332658759 58.422439176589251 7.4418720304965964
leaf_count=1322 91 3120 3101 3379 5242 852 645 25 21 28 63 223 292 22 18 22 66 205 357 509 22 26 102 20 146 689 594 26 903 123
internal_value=-0.000226978 0.00297088 -0.0171962 -0.0344462 0.00563199 0.00955037 -0.00995018 -0.0246528 0.0669189 -0.00505915 0.0113577 0.0390785 -0.0118477 -0.00286991 0.0381846 0.159023 0.0183272 0.018339 0.0148291 -0.00136829 0.0386745 0.00438661 0.0319221 0.00563906 -0.00889702 0.00488295 -0.0265442 -0.00410947 -0.0109199 -0.00188449
internal_weight=2358.91 1984.87 374.05 121.503 1645.89 915.281 338.974 84.6156 3.28297 254.358 74.4106 23.4123 179.947 111.707 18.3128 2.58461 15.7282 287.661 248.874 50.9983 10.2284 14.3749 9.31057 7.55314 252.547 72.0038 68.2401 24.4057 93.3945 65.8643
internal_count=22254 14848 7406 3470 9776 4534 5072 1368 46 3704 845 251 2859 1947 276 44 232 1414 1209 594 85 214 148 122 3936 835 912 318 1671 1026
is_linear=0
shrinkage=0.05


Tree=45
num_leaves=31
num_cat=0
split_feature=20 1 13 13 27 28 14 9 0 9 12 21 3 11 27 26 10 27 4 3 26 20 8 26 21 11 3 9 15 8
split_gain=46.9268 24.5055 18.0136 14.9566 13.5901 9.07862 9.06436 9.16396 8.14704 13.331 13.8928 10.4262 9.53435 8.0477 10.0508 11.3865 11.9025 14.333 11.572 9.77212 9.09491 11.4723 10.7191 8.52057 10.7256 11.2993 7.92272 9.60828 7.87003 7.71895
threshold=-0.25499999999999984 2.5000000000000004 -1.645833333333333 -0.3316666666666665 -0.029999999999999801 5.5000000000000009 0.10806666666666671 6.9750000000000005 5.5000000000000009 4.995000000000001 0.37690000000000007 -0.014999999999999998 30.500000000000004 0.37955 -0.079999999999999613 -0.029999999999999801 0.39315000000000005 -0.090000000000000288 53.500000000000007 43.500000000000007 -0.055000000000000153 0.019999999999999799 0.442 -0.055000000000000153 0.025000000000000012 0.29450000000000004 57.500000000000007 6.455000000000001 0.0033333333333333136 0.37035000000000001
decision_type=2 2 2 2 2 2 2 2 2 2 2 2 2 2 2 2 2 2 2 2 2 2 2 2 2 2 2 2 2 2
left_child=2 6 -1 -3 -4 13 7 -2 9 -6 12 -12 -11 14 15 19 17 -17 28 23 -15 22 -22 24 25 -5 27 -23 -18 -13
right_child=1 3 4 5 8 -7 -8 -9 -10 10 11 29 -14 20 -16 16 18 -19 -20 -21 21 26 -24 -25 -26 -27 -28 -29 -30 -31
leaf_value=-0.045014118120459468 0.0044626945214227233 -0.028952571020627167 0.0010011665701252211 0.0016856325676305425 -0.027999710676939762 -0.01935198150374778 0.020510777172221949 0.01843226879146025 -0.021931891280819332 0.10393467802862805 -0.021688147035380297 0.17628464948229877 -0.0065306957809874557 0.023587753728219113 -0.0069457406289453773 -0.044733651977217251 -0.027433820237838441 0.076661870023377543 0.13690312620279407 -0.04357382372946695 0.075940327544789243 -0.016429182434063955 -0.012399634586187459 -0.035543102075045942 -0.065221678746219175 0.065243354006632545 0.067040532958091703 0.010442711749100563 0.075974528567846616 0.02672440859400382
leaf_weight=43.87577641569078 832.9648162946105 53.600230511277914 145.38631282001734 14.286913178861143 21.598163122311234 65.585523324087262 129.59905560314655 136.6573331207037 223.69381042011082 2.1954606678336921 1.445894233882427 3.0362023133784524 17.712562069296837 65.497626431286335 378.72976987808943 6.2533780187368393 2.9052346237003785 3.9784119687974471 4.7277163863182068 10.247248563915489 9.2991897128522378 78.643402673304081 5.4442356266081324 7.7623569481074837 3.1002409905195227 13.696948569267986 3.9193806611001483 57.650499928742647 5.0178766548633575 1.205143444240093
leaf_count=1416 4204 999 1974 96 460 1477 626 683 4372 34 19 57 295 425 3422 51 22 31 35 73 101 700 51 59 24 83 30 384 34 17
internal_value=-0.000223622 0.00326329 -0.0145423 -0.00345184 -0.0113306 -0.00159659 0.0080915 0.00643155 -0.0179491 0.000929169 0.0253404 0.0942608 0.00565145 0.000138457 -0.00369072 0.0134368 0.0425661 0.00246839 0.0749965 -0.000140458 0.00796699 0.00136435 0.0433194 0.0113168 0.0230187 0.0327945 -0.00304723 -0.00506273 0.0380569 0.133788
internal_weight=2349.72 1889.57 460.149 790.346 416.274 736.746 1099.22 969.622 270.887 47.1934 25.5953 5.68724 19.908 671.16 450.706 71.9763 22.8826 10.2318 12.6508 49.0937 220.454 154.957 14.7434 38.8465 31.0841 27.9839 140.213 136.294 7.92311 4.24135
internal_count=22254 13610 8644 8097 7228 7098 5513 4887 5254 882 422 93 329 5621 3930 508 173 82 91 335 1691 1266 152 262 203 179 1114 1084 56 74
is_linear=0
shrinkage=0.05


Tree=46
num_leaves=31
num_cat=0
split_feature=28 20 8 23 20 2 14 15 27 10 7 8 13 20 21 8 0 13 14 13 4 28 26 8 18 6 16 0 20 17
split_gain=44.1046 22.1686 20.0083 12.3842 10.7003 11.544 9.10256 10.313 11.5547 10.0608 9.13434 12.9963 13.101 12.1356 10.0451 8.90791 10.1352 8.61283 8.06449 7.756 7.43061 8.09697 7.3945 8.65475 10.6937 7.07704 7.02408 11.3133 6.85419 7.08362
threshold=4.5000000000000009 -0.25499999999999984 0.30545000000000005 6.6150000000000011 1.0000000180025095e-35 3.5000000000000004 -0.049408333333333297 0.028333333333333311 0.020000000000000021 0.36870000000000008 4.7950000000000008 0.25965000000000005 -0.9608333333333331 -1.7949999999999997 -0.039999999999999994 0.41004999999999997 16.500000000000004 1.6633333333333338 0.044991666666666659 1.1733333333333336 51.500000000000007 5.5000000000000009 -0.010000000000000229 0.26345000000000002 2.5000000000000004 0.18500000000000003 1.5000000000000002 3.5000000000000004 -1.9949999999999997 4.5000000000000009
decision_type=2 2 2 2 2 2 2 2 2 2 2 2 2 2 2 2 2 2 2 2 2 2 2 2 2 2 2 2 2 2
left_child=1 6 3 -2 5 -3 7 -1 -9 10 11 28 13 -13 -14 16 -11 18 -7 25 -4 -22 -16 -24 -25 -12 27 -23 -8 -30
right_child=2 4 20 -5 -6 17 9 8 -10 15 19 12 14 -15 22 -17 -18 -19 -20 -21 21 26 23 24 -26 -27 -28 -29 29 -31
leaf_value=-0.027239618587663092 0.034400689694712237 0.0049269382001166017 -0.023615069436367167 -0.037379444689662387 0.00059705307159492905 0.0078835122937134187 -0.03139776858404985 -0.026831157590007228 0.15678078491311004 0.039007196333158939 -0.035085091513008065 0.24350097289945954 0.13952459207430221 0.039460267568401639 -0.045449762807867 -0.011060789105841616 -0.013269051210280509 0.039272700826286921 0.027764724276537606 0.061821323683360345 0.0033799033977660663 0.10499887225261451 0.12431323477996309 0.1123903102666881 -0.02744242125275035 0.015766011580379349 -0.031350119518552648 -0.0093670021718553747 -0.0071200189093217105 0.044160103070409268
leaf_weight=78.410787215456367 6.3596232403069726 628.39430698007345 59.67353474907577 108.98108802549541 730.72298851236701 175.61903886497021 26.1840415969491 1.7851036898791783 1.6477179750800131 33.539009895175695 55.955829372629523 1.3445724658668043 1.5330816172063357 1.5910611227154756 4.8343377895653257 28.258024320006371 12.814254522323607 37.83370853215456 71.885832246392965 2.4481538832187644 132.61368794925511 2.5056702531874206 1.9535049051046316 1.7994696162641046 5.6923902295529842 7.7953070588409892 38.383593820035458 15.784169532358645 57.31816291436553 7.6309429705142966
leaf_count=1322 91 3120 958 3379 5242 852 645 25 21 391 785 22 18 22 66 296 158 205 357 18 1617 39 26 27 95 109 1048 274 903 123
internal_value=-0.000219586 0.00272628 -0.0162062 -0.0334217 0.0051072 0.00871401 -0.00904785 -0.0235259 0.0613006 -0.00432119 -0.0108414 -0.00200212 0.0359096 0.132915 0.0179007 0.0110663 0.0245555 0.0170542 0.0136579 -0.0255134 -0.00823046 -0.0033804 0.00484303 0.0305839 0.006144 -0.0288672 -0.0191993 0.00630089 -0.00980152 -0.00109506
internal_weight=2341.29 1976.99 364.301 115.341 1644.46 913.733 332.536 81.8436 3.43282 250.692 176.081 109.882 18.7484 2.93563 15.8128 74.6113 46.3533 285.339 247.505 66.1993 248.961 189.287 14.2797 9.44536 7.49186 63.7511 56.6734 18.2898 91.1331 64.9491
internal_count=22254 14848 7406 3470 9776 4534 5072 1368 46 3704 2859 1947 276 44 232 845 549 1414 1209 912 3936 2978 214 148 122 894 1361 313 1671 1026
is_linear=0
shrinkage=0.05


Tree=47
num_leaves=31
num_cat=0
split_feature=20 28 24 10 19 0 24 9 15 22 7 27 28 10 10 7 19 0 21 8 24 17 8 4 14 6 23 26 10 10
split_gain=40.5741 27.6767 12.3118 13.7705 11.6034 10.6047 9.89881 10.0174 8.56796 8.48354 10.7991 8.51988 11.9509 8.43899 11.523 12.6277 11.1024 14.035 10.9679 9.65442 8.59222 12.9093 11.1528 12.0259 7.74526 9.74647 7.56464 8.42314 12.1301 12.2465
threshold=-1.585 3.5000000000000004 0.070833333333333318 0.32024999999999998 0.0099999999999999898 2.5000000000000004 -0.0050000000000003366 6.8850000000000007 0.009999999999999969 -0.28500000000000009 6.1450000000000005 -0.029999999999999801 1.5000000000000002 0.21390000000000001 0.30370000000000003 6.0150000000000006 0.039999999999999994 5.5000000000000009 0.010000000000000004 0.45875000000000005 0.068333333333333815 1.5000000000000002 0.37670000000000009 53.500000000000007 0.050183333333333309 0.14500000000000005 6.8450000000000006 -0.07499999999999972 0.45924999999999999 0.38905000000000006
decision_type=2 2 2 2 2 2 2 2 2 2 2 2 2 2 2 2 2 2 2 2 2 2 2 2 2 2 2 2 2 2
left_child=-1 4 3 8 6 -5 -2 -8 -3 -9 11 12 -11 -6 15 16 -15 -18 -19 20 21 22 -16 -24 25 -23 27 -4 29 -29
right_child=1 2 26 5 13 -7 7 9 -10 10 -12 -13 -14 14 19 -17 17 18 -20 -21 -22 24 23 -25 -26 -27 -28 28 -30 -31
leaf_value=-0.028544418245885019 0.00055314335479746362 -0.027472170862382558 0.012940990864873235 0.020486311789720803 -0.024243616770339104 -0.007075347496396614 0.0071660907768137556 -0.019522675664132773 -0.0040452447963886251 0.040634894826169839 0.01980625795857506 0.018111280435878296 0.15720530791660742 -0.0048015645935016484 0.0061193954877569569 0.1003002556081663 0.15853200321514202 0.12735866456974088 -0.011733848162266223 -0.028194483983500343 -0.054187073576350046 0.10041541488753308 0.15097177371676029 0.014799363259025195 -0.051341071212280168 -0.0014543429763814021 -0.032756645005622149 0.05162662072079436 -0.038272515072647041 0.20388509490284468
leaf_weight=119.89863783307374 457.95524334907532 135.63800524733961 41.076046787202358 38.850589113309979 48.619061876088381 343.21727979928255 751.64479227364063 11.914684906601904 54.796159030869603 4.6217894703149778 130.81630682200193 5.8123726695775977 4.1937573999166489 25.818740464746952 7.125451695173977 4.6340343728661528 2.5462944060564023 1.8865192458033559 5.6979883909225464 40.360395111143589 6.452102228999137 2.4478203468024722 4.0070908814668655 2.7232407256960869 7.4535267129540435 57.573929566890001 7.271228836849331 3.6554551161825648 1.931599475443363 2.0676735490560532
leaf_count=3382 2966 2824 364 430 585 4283 4031 63 857 21 656 31 23 282 75 35 26 18 70 309 45 21 30 24 75 574 78 43 17 16
internal_value=-0.000215548 0.00131942 -0.00755869 -0.00974741 0.00484143 -0.00427274 0.00654767 0.00956771 -0.0207312 0.0210394 0.0243622 0.0651054 0.0960901 -0.00588971 -0.000600996 0.0226175 0.0126039 0.0569624 0.0228631 -0.00795438 0.00135148 0.00575743 0.0497167 0.0958734 -0.00326943 0.00270013 0.0148163 0.0219148 0.070069 0.106635
internal_weight=2332.71 2212.81 628.504 572.502 1584.31 382.068 1366.96 909.004 190.434 157.359 145.444 14.6279 8.81555 217.346 168.727 40.5836 35.9495 10.1308 7.58451 128.144 87.7832 81.3311 13.8558 6.73033 67.4753 60.0217 56.002 48.7308 7.65473 5.72313
internal_count=22254 18872 8912 8394 9960 4713 7791 4825 3681 794 731 75 44 2169 1584 431 396 114 88 1153 844 799 129 54 670 595 518 440 76 59
is_linear=0
shrinkage=0.05


Tree=48
num_leaves=31
num_cat=0
split_feature=28 8 20 23 20 2 14 15 8 10 7 8 21 13 19 26 19 13 0 9 20 0 14 14 1 26 27 9 10 15
split_gain=38.118 18.5794 18.4439 11.4353 9.19718 10.2771 8.51378 9.20006 9.9558 8.74715 8.82848 11.394 10.4571 8.60501 9.78964 8.25645 15.1755 8.09546 7.38934 8.58952 11.8105 9.73414 7.35581 7.35556 9.63306 12.4341 24.5068 9.64828 11.1327 9.22233
threshold=4.5000000000000009 0.30545000000000005 -0.25499999999999984 6.5950000000000006 1.0000000180025095e-35 3.5000000000000004 -0.049408333333333297 0.028333333333333311 0.29895000000000005 0.36870000000000008 4.7950000000000008 0.25965000000000005 -0.039999999999999994 -0.9608333333333331 0.010000000000000004 -0.084999999999999951 -1.0000000180025095e-35 1.6633333333333338 9.5000000000000018 5.205000000000001 -0.82999999999999974 6.5000000000000009 0.044991666666666659 -0.027674999999999974 4.5000000000000009 -0.044999999999999922 -0.020000000000000014 7.3950000000000005 0.57080000000000009 0.026666666666666655
decision_type=2 2 2 2 2 2 2 2 2 2 2 2 2 2 2 2 2 2 2 2 2 2 2 2 2 2 2 2 2 2
left_child=2 3 6 -2 5 -4 7 -1 -9 10 11 -8 -13 14 -14 16 -11 22 19 -12 21 -21 -7 -3 25 -25 -27 -26 -29 -30
right_child=1 23 4 -5 -6 17 9 8 -10 15 18 12 13 -15 -16 -17 -18 -19 -20 20 -22 -23 -24 24 27 26 -28 28 29 -31
leaf_value=-0.02626178672388628 0.043857843820752786 -0.019461844675053307 0.004454922793691714 -0.035813172672669549 0.00048834391117147889 0.0071421343443042384 -0.0087617332072012898 -0.02679872920727884 0.13961254549817656 0.16211392802107027 -0.024897610803802293 0.14144861857489194 0.011129892859548181 0.005023888654818719 0.19431953183470271 0.0054205541242922962 0.0038859329642938062 0.037762939997247724 -0.037510180769235978 0.16928438942023094 -0.021333466276962684 0.017878070902702863 0.026204059940144443 -0.040377889659662339 -0.0083197477674298512 0.21356741030830359 0.0047078130970229261 0.13640041088615243 -0.012928463913067699 0.08048306430947183
leaf_weight=75.947086431086063 4.7058272287249556 85.787466248497367 628.81983280181885 104.95098044537008 730.78153460472822 175.05045014992356 89.077667633071542 1.8153501059859984 1.7800928205251692 2.4637438654899597 15.169199015945198 2.0162083655595806 1.5163839049637364 14.22899976931512 1.4050506725907324 68.75934268720448 3.9366340301930896 36.911212757229805 40.773951618000865 2.2156580910086632 4.2177145369350892 2.0380462817847729 71.193199004977942 2.5777966417372227 137.13980524986982 2.4065036475658417 3.3731165491044504 2.2601641900837413 8.6049333009868842 3.8131844215095034
leaf_count=1322 51 1452 3120 3419 5242 852 1671 28 18 18 218 22 21 214 19 795 32 205 594 28 46 26 357 26 2238 27 49 19 96 29
internal_value=-0.000211512 -0.0152779 0.00250807 -0.0323942 0.00466769 0.00801667 -0.0083293 -0.0225619 0.055591 -0.00376104 -0.0099588 -0.00123696 0.0337347 0.0210718 0.0992341 0.0104766 0.0647938 0.0159265 -0.0246153 -0.00237484 0.0379552 0.0967422 0.0126533 -0.00764697 -0.0013191 0.0509421 0.0916722 -0.00419603 0.0343321 0.0157551
internal_weight=2325.74 355.62 1970.12 109.657 1642.76 911.975 327.361 79.5425 3.59544 247.819 172.659 108.244 19.1666 17.1504 2.92143 75.1597 6.40038 283.155 64.4146 23.6406 8.47142 4.2537 246.244 245.963 160.176 8.35742 5.77962 151.818 14.6783 12.4181
internal_count=22254 7406 14848 3470 9776 4534 5072 1368 46 3704 2859 1947 276 254 40 845 50 1414 912 318 100 54 1209 3936 2484 102 76 2382 144 125
is_linear=0
shrinkage=0.05


Tree=49
num_leaves=31
num_cat=0
split_feature=28 20 28 13 13 24 18 0 24 13 3 22 22 7 21 16 19 14 9 11 26 11 29 24 24 13 28 8 22 21
split_gain=36.0399 22.4603 15.8641 9.15527 9.14142 7.70497 7.43428 7.76706 9.18971 13.0321 8.94719 9.05132 8.63108 8.70705 17.9001 7.28803 7.43633 7.20976 9.74405 10.1612 8.60117 7.96686 7.89018 7.11898 14.6382 9.1192 7.62976 9.01811 18.2661 19.676
threshold=5.5000000000000009 -1.5399999999999996 1.5000000000000002 0.78666666666666762 0.79916666666666647 0.088333333333333389 3.5000000000000004 16.500000000000004 0.065000000000000849 0.62500000000000056 59.500000000000007 3.8050000000000006 -1.425 4.205000000000001 -1.0000000180025095e-35 1.5000000000000002 -0.019999999999999993 -0.042899999999999959 7.0050000000000008 0.34044999999999997 -0.14999999999999988 0.33885000000000004 1.0000000180025095e-35 -0.026666666666665947 -0.020000000000000902 -0.064999999999999933 3.5000000000000004 0.33195000000000002 0.42000000000000021 0.035000000000000003
decision_type=2 2 2 2 2 2 2 2 2 2 2 2 2 2 2 2 2 2 2 2 2 2 2 2 2 2 2 2 2 2
left_child=1 -1 4 5 -3 -2 7 -4 10 -10 11 12 13 14 -9 16 -13 -8 19 21 -21 23 -20 -19 25 -25 27 28 29 -26
right_child=3 2 6 -5 -6 -7 17 8 9 -11 -12 15 -14 -15 -16 -17 -18 18 22 20 -22 -23 -24 24 26 -27 -28 -29 -30 -31
leaf_value=-0.022100695824158731 -0.038990489336506055 0.004132899762481209 0.0044511710557981936 -0.0034952026702706057 0.015386201638904043 0.013628317142671082 -0.017818997797366169 -0.053911489791748646 0.093683062789613733 0.00011509780305290826 0.066882410521471383 0.014890240081594437 -0.014203350968435044 0.0036633167427229914 0.18835365137167628 -0.017553277237368242 0.099975171874979896 -0.017591980431973325 0.019415326718795152 0.060117057462306479 -0.014552294591409089 0.10141282008360997 0.11461970219657643 0.01169268334001706 -0.021074977456430669 0.16691097586260134 -0.01466985036022265 0.0013277399347594889 0.15591317127144122 0.10737649940424268
leaf_weight=98.214291336014867 83.550390977412462 561.38123223185539 617.89857302606106 31.925043806433678 265.96386280655861 7.5890378057956687 109.41979000717402 1.2108296751976015 5.4306529089808491 11.823089838027952 3.9106137938797465 5.9422867223620424 218.50710049830377 9.2088314462453109 2.0589919742196789 5.9749998562037936 4.5223458111286172 23.998287387192249 16.128797322511677 3.9531056080013505 158.09933442808688 2.2296267971396437 2.5157201625406733 1.5410717763006689 8.5632747709751147 2.4516331367194644 22.939061937853694 22.852630238980055 3.2574214562773696 4.573487125337123
leaf_count=2481 3006 2469 5248 579 1242 109 1445 20 40 64 35 35 2023 123 32 59 28 366 133 31 1900 29 18 30 100 24 321 185 30 49
internal_value=-0.000207734 0.00126876 0.00236362 -0.0265375 0.00775046 -0.034609 -0.00114839 0.00136551 -0.00573314 0.0295658 -0.00815634 -0.00934235 -0.0118936 0.0285508 0.0986418 0.0265045 0.0516601 -0.00697431 -0.00262935 -0.00518583 -0.0127308 0.00804573 0.0322613 0.00573723 0.0141971 0.107001 0.00823851 0.021628 0.0499256 0.0236447
internal_weight=2317.64 2194.57 2096.36 123.064 827.345 91.1394 1269.01 886.488 268.59 17.2537 251.336 247.425 230.986 12.4787 3.26982 16.4396 10.4646 382.523 273.103 254.459 162.052 92.4065 18.6445 90.1769 66.1786 3.9927 62.1859 39.2468 16.3942 13.1368
internal_count=22254 18560 16079 3694 3711 3115 12368 7707 2459 104 2355 2320 2198 175 52 122 63 4661 3216 3065 1931 1134 151 1105 739 54 685 364 179 149
is_linear=0
shrinkage=0.05


Tree=50
num_leaves=31
num_cat=0
split_feature=20 28 13 15 3 1 19 24 9 27 22 22 26 4 22 12 26 9 10 22 7 10 10 7 8 23 22 21 23 13
split_gain=33.5548 21.284 10.9476 11.2528 14.7078 9.76397 9.08051 8.58179 8.79413 8.12141 8.38861 9.64367 8.03934 7.89364 10.2457 7.70418 18.1034 8.68481 9.63496 7.70307 9.21991 7.68662 10.6527 10.4933 9.83088 10.1047 9.55172 10.4442 8.97775 7.67372
threshold=-1.585 3.5000000000000004 1.2866666666666668 0.02 57.500000000000007 5.5000000000000009 0.0099999999999999898 -0.0050000000000003366 6.8850000000000007 0.050000000000000273 2.955000000000001 2.8150000000000008 -0.19999999999999971 53.500000000000007 1.3000000000000003 0.13869999999999996 -0.010000000000000229 6.4050000000000011 0.43785000000000002 -0.28500000000000009 6.1450000000000005 0.21390000000000001 0.30370000000000003 6.0150000000000006 0.36895000000000006 7.0050000000000008 -1.1899999999999999 0.045000000000000005 6.785000000000001 -1.645833333333333
decision_type=2 2 2 2 2 2 2 2 2 2 2 2 2 2 2 2 2 2 2 2 2 2 2 2 2 2 2 2 2 2
left_child=29 6 3 5 15 9 7 -2 -9 10 11 -3 -7 14 -4 16 -5 -17 -19 -10 -21 -8 23 24 25 28 27 -24 -23 -1
right_child=1 2 13 4 -6 12 21 8 19 -11 -12 -13 -14 -15 -16 17 -18 18 -20 20 -22 22 26 -25 -26 -27 -28 -29 -30 -31
leaf_value=-0.046986079880143611 0.00015251689934133957 -0.0050732270497884768 0.032925450771374785 0.14821113288791479 0.15547038373251065 0.090278403138201874 -0.023137078638835091 0.0063049299066076439 -0.019349148321526954 -0.027129987831013849 -0.042921234026957897 0.11184378378020701 -0.032690333897965988 -0.013487022258990603 0.00056528158523872483 -0.013664985000671523 -0.036148401108715714 0.11434589380060044 0.012639628050375634 0.05979130237220949 0.018237076707240171 0.045250394901986603 0.010170225936307412 0.090582206789712974 -0.042583253479050488 0.12989163760505612 -0.011260916848649993 0.13214622544741403 -0.012221815736166836 -0.018373818469562743
leaf_weight=33.302372867241502 457.3540808968246 250.4189925994724 38.750768102705479 2.8418317660689354 1.6393706295639265 1.3545167427510012 47.222923405468464 751.37226139008999 11.89403063058853 57.403560677543283 14.848922681063412 1.7762188054621209 70.945843936875463 40.482050206512213 66.326262980699539 44.071759879589081 2.5056517999619237 2.6147367302328375 21.278709810227156 14.878605149686335 129.81129998713732 13.705999493598943 6.7653576172888261 4.8970448151230803 6.5975815691053858 2.1281955651938906 117.8525970838964 2.3696611560881138 13.476085167378185 79.078860970214009
leaf_count=1291 2966 3508 343 28 21 19 585 4031 63 1011 197 22 2101 326 440 617 37 33 209 75 656 152 79 35 65 21 1050 24 158 2091
internal_value=-0.000204255 0.0011585 -0.00671491 -0.0104139 0.00735388 -0.0137705 0.00423378 0.00573786 0.00855129 -0.0100678 -0.00640009 -0.00424978 -0.0303866 0.00527207 0.0124992 0.0040418 0.0618264 -0.000504678 0.0237697 0.0193305 0.0225101 -0.00531687 -0.000301612 0.0219232 0.0125596 0.0249719 -0.0074431 0.0418113 0.0167573 -0.0268526
internal_weight=2309.97 2197.58 617.259 471.7 74.9521 396.748 1580.33 1365.31 907.956 324.448 267.044 252.195 72.3004 145.559 105.077 73.3127 5.34748 67.9652 23.8934 156.584 144.69 215.015 167.793 40.8049 35.9079 29.3103 126.988 9.13502 27.1821 112.381
internal_count=22254 18872 8912 7803 945 6858 9960 7791 4825 4738 3727 3530 2120 1109 783 924 65 859 242 794 731 2169 1584 431 396 331 1153 103 310 3382
is_linear=0
shrinkage=0.05


Tree=51
num_leaves=31
num_cat=0
split_feature=28 20 28 0 8 13 3 14 15 15 12 11 24 10 22 10 2 26 19 11 3 26 24 12 3 13 7 22 9 7
split_gain=31.5185 19.0663 12.2696 8.60785 8.82442 8.40932 7.88323 9.12781 7.28562 9.22061 14.3174 7.64368 7.25038 7.05902 9.00376 6.95093 10.7346 10.1133 9.17737 8.93452 9.20447 8.21475 13.708 11.9698 13.9461 9.25014 9.18154 13.0684 14.8525 8.94498
threshold=5.5000000000000009 -1.1949999999999996 1.5000000000000002 4.5000000000000009 0.41585000000000005 0.78666666666666762 61.500000000000007 0.0048250000000000246 0.020833333333333332 0.024166666666666659 0.32855000000000006 0.28900000000000009 0.088333333333333389 0.28015000000000007 -0.23999999999999996 0.25469999999999998 1.5000000000000002 0.095000000000000209 -0.0099999999999999863 0.49730000000000002 34.500000000000007 -0.010000000000000229 -0.010000000000000229 0.36295000000000005 25.500000000000004 -0.60333333333333294 4.6950000000000012 -0.11000000000000008 3.9750000000000005 5.8750000000000009
decision_type=2 2 2 2 2 2 2 2 2 2 2 2 2 2 2 2 2 2 2 2 2 2 2 2 2 2 2 2 2 2
left_child=1 8 3 -3 -5 12 15 -8 11 10 -10 -1 -2 -11 -15 16 17 -4 19 21 -21 -18 29 25 -25 -24 -27 -28 -29 -23
right_child=5 2 6 4 -6 -7 7 -9 9 13 -12 -13 -14 14 -16 -17 18 -19 -20 20 -22 22 23 24 -26 26 27 28 -30 -31
leaf_value=-0.03828074853639038 -0.038056381019999468 -0.0052317604645232127 0.02149405156224931 0.0048199501636749728 0.016332143748047097 -0.0034512326778416377 0.14569864718870124 0.0014578828901798027 0.20433972200097128 -0.05299092734141269 -0.01717362989181313 -0.011918282125909573 0.012961931697030761 0.13352425200295878 -0.029341817530551307 0.00087846289103246916 -0.020553731338891157 0.16731035446475084 -0.019331568954494175 0.1071138375500925 -0.01109120191932831 -0.026136579490063944 -0.030514355308119329 0.098991951388876884 -0.050146789135705729 0.16074930734110143 -0.023559171947608173 0.024858811587406812 0.18549872552711147 0.039735569185879699
leaf_weight=38.228522550314665 78.330528797581792 120.58876286447048 10.248821120709179 435.04433184862137 269.62686958909035 31.870846476405859 1.9778938423842181 2.4621532075107098 1.541159320622681 3.7674199007451534 1.3850253801792858 97.939682193100452 7.6433614715933791 1.5843503177165987 1.8273535091429947 964.18373937159777 39.486816763877869 1.3451833408325899 135.25139501690865 3.8367791734635821 2.8854458369314671 23.940357500687245 2.0351109541952637 2.1600771062076083 5.7141674570739269 2.9830222371965638 3.0938648786395779 2.9259886667132369 2.8312063179910183 6.5674410276114932
leaf_count=959 3006 544 141 1902 1264 579 23 25 24 88 29 2188 109 23 21 8368 386 20 1842 33 26 360 30 18 60 34 38 25 25 64
internal_value=-0.000200466 0.00115772 0.00240852 0.00711241 0.00922484 -0.0253885 -0.000789305 0.0657124 -0.0162795 0.0246827 0.0994927 -0.0193194 -0.0335207 -0.00580959 0.046291 -0.00103343 -0.00854821 0.0384122 -0.0108778 0.000734756 0.0563755 -0.0033424 0.00966439 0.0399999 -0.00923478 0.0679529 0.0848863 0.0593186 0.103856 -0.0119562
internal_weight=2303.31 2185.46 2039.19 825.26 704.671 117.845 1213.93 4.44005 146.274 10.1053 2.92618 136.168 85.9739 7.17912 3.4117 1209.49 245.306 11.594 233.712 98.4603 6.72223 91.7381 52.2512 21.7434 7.87424 13.8692 11.8341 8.85106 5.75719 30.5078
internal_count=22254 18560 15228 3710 3166 3694 11518 48 3332 185 53 3147 3115 132 44 11470 3102 161 2941 1099 59 1040 654 230 78 152 122 88 50 424
is_linear=0
shrinkage=0.05


Tree=52
num_leaves=31
num_cat=0
split_feature=28 20 28 13 13 24 14 23 22 14 9 0 24 0 23 26 24 16 2 6 26 26 8 19 11 14 8 10 13 22
split_gain=29.1531 17.6284 12.0884 8.07046 8.02197 6.91877 6.81074 9.21838 7.28287 6.85365 7.04632 6.72765 6.9476 6.6092 6.98539 6.6604 6.48384 7.39697 9.95956 7.00858 7.85119 24.6169 6.74998 6.44996 7.30946 6.22013 15.6608 6.13058 6.2255 5.9883
threshold=5.5000000000000009 -1.5399999999999996 1.5000000000000002 0.78666666666666762 0.52999999999999992 0.088333333333333389 -0.0090916666666666628 6.9250000000000007 0.80000000000000016 -0.074074999999999974 7.3950000000000005 2.5000000000000004 0.10249999999999961 11.500000000000002 6.9150000000000009 -0.11999999999999965 -0.010000000000000229 4.5000000000000009 1.5000000000000002 0.15500000000000003 0.010000000000000233 1.0000000180025095e-35 0.35859999999999997 0.065000000000000016 0.29845000000000005 0.03420833333333332 0.47639999999999999 0.56550000000000011 2.0491666666666672 -0.77999999999999947
decision_type=2 2 2 2 2 2 2 2 2 2 2 2 2 2 2 2 2 2 2 2 2 2 2 2 2 2 2 2 2 2
left_child=1 -1 4 5 11 -2 7 9 -9 -6 27 12 -3 14 15 -5 17 18 22 20 21 29 -4 -20 -25 -17 -27 28 -11 -19
right_child=3 2 16 13 6 -7 -8 8 -10 10 -12 -13 -14 -15 -16 25 -18 19 23 -21 -22 -23 -24 24 -26 26 -28 -29 -30 -31
leaf_value=-0.020218502757871858 -0.037511570010818424 -0.024205122631721868 0.1086029610650527 0.10508542022082951 0.012479861298154109 0.012196527031795783 0.018503490287797495 -0.0012086640609358776 0.057859227320265522 -0.014676091285839597 0.043089998256082139 0.0042822481384067338 0.041315939792615414 -0.024313927556278456 0.11465291804234196 -0.032732856237922145 0.001616032967117117 0.086499107735204667 -0.0049242337924680782 -0.031389238942655495 -0.014666216991543055 0.2667961299445516 0.0010089840125449556 -0.029704595665309891 0.09170136213572519 0.16718725414144109 -0.034038421397781703 -0.073436230696309321 0.045855766616209458 -0.037339656214919845
leaf_weight=92.868182606995106 75.56530792824924 36.447450250387192 3.3140774164348832 1.5701525956392277 60.800277456641197 7.7149761822074643 200.10690669715405 8.5606961101293582 13.366174161434172 63.228911682963371 5.7982260286808005 422.55634622275829 4.5510722100734702 17.174854710698128 1.7668152712285508 7.2035059034824389 818.37708375230432 1.4322110246866935 363.57819672487676 48.435440601781011 16.72938141785562 1.0914383959025142 2.6023256033658981 1.8949868865311135 3.5857094153761864 1.5878525525331495 2.4725622683763504 4.118832364678382 4.5535216927528372 3.0658069532364638
leaf_count=2481 3006 175 39 26 276 109 943 36 61 279 30 1847 20 322 28 132 7062 29 3750 1013 314 19 30 26 32 31 40 20 24 54
internal_value=-0.00019707 0.00109693 0.0020449 -0.0247269 0.00675655 -0.0329067 0.0123503 0.00467512 0.0347979 -9.38268e-05 -0.00993281 0.00240599 -0.0169319 -0.00328874 0.0214429 0.00861109 -0.0010267 -0.00587886 -0.00308094 -0.020707 0.0024752 0.0537799 0.0612778 -0.00411268 0.0497245 -0.0048371 0.0446522 -0.0142086 -0.0106097 0.00209177
internal_weight=2296.12 2181.06 2088.2 115.056 824.088 83.2803 360.534 160.427 21.9269 138.5 77.6995 463.555 40.9985 31.7757 14.6009 12.8341 1264.11 445.73 374.975 70.7543 22.3188 5.58946 5.9164 369.059 5.4807 11.2639 4.06041 71.9013 67.7824 4.49802
internal_count=22254 18560 16079 3694 3711 3115 1669 726 97 629 353 2042 195 579 257 229 12368 5306 3877 1429 416 102 69 3808 58 203 71 323 303 83
is_linear=0
shrinkage=0.05


Tree=53
num_leaves=31
num_cat=0
split_feature=20 28 24 13 0 26 13 14 10 22 22 3 11 13 8 8 24 10 1 8 19 19 10 10 24 24 11 23 14 12
split_gain=27.1343 16.7992 10.0274 8.54391 8.19652 7.88554 8.47092 8.34721 8.72288 7.88055 9.46873 8.87769 9.30851 11.3301 7.85219 7.74938 7.63669 9.48139 7.56593 7.49753 8.30124 8.09705 7.64478 13.767 9.35349 10.9687 9.27862 7.24462 7.11841 9.97163
threshold=-1.585 3.5000000000000004 -0.024999999999999908 1.2866666666666668 4.5000000000000009 0.084999999999999978 0.55333333333333423 -0.010608333333333273 0.62880000000000014 -0.17500000000000024 -1.9550000000000001 22.500000000000004 0.29160000000000003 -0.37833333333333358 0.13365000000000002 0.58750000000000013 -0.1116666666666659 0.47505000000000003 5.5000000000000009 0.43205000000000005 0.010000000000000004 -0.064999999999999988 0.39315000000000005 0.41285000000000005 0.011666666666666272 0.02166666666666606 0.27235000000000004 6.6050000000000013 -0.08674166666666662 0.3674
decision_type=2 2 2 2 2 2 2 2 2 2 2 2 2 2 2 2 2 2 2 2 2 2 2 2 2 2 2 2 2 2
left_child=14 5 4 18 -3 6 9 8 28 10 -2 12 -12 -14 -1 -5 17 -7 -4 22 21 -21 24 -24 -9 -26 -27 -16 -8 -30
right_child=1 2 3 15 -6 16 7 19 -10 -11 11 -13 13 -15 27 -17 -18 -19 -20 20 -22 -23 23 -25 25 26 -28 -29 29 -31
leaf_value=-0.044331860708476112 -0.010866995993438364 0.0047756372492456477 -0.0030151300700965045 0.013684853572726585 -0.023077569889202915 -0.010951875291136661 0.011273323925738987 0.031652798040160489 0.043700941772326543 -0.0043243119232000858 -0.016846397070732721 0.0075381675423248562 0.14237008462244422 0.021898844679685774 0.06096108476530241 -0.02856859173348433 -0.017614529112473964 0.10702448279242385 -0.023222512189236953 -0.060586352054027376 -0.02390415408072135 0.011721768539870758 0.084463722861335175 0.024341283637607986 -0.051451480822254127 0.088050310215683991 0.0016069186901029294 -0.018728384673702022 -0.013075496333669646 0.011852575129751436
leaf_weight=35.030555641278625 72.479879207909107 33.751359829679132 280.37366781197488 105.13925282657146 121.48338696919382 4.179147668182849 98.911477275192738 34.170442849397659 12.138255894184111 372.37055143900216 3.3520148098468763 346.36371321231127 3.9448610618710518 3.8627147078514099 2.9785468690097323 12.100174833089111 65.918076265603304 2.8743436671793461 55.488962467759848 3.939560964703559 19.020953856408596 224.50225299596786 11.316991463303564 60.014321811497211 9.2549647837877256 3.3939137309789649 36.374864891171455 67.143889542669058 128.80210813134909 58.264110371470451
leaf_count=1427 562 557 3611 773 2284 43 537 202 64 2478 23 2382 30 23 39 81 660 19 1606 20 121 1138 57 307 49 19 188 1916 713 325
internal_value=-0.000191784 0.0010028 -0.00605451 -0.00229711 -0.0170217 0.00372788 0.00450745 0.00852664 0.00218688 0.00100055 0.00561172 0.00895242 0.0528469 0.0827682 -0.0250006 0.00932391 -0.0123234 0.0371243 -0.00635366 0.0132282 0.00783229 0.0104748 0.0218695 0.0338799 0.0115717 -0.00242525 0.0089841 -0.0153435 0.000424821 -0.00531134
internal_weight=2288.94 2183.79 608.337 453.102 155.235 1575.45 1502.48 700.104 298.116 802.374 430.003 357.523 11.1596 7.80758 105.153 117.239 72.9716 7.05349 335.863 401.988 247.463 228.442 154.525 71.3313 83.1942 49.0237 39.7688 70.1224 285.978 187.066
internal_count=22254 18872 8912 6071 2841 9960 9238 3740 1639 5498 3020 2458 76 53 3382 854 722 62 5217 2101 1279 1158 822 364 458 256 207 1955 1575 1038
is_linear=0
shrinkage=0.05


Tree=54
num_leaves=31
num_cat=0
split_feature=28 20 15 24 13 13 14 10 3 22 26 14 3 26 0 9 8 19 15 11 27 10 26 7 24 27 7 7 13 24
split_gain=25.43 14.8444 9.44571 11.7836 7.53799 7.10729 8.17174 7.86789 8.94722 7.60779 6.95623 8.8025 11.5412 6.72224 12.702 9.70839 8.67866 7.3262 11.4748 11.9258 7.79781 6.69985 11.6682 8.05398 8.03532 7.84076 7.62288 6.67568 9.39414 6.63331
threshold=5.5000000000000009 -1.1949999999999996 0.009166666666666658 0.030000000000000696 0.78666666666666762 -1.0133333333333332 -0.025241666666666659 0.6695000000000001 40.500000000000007 2.8150000000000008 -0.010000000000000229 -0.022858333333333338 37.500000000000007 0.024999999999999915 16.500000000000004 4.6250000000000009 0.55715000000000015 -0.025000000000000005 0.016666666666666687 0.34300000000000003 0.050000000000000273 0.34250000000000008 -0.10999999999999986 5.7550000000000008 0.10833333333333385 -0.020000000000000014 5.3950000000000005 7.0550000000000006 0.90833333333333377 0.088333333333333389
decision_type=2 2 2 2 2 2 2 2 2 2 2 2 2 2 2 2 2 2 2 2 2 2 2 2 2 2 2 2 2 2
left_child=1 -1 3 5 29 -3 9 10 -9 -7 -8 12 -12 16 15 17 27 18 -15 -20 -19 24 23 -23 25 -5 -26 -4 -29 -2
right_child=4 2 13 21 -6 6 7 8 -10 -11 11 -13 -14 14 -16 -17 -18 20 19 -21 -22 22 -24 -25 26 -27 -28 28 -30 -31
leaf_value=-0.014714459286572194 -0.036597280383801292 -0.022245377781227451 0.0085542482893351795 -0.0088246787256938287 -0.0029124352778298599 -0.0075703342727267827 -0.012760256689229711 0.08468705250360542 -0.0046515135636139198 -0.044944031012994601 0.13151887031473519 0.0019887856900859952 0.0047595760874569416 0.18533013894686801 -0.027752937994918639 -0.00022356826477660564 -0.011049614511652053 -0.027038585856657395 -0.025189330720610054 0.11789023329282833 0.1005770088188836 0.033016384109018047 0.016855137862568412 -0.037979618935963536 0.0084927996701762119 0.020031300776110865 0.093734594767454535 -0.020422404313971035 0.038524476079246479 0.012248096347569912
leaf_weight=140.48983568698168 71.280253380537033 50.470611112192273 571.56803545169532 130.26429025828838 31.51987149938941 285.89236340485513 84.97854296118021 5.9352521225810033 5.3096722140908241 14.297484312206505 3.0552411414682856 374.79045727849007 4.3557382002472878 1.8528235387057064 39.249291237443686 102.4577573928982 52.956498846411705 4.8314828816801292 3.0772759672254324 2.7649269513785839 1.5912800766527651 5.2096232920885113 183.05365714430809 17.129105146974325 7.0637071840465051 28.733801266178489 4.1716515570878983 8.1941324099898321 38.588087320327759 7.7016049213707438
leaf_count=3332 3006 544 3497 894 579 2661 899 37 33 151 27 3042 36 23 383 833 284 52 34 23 21 39 1080 114 43 209 21 50 198 109
internal_value=-0.000186214 0.00100401 0.00209085 -0.000733957 -0.0235845 -0.00406243 -0.00288379 0.00117369 0.0425028 -0.00935037 0.00017891 0.0030558 0.0570172 0.00620515 -0.00315067 0.00513256 0.00837684 0.0440039 0.0769104 0.0425256 0.00457898 0.00661268 0.012692 -0.0214226 -0.000722222 -0.00360989 0.0401428 0.0100406 0.0281996 -0.0318343
internal_weight=2282.83 2172.33 2031.84 1204.71 110.502 829.085 778.615 478.425 11.2449 300.19 467.18 382.201 7.41098 827.132 155.825 116.576 671.307 14.1178 7.69503 5.8422 6.42276 375.626 205.392 22.3387 170.233 158.998 11.2354 618.35 46.7822 78.9819
internal_count=22254 18560 15228 9830 3694 7430 6886 4074 70 2812 4004 3105 63 5398 1369 986 4029 153 80 57 73 2400 1233 153 1167 1103 64 3745 248 3115
is_linear=0
shrinkage=0.05


Tree=55
num_leaves=31
num_cat=0
split_feature=20 1 16 1 24 0 23 16 23 8 26 11 13 24 22 7 10 26 14 21 17 22 9 8 13 20 3 8 21 7
split_gain=23.6072 14.8158 11.1715 11.1448 8.88303 8.34671 8.44892 10.3003 8.31431 9.93224 9.13208 13.1846 7.79588 7.14032 8.95018 8.7017 9.99927 7.12937 7.09935 7.04017 6.92514 9.21426 10.164 8.54586 9.66331 13.8494 7.71973 8.02229 10.3098 9.48124
threshold=-1.585 2.5000000000000004 2.5000000000000004 5.5000000000000009 0.020000000000000909 3.5000000000000004 6.8950000000000005 1.5000000000000002 6.7650000000000006 0.47844999999999999 -0.069999999999999826 0.40050000000000008 -1.645833333333333 -0.0050000000000003366 -1.9099999999999993 3.7350000000000008 0.23859999999999998 1.0000000180025095e-35 0.11039166666666671 -0.084999999999999978 4.5000000000000009 -1.0000000180025095e-35 6.4150000000000009 0.55715000000000015 1.6900000000000002 0.76500000000000024 44.500000000000007 0.40230000000000005 -0.0099999999999999863 5.8250000000000011
decision_type=2 2 2 2 2 2 2 2 2 2 2 2 2 2 2 2 2 2 2 2 2 2 2 2 2 2 2 2 2 2
left_child=12 13 5 4 -4 6 8 -8 9 -3 -11 -12 -1 18 -15 -16 -17 -9 -2 -7 23 22 -22 24 26 -26 -21 28 29 -28
right_child=1 2 3 -5 -6 19 7 17 -10 10 11 -13 -14 14 15 16 -18 -19 -20 20 21 -23 -24 -25 25 -27 27 -29 -30 -31
leaf_value=-0.046013438599472781 -0.0031887556680397578 0.0010853226441860915 -0.011880050672598775 -0.031862160230055045 0.0037908568720590682 0.057169396809528816 0.09213876200413082 -0.062305448644753507 -0.019196808109681621 0.0056480505406851858 0.13336633552076485 0.0067281486771455972 -0.015119790594829078 -0.016254779719092057 0.048222844060755561 -0.0042070918220560556 0.010560154756902987 0.051868288471732096 0.020064673033354016 0.0063979877491789038 0.092922633649263925 -0.014680256790111763 -0.027241687551749445 -0.020967530013558808 0.10502016793326277 0.015869662708718254 0.01363087225201948 -0.024820251011915418 -0.021648447533517693 0.11088307267796299
leaf_weight=28.425458027049899 343.86924625560641 21.31802167929709 270.38237126916647 49.084838857874274 135.87322200834751 5.1347128376364699 7.5045227445662004 2.4132605437189341 17.499952930957079 5.7571209073066703 5.565261844545601 3.2588296569883823 72.512917052954435 38.279020912945271 13.555302444845436 140.93374272808433 614.26316801831126 3.1545730773359537 36.287200409919024 164.55218888446689 4.2604293804615727 123.2852202244103 2.9981437250971794 35.710964081808925 4.7359793707728377 54.349336259067059 7.9386990591883677 48.645531399175525 12.091169174760578 3.6622796133160591
leaf_count=1291 2207 167 4375 1760 1481 31 56 24 143 34 39 19 2091 243 76 779 3197 35 223 1487 40 1165 23 269 31 318 63 430 134 23
internal_value=-0.000181354 0.000914983 -0.0036045 -0.0093579 -0.00663888 0.00130291 0.017881 0.0539092 0.00906109 0.0228361 0.0546361 0.0865975 -0.0238198 0.00468066 0.00734203 0.00851701 0.00780431 0.00238208 -0.000969138 -0.00105493 -0.00170172 -0.011457 0.0432889 0.00213774 0.00492551 0.0230155 0.000413482 -0.0131999 0.0106593 0.0443321
internal_weight=2277.3 2176.36 989.177 455.34 406.256 533.836 66.4715 13.0724 53.3992 35.8992 14.5812 8.82409 100.938 1187.19 807.031 768.752 755.197 5.56783 380.156 467.365 462.23 130.544 7.25857 331.686 295.975 59.0853 236.89 72.3377 23.6921 11.601
internal_count=22254 18872 12147 7616 5856 4531 517 115 402 259 92 58 3382 6725 4295 4052 3976 59 2430 4014 3983 1228 63 2755 2486 349 2137 650 220 86
is_linear=0
shrinkage=0.05


Tree=56
num_leaves=31
num_cat=0
split_feature=13 1 3 27 16 22 19 30 24 0 15 9 13 12 14 20 0 22 23 3 18 22 16 0 22 3 7 8 27 13
split_gain=22.2492 15.8711 9.88804 9.44353 10.9241 11.3816 8.19693 9.08474 10.1331 7.55913 8.82262 7.01181 7.40853 6.92428 23.9693 6.62376 6.61893 7.80086 7.03566 7.94525 9.38729 7.68563 7.62711 14.645 11.3761 6.91882 6.60239 6.50104 8.21554 6.2158
threshold=-1.4000000000000001 1.5000000000000002 23.500000000000004 -0.015000000000000123 2.5000000000000004 -1.0000000180025095e-35 0.0099999999999999898 -1.0000000180025095e-35 -0.020000000000000014 4.5000000000000009 -0.055833333333333325 6.4050000000000011 1.6900000000000002 0.46775000000000005 -0.061741666666666618 -1.7099999999999995 16.500000000000004 3.0850000000000013 6.8950000000000005 56.500000000000007 1.5000000000000002 0.099999999999999881 1.5000000000000002 3.5000000000000004 -0.28500000000000009 33.500000000000007 6.1250000000000009 0.51940000000000019 0.039999999999999598 -0.90833333333333333
decision_type=2 2 2 2 2 2 2 2 2 2 2 2 2 2 2 2 2 2 2 2 2 2 2 2 2 2 2 2 2 2
left_child=15 2 -2 -3 16 6 13 8 -8 29 -11 -12 -13 -6 -15 -1 18 -18 19 25 -21 22 23 -20 -24 -5 -16 28 -19 -4
right_child=1 3 9 4 5 -7 7 -9 -10 10 11 12 -14 14 26 -17 17 27 21 20 -22 -23 24 -25 -26 -27 -28 -29 -30 -31
leaf_value=-0.04298562401323338 0.034526939778866832 0.0020163575939874442 -0.056268870999553716 0.012805254501890767 0.00078775019260999982 -0.02166208183068322 -0.0119075731256401 -0.019058745870809052 0.20549445182269441 -0.07295949380161891 0.0046376931657998782 0.012411950860127358 0.043268310894662584 0.17506862106664592 -0.042918345371594849 -0.012388712892118445 -0.014962581267071366 -0.033851276808627713 0.21881852484069145 0.11220330580120691 0.00031350981739072217 0.010268331512310519 0.14220210558456331 0.03906844612787061 -0.015851708806889808 -0.0071499761843616854 0.06707621547949609 0.06531317777349889 0.072300090373040957 -0.0038661658626005695
leaf_weight=35.581497410312295 30.001217886805534 639.06033159419894 5.9717070162296286 60.098539145663381 110.27172628045082 174.26278596557677 1.2075653318315747 80.274562444537878 0.96377022191882034 3.4018511921167365 473.56736943125725 149.00682486593723 22.373698979616165 2.5770979356020689 4.1234134621918184 35.174603024497628 104.9511950686574 6.2572576329112035 1.7755238972604255 3.3971125967800608 4.1825040616095066 38.131663329899311 1.4860400930047033 3.1320926528424025 4.8675416801124811 156.67627027630806 2.0388287287205458 5.7709802016615859 2.5719508305191994 108.01932259649038
leaf_count=1561 132 5809 35 532 1688 3821 25 1560 17 15 2087 699 134 35 69 473 1027 51 17 24 43 297 12 46 79 1404 29 33 21 479
internal_value=-0.000177477 0.000709946 0.00637074 -0.00247545 -0.00620818 -0.0123053 -0.00421152 -0.016329 0.0845886 0.00526268 0.00735035 0.00777396 0.0164402 0.00418299 0.0470237 -0.0277751 -0.000383597 -0.0101988 0.00390293 0.000141847 0.0504615 0.0209867 0.0572801 0.1041 0.0211155 -0.0016176 -0.00652574 0.0240447 -0.00292935 -0.00661141
internal_weight=2271.18 2200.42 792.342 1408.08 769.018 375.72 201.457 82.4459 2.17134 762.341 648.35 644.948 171.381 119.011 8.73934 70.7561 393.299 119.551 273.747 224.354 7.57962 49.3929 11.2612 4.90762 6.35358 216.775 6.16224 14.6002 8.82921 113.991
internal_count=22254 20220 3581 16639 10830 7244 3423 1602 42 3449 2935 2920 833 1821 133 2034 3586 1132 2454 2003 67 451 154 63 91 1936 98 105 72 514
is_linear=0
shrinkage=0.05


Tree=57
num_leaves=31
num_cat=0
split_feature=28 20 15 24 13 23 13 6 14 23 12 9 11 20 11 15 26 0 10 8 22 28 24 26 0 20 3 20 20 0
split_gain=21.0501 11.6836 8.5336 9.84284 7.03951 8.18761 9.11486 9.3623 6.45409 6.71677 6.81086 9.09595 6.03567 9.55881 17.0439 10.395 5.993 12.3955 8.21776 7.73938 5.99063 5.96694 7.85461 8.20053 9.16344 8.60343 10.6271 6.79979 5.84771 8.24942
threshold=5.5000000000000009 -1.5399999999999996 0.009166666666666658 0.030000000000000696 -1.2650000000000008 6.7550000000000008 -0.79166666666666552 0.19500000000000003 -0.026808333333333375 6.6750000000000007 0.33410000000000001 4.5650000000000004 0.34044999999999997 1.155 0.36890000000000001 0.02 0.024999999999999915 16.500000000000004 0.30080000000000001 0.55715000000000015 2.6450000000000009 3.5000000000000004 0.028333333333333769 0.10999999999999989 5.5000000000000009 -0.40999999999999986 39.500000000000007 0.54000000000000037 0.55999999999999994 9.5000000000000018
decision_type=2 2 2 2 2 2 2 2 2 2 2 2 2 2 2 2 2 2 2 2 2 2 2 2 2 2 2 2 2 2
left_child=1 8 3 21 -2 6 7 -6 9 10 11 -1 -8 -14 -15 -16 19 18 -18 -4 -19 -3 23 -23 25 -25 -27 -24 -20 -30
right_child=4 2 16 -5 5 -7 12 -9 -10 -11 -12 -13 13 14 15 -17 17 20 28 -21 -22 22 27 24 -26 26 -28 -29 29 -31
leaf_value=0.0020918015382251423 -0.051200564564328623 -0.0016321522248134148 0.0091406546595197893 0.0056166613582056832 0.040857435357853827 -0.029001749162153614 -0.029334206486145126 0.25682661279114843 -0.0074133904407240412 -0.045939665779129626 -0.031049358376044209 0.24344274276324773 -0.011991933175028835 0.2330226426178964 -0.036272276216319274 0.11896385099571538 0.029418584424599353 -0.035719515606614183 -0.020085462539907402 -0.010838089103406659 0.018634326689832569 -0.015380357266236284 -0.022322146700445956 0.17963715914218906 -0.0062479077398202455 0.12463158927280776 -0.054438150482428199 0.11247272216251447 -0.0098433393750143768 0.026474806618444119
leaf_weight=0.9261832796037226 17.299452746286988 644.30161751620471 624.47807772085071 386.37461958266795 2.6728506293147798 51.773899042978883 14.898303018882869 0.61779689602553833 56.521844925358891 25.013741655275226 2.2539244834333658 0.67481324449181557 11.749332409352066 1.214247217401861 2.8551590088754892 1.7329154629260299 26.447323920205235 33.49136726744473 30.585092671215534 52.553460016846657 5.9735135696828356 190.08404123783112 1.5536777488887303 1.5015672929584978 8.3537470232695323 1.6620724350213998 1.6520830951631067 2.3518254347145557 34.636332869529724 28.502240687608719
leaf_count=28 975 4679 3821 2537 110 1746 426 9 1582 800 55 16 317 23 59 29 288 356 323 284 44 3044 23 31 153 21 25 24 235 191
internal_value=-0.000173611 0.000888291 0.00163438 -0.0010021 -0.0220561 -0.016295 0.00211199 0.0814042 -0.0172374 -0.0364717 0.0249636 0.10382 -0.00592879 0.0139383 0.0664455 0.0223604 0.005535 -0.00317975 0.00480466 0.00758984 -0.0274924 -0.00400555 -0.0113872 -0.0127368 0.025419 0.0803509 0.0353666 0.058849 -0.00214099 0.00655153
internal_weight=2264.71 2159.89 2074.5 1237.84 104.814 87.5145 35.7406 3.29065 85.3905 28.8687 3.85492 1.601 32.45 17.5517 5.80232 4.58807 836.667 159.636 120.171 677.032 39.4649 851.461 207.159 203.254 13.1695 4.81572 3.31416 3.9055 93.7237 63.1386
internal_count=22254 18560 16079 10537 3694 2719 973 119 2481 899 99 44 854 428 111 88 5542 1437 1037 4105 400 8000 3321 3274 230 77 46 47 749 426
is_linear=0
shrinkage=0.05


Tree=58
num_leaves=31
num_cat=0
split_feature=13 1 3 28 0 15 23 15 19 24 23 10 28 19 9 27 9 26 9 8 8 13 26 9 27 22 7 22 28 24
split_gain=19.6325 13.5819 8.9477 8.17203 6.88 8.04942 6.83404 6.80288 8.0224 6.6275 6.59706 10.6256 6.43874 6.42188 6.47044 9.12776 8.42612 7.73578 9.8149 10.0004 24.2951 7.46329 6.71082 13.3877 7.7336 11.9014 10.7239 10.5228 10.1429 7.58068
threshold=-1.4000000000000001 1.5000000000000002 23.500000000000004 5.5000000000000009 4.5000000000000009 -0.055833333333333325 6.7550000000000008 -0.034499999999999982 0.15500000000000003 -0.010000000000000229 6.9050000000000011 0.30824999999999997 3.5000000000000004 -0.055 4.9050000000000011 -0.029999999999999801 6.9050000000000011 0.069999999999999854 3.7050000000000005 0.29895000000000005 0.24295000000000003 0.76000000000000034 0.020000000000000021 6.5250000000000012 0.034999999999999705 0.6499999999999998 6.5950000000000006 0.49499999999999994 3.5000000000000004 -0.024999999999999908
decision_type=2 2 2 2 2 2 2 2 2 2 2 2 2 2 2 2 2 2 2 2 2 2 2 2 2 2 2 2 2 2
left_child=12 2 -2 7 -4 -6 -5 10 9 13 -3 -12 -1 -9 15 17 22 18 -15 20 -20 -17 23 24 26 27 -16 28 -26 -30
right_child=1 3 4 6 5 -7 -8 8 -10 -11 11 -13 -14 14 16 21 -18 -19 19 -21 -22 -23 -24 -25 25 -27 -28 -29 29 -31
leaf_value=-0.013276133561204133 0.032701130238047542 -0.030019446218053858 -0.0065030419565739184 -0.00051725490725527642 -0.070401741112339128 0.0072327873786032608 -0.02879010440907262 0.018221287115560841 0.085395769855116266 0.0018491529160678585 -0.020277069095372191 0.087224501708388594 -0.044372855891501917 -0.030496614347709616 -0.024519105950272783 -0.027315104377279867 -0.019804191146382995 -0.037750204200414035 0.015987786675408473 0.0043025517951683833 0.31123069752850502 0.0099373926870588245 -0.0049217387932630474 0.058210235805629756 0.071883119824710712 -0.012349917775877045 0.057896338272888016 0.17766936044455975 -0.053566946013930188 0.064297707779772284
leaf_weight=38.715782251209021 29.941223442554474 36.521386560052633 113.77994877845049 36.543340601027012 3.3562541604042044 643.32508342713118 51.488478776067495 26.304514169692993 2.7046354487538329 821.40405491366982 6.9849116615951043 3.4260726142674685 29.201391521841288 2.0408055447041971 28.788334777578712 88.588296093046665 62.387056667357683 2.9222238902002573 1.4316227659583094 1.6469664704054592 1.3574919272214172 15.850598108023403 163.2996234651655 13.49461032822728 8.8738964237272793 13.883291304111479 4.5742361713200799 1.4816397298127402 3.8964059948921217 2.0991694759577491
leaf_count=540 132 556 514 1013 15 2920 1805 227 27 7416 117 37 1494 33 344 1790 531 47 27 23 19 148 1962 123 94 135 38 16 76 35
internal_value=-0.00017088 0.000649291 0.0058906 -0.0023056 0.004835 0.00682987 -0.0170536 -0.00131753 -0.000625109 -0.000809124 -0.0200107 0.0150998 -0.0266464 -0.00573894 -0.00725176 -0.017414 -0.00343099 0.0297811 0.0602496 0.101997 0.159686 -0.0216613 0.000818228 0.0129769 0.00337891 0.0216945 -0.0132194 0.0506008 0.0379392 -0.0123002
internal_weight=2260.31 2192.4 790.403 1401.99 760.461 646.681 88.0318 1313.96 1267.03 1264.32 46.9324 10.411 67.9172 442.921 416.616 113.838 302.778 9.39911 6.47689 4.43608 2.78911 104.439 240.391 77.0916 63.597 30.2344 33.3626 16.3511 14.8695 5.99558
internal_count=22254 20220 3581 16639 3449 2935 2818 13821 13111 13084 710 154 2034 5668 5441 2087 3354 149 102 69 46 1938 2823 861 738 356 382 221 205 111
is_linear=0
shrinkage=0.05


Tree=59
num_leaves=31
num_cat=0
split_feature=28 8 23 10 14 19 13 3 24 19 0 15 26 24 4 10 19 22 0 7 23 3 26 9 24 24 23 21 7 9
split_gain=18.159 13.1936 10.454 8.46099 8.10466 11.3999 10.7791 10.7687 8.07748 9.03825 7.47028 7.4539 10.974 13.7376 7.30367 7.10344 6.34791 9.13509 8.71027 8.34092 14.6665 8.32152 6.1689 6.16779 6.6499 6.52252 5.92863 13.3314 7.14934 5.96894
threshold=4.5000000000000009 0.30545000000000005 6.6250000000000009 0.24279999999999999 0.081191666666666676 1.0000000180025095e-35 0.79916666666666647 23.500000000000004 -0.0066666666666672638 -0.064999999999999988 1.5000000000000002 0.028333333333333346 1.0000000180025095e-35 -0.054999999999999265 51.500000000000007 0.11159999999999996 -0.055 2.4650000000000007 15.500000000000002 4.8150000000000004 6.7350000000000012 42.500000000000007 0.084999999999999978 7.4750000000000005 0.024999999999999915 0.088333333333333389 7.0050000000000008 0.010000000000000004 6.7650000000000006 6.6650000000000009
decision_type=2 2 2 2 2 2 2 2 2 2 2 2 2 2 2 2 2 2 2 2 2 2 2 2 2 2 2 2 2 2
left_child=3 2 -2 4 11 7 -7 15 -5 -10 -9 22 -13 -14 23 -6 17 18 21 20 -18 -16 -1 25 -25 -3 29 28 -28 -21
right_child=1 14 -4 8 5 6 -8 10 9 -11 -12 12 13 -15 16 -17 19 -19 -20 26 -22 -23 -24 24 -26 -27 27 -29 -30 -31
leaf_value=-0.0077106615848870491 0.030599422428825053 -0.031633314129084621 -0.032693402463617016 -0.0017738616030455508 0.03855124872097538 -0.032972668040134198 0.067293479560070604 0.080800452656819913 -0.03547690572906527 0.0066174182224118562 0.0068488534884907585 -0.0051757224477622602 -0.038800866195192782 0.12237087828563074 0.040724624481326903 0.13040772222273073 0.26843509385696879 -0.059093600967783433 -0.023191752196369684 -0.01298139465129192 -0.010315579034217356 0.14561649031599602 -0.037864519985582996 0.084479037762783885 -0.025419664508857378 0.038006711796364667 -0.017256518782371867 0.16935922856319385 0.12042233829267238 0.0081123311467069022
leaf_weight=327.47086180746555 7.0923863146454087 45.599004069343209 81.407655064947903 490.02991539798677 6.1622276511043292 20.860808735713366 3.0756908506155005 3.6623384915292254 12.919930798932908 980.87914025597274 50.550131183117628 11.775447968393566 1.8567041065543888 4.5920882523059836 5.387055713683365 3.1964280232787132 0.77803122811019321 2.2410510554909697 2.8942266143858424 103.7070123590529 1.1992232874035833 2.9134972356259823 17.887916808947921 2.7416111379861823 2.7644033841788769 3.6299692802131167 5.4513202328234893 1.5539220608770845 1.1401177793741224 49.566716367378831
leaf_count=3212 119 858 3351 4145 46 367 21 22 78 6112 347 73 20 42 59 17 19 19 42 2003 40 32 346 29 25 46 118 22 16 608
internal_value=-0.000168183 -0.0112002 -0.0276211 0.00165669 -0.00433997 0.0093211 -0.0200891 0.0203949 0.0034797 0.00607017 0.0118447 -0.00762793 0.0235373 0.0759671 -0.00492447 0.0699246 1.58407e-05 0.0330523 0.0514987 -0.0027007 0.0993702 0.0775417 -0.00927249 -0.0208851 0.0293022 -0.0264983 -0.00395098 0.037616 0.00655773 -0.00615996
internal_weight=2254.99 320.067 88.5 1934.92 451.091 87.5076 23.9365 63.5711 1483.83 993.799 54.2125 363.583 18.2242 6.44879 231.567 9.35866 176.832 13.4358 11.1948 163.396 1.97725 8.30055 345.359 54.735 5.50601 49.229 161.419 8.14536 6.59144 153.274
internal_count=22254 7406 3470 14848 4513 820 388 432 10335 6190 369 3693 135 62 3936 63 2978 152 133 2826 59 91 3558 958 54 904 2767 156 134 2611
is_linear=0
shrinkage=0.05


Tree=60
num_leaves=31
num_cat=0
split_feature=13 1 3 24 9 24 3 2 8 0 13 28 27 20 8 10 12 11 15 22 10 8 13 3 9 13 13 7 16 22
split_gain=17.481 11.7288 7.8166 7.25587 6.88411 9.99832 8.51697 7.10318 13.8764 7.02491 14.8747 11.9013 8.87085 7.90442 9.42333 18.1528 8.10403 7.80833 7.57037 11.0184 7.20911 6.96654 7.02212 6.94345 7.09333 9.33014 7.2381 9.53806 7.85779 7.07233
threshold=-1.4000000000000001 1.5000000000000002 23.500000000000004 -0.051666666666666299 4.1150000000000011 0.071666666666667669 45.500000000000007 1.5000000000000002 0.31745000000000007 11.500000000000002 -1.2366666666666668 2.5000000000000004 -0.020000000000000014 -1.8299999999999996 0.26735000000000003 0.32805000000000001 0.60555000000000014 0.63070000000000015 0.014999999999999973 -1.4899999999999998 0.38730000000000003 0.57455000000000012 -1.3666666666666669 60.500000000000007 4.3350000000000009 -0.45916666666666645 -0.97833333333333317 4.3850000000000007 1.5000000000000002 2.8150000000000008
decision_type=2 2 2 2 2 2 2 2 2 2 2 2 2 2 2 2 2 2 2 2 2 2 2 2 2 2 2 2 2 2
left_child=-1 2 -2 -3 5 7 -7 8 -5 13 11 -11 -13 14 20 -16 17 18 -15 -20 -6 22 -9 24 26 -26 27 -12 -28 -27
right_child=1 3 -4 4 9 6 -8 21 -10 10 23 12 -14 16 15 -17 -18 -19 19 -21 -22 -23 -24 -25 25 29 28 -29 -30 -31
leaf_value=-0.025605459936922443 0.030593446246366188 -0.012891717902493348 0.0044851439269213552 0.0034573377783411923 -0.0029329885318156368 0.043277201448899211 -0.057085038059824914 0.09588779601449117 0.18526242225096523 0.2434226796201116 -0.0031287443223846877 0.17024875938312783 -0.023969767521234225 -0.00066292520032899371 0.22571424222680908 0.0017337777137885401 0.062887295862945933 -0.054057634794150711 0.10632129356898697 0.010593533688259965 0.13815254423986448 0.086834044470085692 -0.019239683483884284 0.053426510719922896 -0.029356305369499271 -0.0062642124567361644 0.11849202536823625 0.20815581287892815 0.0050904689028333956 0.011476102341565134
leaf_weight=65.557518418878317 29.793242961168289 141.43199965730309 759.20565547794104 6.9444344844669086 7.0237158294767124 13.337735997512935 2.5120320152491322 1.3371679987758387 1.2364203352481125 1.0084327552467578 1.0046703778207331 0.88632574863731894 1.7463088836520908 330.43966413475573 1.7876140866428607 1.8313787113875148 5.7274448089301577 5.9103590864688149 3.0609831549227229 167.24769251048565 1.0394266452640293 1.5981355682015408 139.75725361704826 5.2105887699872246 38.929250493645668 426.33356832712889 1.6449596676975513 1.1405425760895012 21.406403962522745 64.706391852349043
leaf_count=2034 132 2258 3449 142 196 136 28 33 16 18 29 20 54 3663 37 42 58 64 37 1252 20 10 2415 49 844 4364 13 19 359 463
internal_value=-0.000165127 0.000598087 0.00547101 -0.00215555 -0.00094545 -0.0104065 0.0273708 -0.0143751 0.0309346 0.000504228 -0.0033684 0.097365 0.0414175 0.00467207 0.0453397 0.11237 0.00374487 0.0030763 0.00375066 0.0123141 0.0152545 -0.0169728 -0.0181486 -0.00402292 -0.00456212 -0.00579446 0.0213581 0.109205 0.0131829 -0.0039265
internal_weight=2250.8 2185.24 788.999 1396.24 1254.81 166.723 15.8498 150.873 8.18085 1088.09 564.017 3.64107 2.63263 524.068 11.6821 3.61899 512.386 506.659 500.748 170.309 8.06314 142.693 141.094 560.376 555.166 529.969 25.1966 2.14521 23.0514 491.04
internal_count=22254 20220 3581 16639 14381 2780 164 2616 158 11601 6232 92 74 5369 295 79 5074 5016 4952 1289 216 2458 2448 6140 6091 5671 420 48 372 4827
is_linear=0
shrinkage=0.05


Tree=61
num_leaves=31
num_cat=0
split_feature=28 20 15 24 13 23 20 11 10 3 22 7 3 14 15 15 24 27 10 26 7 9 12 21 23 15 27 24 13 23
split_gain=16.7599 9.45352 6.98272 7.92091 6.7687 7.04791 10.4076 6.00879 8.0024 9.11885 6.86435 6.12936 5.98421 7.93102 6.10893 8.91413 6.97084 5.90717 5.83273 9.76333 8.05659 6.94881 7.55129 6.68027 9.64783 7.90066 6.48328 13.0691 9.85932 6.71856
threshold=5.5000000000000009 -1.6199999999999997 0.009166666666666658 0.030000000000000696 -1.2650000000000008 6.7550000000000008 -2.1449999999999991 0.23585000000000003 0.65110000000000012 40.500000000000007 0.32499999999999979 4.0150000000000006 51.500000000000007 -0.016374999999999997 -0.011666666666666671 -0.0036666666666666787 -0.010000000000000229 0.015000000000000126 0.34250000000000008 -0.10999999999999986 5.6550000000000011 5.4750000000000005 0.4093 0.045000000000000005 6.8950000000000005 -0.026666666666666655 -0.024999999999999908 0.045000000000001268 -0.27333333333333293 6.8350000000000009
decision_type=2 2 2 2 2 2 2 2 2 2 2 2 2 2 2 2 2 2 2 2 2 2 2 2 2 2 2 2 2 2
left_child=1 -1 3 7 -2 6 -6 10 11 -10 -3 12 13 -9 -15 16 -16 -8 21 20 -20 23 -23 25 -25 -5 -27 28 -28 -29
right_child=4 2 -4 18 5 -7 17 8 9 -11 -12 -13 -14 14 15 -17 -18 -19 19 -21 -22 22 -24 24 -26 26 27 29 -30 -31
leaf_value=-0.016998528508971038 -0.051123551285454205 -0.0028231852092300553 0.004905011646863717 0.039034108282558655 0.21565277853078593 -0.02719025403475387 -0.0044439312448225883 -0.042917946462881294 0.077999710999286764 -0.0069546118013045282 -0.023115896658747491 -0.00099744513580466766 -0.046193623417789952 -0.01229102506259973 0.021256845404243746 -0.0018873334823612247 0.15341087856103189 0.13188360775686728 0.035576213848968245 0.01436492428374652 -0.035938847510553228 -0.058317482075907548 0.015529903274197069 -0.040117158752122295 0.065761189409079934 -0.0042935729327073504 -0.059371500555431722 0.039850509197737236 0.026975600457912249 0.12995137473810628
leaf_weight=72.38510709721595 15.086708184331654 90.292501034215093 838.65460570715368 15.256707681342958 0.56181766279041667 48.223249424248934 34.147850127890706 11.304949052631853 6.6659071519970876 6.0035435669124126 77.393486730754375 617.61837787553668 14.523643430322407 15.123294124379752 1.78359611146152 5.6851455345749873 2.2650503981858492 0.81353779137134452 5.0494298227131393 186.3937313016504 17.894916426390409 10.363002076745031 5.1981167811900368 16.654307061806325 2.470766805112361 105.30413750186563 5.253940461203455 5.8075156137347204 8.9162432365119475 3.2140168286859989
leaf_count=2276 975 979 5591 109 25 1746 924 151 40 40 683 5764 167 189 26 68 22 24 38 1115 122 65 33 134 21 753 48 42 61 23
internal_value=-0.000162858 0.000763668 0.00138326 -0.00100548 -0.0202947 -0.014741 0.00215913 -0.00371066 -0.0016229 0.0377433 -0.012189 -0.00236919 -0.0190843 -0.00819641 0.00759487 0.0384914 0.0951916 -0.00127164 0.00491487 0.0105764 -0.0202003 -0.00172706 -0.0336491 0.00132273 -0.0264387 0.00501616 0.000977106 0.0249091 -0.00503969 0.0719499
internal_weight=2246.31 2147.48 2075.09 1236.44 98.8332 83.7465 35.5232 848.659 680.974 12.6695 167.686 668.304 50.6857 36.162 24.8571 9.73379 4.04865 34.9614 387.777 209.338 22.9443 178.439 15.5611 162.878 19.1251 143.753 128.496 23.1917 14.1702 9.02153
internal_count=22254 18560 16284 10693 3694 2719 973 8129 6467 80 1662 6387 623 456 305 116 48 948 2564 1275 160 1289 98 1191 155 1036 927 174 109 65
is_linear=0
shrinkage=0.05


Tree=62
num_leaves=31
num_cat=0
split_feature=28 13 24 1 7 10 0 18 9 25 0 3 3 13 8 13 22 18 26 23 15 9 23 13 0 3 14 10 24 22
split_gain=15.4407 8.72827 11.4159 8.06868 7.21795 7.43615 8.83628 11.9398 7.68317 7.83365 7.47251 8.49267 14.8089 8.07371 9.41238 7.35176 8.02338 7.096 6.81925 8.93044 6.90501 6.72601 9.0282 6.45777 11.2086 6.47408 6.07497 5.99818 5.92102 5.99825
threshold=5.5000000000000009 -0.46916666666666712 -0.034999999999999691 1.5000000000000002 4.9250000000000007 0.23859999999999998 9.5000000000000018 3.5000000000000004 2.7850000000000006 3.5000000000000004 9.5000000000000018 27.500000000000004 40.500000000000007 -0.59000000000000019 0.24295000000000003 -1.2150000000000003 -1.425 1.5000000000000002 0.044999999999999936 6.7950000000000008 -0.0036666666666666787 5.8650000000000011 6.6350000000000007 -0.45916666666666645 7.5000000000000009 61.500000000000007 0.016166666666666666 0.26635000000000003 -0.025000000000000796 -0.52000000000000013
decision_type=2 2 2 2 2 2 2 2 2 2 2 2 2 2 2 2 2 2 2 2 2 2 2 2 2 2 2 2 2 2
left_child=1 2 -1 -3 5 6 -4 8 9 15 11 -7 -13 27 -15 -8 -17 -12 20 -20 -10 22 -2 24 -5 -25 -27 -14 29 -9
right_child=21 3 4 23 -6 10 7 28 18 -11 17 12 13 14 -16 16 -18 -19 19 -21 -22 -23 -24 25 -26 26 -28 -29 -30 -31
leaf_value=-0.025791901272752323 0.022178996730590188 0.0064225413843364155 -0.023549846925785687 0.16726117640192734 -0.020676208635882432 0.10299179550710276 0.0092135178937562106 0.01579387365119448 0.068182709856052834 -0.012437252308744292 -0.050314808562384974 -0.025427262356364218 0.11274145284096904 0.022821780520606821 0.1768630213754698 0.20968636814538175 0.070090420630558897 0.0074069535824199482 0.21608499161913886 -0.001079301772100121 -0.0066253712706592334 -0.0028650533369652745 -0.037181508704754833 -0.00091524903526827856 -0.0081268575540234308 0.12830916552878477 0.0063528689790227745 0.021275533218139405 -0.015273539484787544 0.16272288058513909
leaf_weight=63.753480710089207 7.2892226176336399 672.11500320583582 46.111050117760897 1.5633499659597867 43.959222970530391 3.5991041716188183 1.5631871130317447 3.3252570601180196 3.7173080854117933 2.0500329211354256 6.0898121409118167 10.963946640491484 2.01553104259074 1.7603033855557466 2.2710731774568558 1.9643299318850038 2.1624741200357702 42.365349788218737 0.92542504332959541 0.96922183409333229 18.124802441336215 36.896759549155831 52.827630326151848 1140.7143023852259 2.1828801669180393 1.8751250896602858 2.2420460022985935 16.192582936957479 50.585544869303703 0.87803921010345121
leaf_count=1296 140 3021 703 20 530 38 43 76 44 41 77 133 26 19 24 17 26 550 18 26 220 981 2573 10492 42 20 21 199 817 21
internal_value=-0.000158647 0.00072338 -0.0068199 0.00207132 -0.0021962 0.00153652 -0.0058807 0.00356388 0.0281053 0.0713651 0.013053 0.0300381 0.0221302 0.0455758 0.109601 0.101558 0.136537 0.000152521 0.0139993 0.104993 0.00610621 -0.01967 -0.029984 -0.000474892 0.0650648 -0.000689358 0.0618967 0.0314003 -0.0105354 0.0464863
internal_weight=2243.05 2146.04 325.347 1820.69 261.594 217.634 132.377 86.2656 31.4768 7.74002 85.2577 36.8025 33.2034 22.2395 4.03138 5.68999 4.1268 48.4552 23.7368 1.89465 21.8421 97.0136 60.1169 1148.58 3.74623 1144.83 4.11717 18.2081 54.7888 4.2033
internal_count=22254 18560 4944 13616 3648 3118 2052 1349 435 127 1066 439 401 268 43 86 43 627 308 44 264 3694 2713 10595 62 10533 41 225 914 97
is_linear=0
shrinkage=0.05


Tree=63
num_leaves=31
num_cat=0
split_feature=20 1 13 7 30 20 0 8 9 4 24 26 23 3 13 9 15 27 27 3 14 19 12 3 27 12 23 21 24 10
split_gain=14.6005 8.89172 9.26716 7.18919 9.99964 7.16637 9.37495 7.03031 6.1163 8.77173 10.6118 7.88141 7.65732 8.7015 7.81727 10.4849 12.9896 7.08763 6.66253 6.96728 6.36642 6.1511 6.14718 6.85995 6.08801 8.89686 14.7402 12.6021 8.11814 14.3959
threshold=-1.585 4.5000000000000009 1.6900000000000002 6.705000000000001 -1.4999999999999998 1.8550000000000002 18.500000000000004 0.13365000000000002 6.5700000000000012 52.500000000000007 -0.038333333333333545 -0.1400000000000001 6.6450000000000005 51.500000000000007 0.52999999999999992 6.8850000000000007 0.031666666666666642 -0.19499999999999981 0.024999999999999915 36.500000000000007 -0.06079999999999993 0.010000000000000004 0.29905000000000004 39.500000000000007 -0.020000000000000014 0.27820000000000006 6.7650000000000006 0.010000000000000004 -0.0049999999999994485 0.25945000000000001
decision_type=2 2 2 2 2 2 2 2 2 2 2 2 2 2 2 2 2 2 2 2 2 2 2 2 2 2 2 2 2 2
left_child=7 -2 8 5 -5 -4 -7 -1 11 18 -11 21 -12 14 -14 -16 20 -13 -10 -20 -17 22 -3 -24 25 26 27 -9 29 -27
right_child=1 2 3 4 -6 6 -8 24 9 10 12 17 13 -15 15 16 -18 -19 19 -21 -22 -23 23 -25 -26 28 -28 -29 -30 -31
leaf_value=-0.04167324310694847 0.0019680437745419766 -0.026536544394720082 0.10352711019115696 0.053773319371078411 -0.0138532445921566 0.049692134751752305 -0.059333966041273278 0.22060255245007312 -0.030325560302931105 -0.040429595393283807 -0.058590631344146195 0.10112634988937126 -0.020414601637957948 0.13725927025734727 0.093400398359212114 0.066954473964334058 0.1227302031967968 -0.018821313376665195 0.11277809449619701 -0.0067181816035205471 -0.025078967915267321 -0.028078237685348523 0.12585762574146023 -0.00020658492095545038 -0.022843935032519296 -0.051859864759156708 -0.031076904168564418 0.020232589942812504 -0.022760026235253295 0.17265366334602872
leaf_weight=26.338772779330611 1846.9641682971269 1.6825537271797637 3.6358196996152392 6.9214960858225814 25.998847767710686 7.7567883282899839 2.6437630131840706 1.8238052837550669 23.438445610925559 6.4068508800119153 2.2465079184621599 1.2401338331401337 6.0241736918687883 2.0222810413688412 7.1197577398270395 2.4074816983193221 2.4373339824378482 178.26365840155631 1.7547563016414631 4.0013432037085295 8.5612858310341746 3.2670451160520315 3.272323552519083 1.6101204566657541 39.467049617320299 1.3256316343322461 2.3223820393905044 1.3773627206683157 14.836826803162689 1.5474788881838319
leaf_count=1427 13047 24 30 35 208 60 24 37 340 103 25 10 137 18 69 28 25 4419 22 46 88 50 46 18 1381 43 60 37 363 34
internal_value=-0.000155597 0.000666189 -0.00727691 0.0131401 0.000365228 0.0431018 0.0219783 -0.019996 -0.0110255 0.00202925 0.0181206 -0.0156051 0.0302924 0.0372809 0.0296657 0.0443639 0.0183214 -0.0179926 -0.0184886 0.0297105 -0.00487899 0.0279832 0.055882 0.0842845 -0.01089 0.00941639 0.0648191 0.13439 -0.00786314 0.0690648
internal_weight=2238.72 2149.68 302.713 46.9567 32.9203 14.0364 10.4006 89.0393 255.756 66.4202 37.2257 189.336 30.8188 28.5723 26.55 20.5259 13.4061 179.504 29.1945 5.7561 10.9688 9.83204 6.565 4.88244 62.7005 23.2335 5.52355 3.20117 17.7099 2.87311
internal_count=22254 18872 5825 357 243 114 84 3382 5468 901 493 4567 390 365 347 210 141 4429 408 68 116 138 88 64 1955 574 134 74 440 77
is_linear=0
shrinkage=0.05


Tree=64
num_leaves=31
num_cat=0
split_feature=13 1 13 14 9 8 3 7 3 6 13 15 21 14 14 22 15 27 20 9 3 14 13 10 4 8 4 12 12 9
split_gain=13.5069 9.19963 8.78457 6.37781 9.59182 10.04 8.59715 9.40753 8.90735 7.51083 8.12112 9.25839 14.5224 11.1772 6.97339 7.17532 10.521 10.4964 8.32508 6.88603 6.67866 10.4656 7.37794 6.52562 6.34512 6.55703 7.90193 10.6493 8.71941 8.37411
threshold=-1.4000000000000001 4.5000000000000009 1.6900000000000002 -0.026108333333333286 5.6450000000000005 0.32680000000000003 24.500000000000004 4.0850000000000009 60.500000000000007 0.13500000000000004 -0.60333333333333294 -0.011666666666666643 0.015000000000000001 0.043075000000000037 -0.034341666666666652 -1.3199999999999998 -0.0091666666666666684 -0.079999999999999613 -0.015000000000000123 5.0950000000000006 23.500000000000004 0.065791666666666693 -0.353333333333333 0.21095000000000003 53.500000000000007 0.6160500000000001 51.500000000000007 0.34890000000000004 0.33175000000000004 6.5050000000000008
decision_type=2 2 2 2 2 2 2 2 2 2 2 2 2 2 2 2 2 2 2 2 2 2 2 2 2 2 2 2 2 2
left_child=-1 3 -3 6 20 9 19 -8 14 -6 -11 -12 13 -13 15 16 23 -18 -19 -2 21 -5 -23 -9 25 26 -4 28 -28 -29
right_child=1 2 24 4 5 -7 7 8 -10 10 11 12 -14 -15 -16 -17 17 18 -20 -21 -22 22 -24 -25 -26 -27 27 29 -30 -31
leaf_value=-0.023321824079339352 0.0074176338772397495 -0.011033475610245015 -0.0028687994893622018 -0.0046958170710071764 -0.036460938394226525 0.0067673976505501611 -0.031060223054659053 0.04597560408842704 0.065329635377631798 -0.022950224072673189 0.097771489346373558 0.026283043264210666 -0.054988276227064127 0.12199110129333723 -0.018798159148098334 -0.0025389938922099832 0.13891541728969758 -0.020405621199755371 0.049542829759438023 0.054177634393111546 -0.0020294131675335828 0.097977179409621862 0.026217942846607962 -0.02995913225962285 -0.016919597108520062 -0.039283031861872666 0.056110497186658816 0.0772519505592561 0.15666957233149392 -0.028058647972728758
leaf_weight=61.187497666105628 27.60064304061234 263.21075579337776 10.76701668277383 18.992207812145352 3.3135137446224681 594.69296842999756 29.611438484862447 3.7088662572205058 4.8460032455623141 4.0536213647574213 8.0276394188404101 9.777047988027336 3.7062923684716216 4.4339808933436862 60.595078151673079 485.73999677598476 2.4522506892681148 5.9556527156382826 14.885665338486431 11.015700956806539 542.88598934747279 5.3641799986362484 10.780994258821009 11.930540388450025 13.271717123687266 3.6672955602407447 8.1784769147634524 2.8694635480642301 2.927241548895835 5.5173676200211048
leaf_count=2034 253 5897 81 174 21 3610 388 47 40 49 58 62 26 28 465 3598 22 105 94 67 4599 58 73 129 110 30 56 22 19 39
internal_value=-0.000153682 0.000498154 -0.00747163 0.00182509 0.00398575 0.00826367 -0.00213307 -0.00355936 -0.00217939 0.0349754 0.0428659 0.053149 0.0331564 0.0561449 -0.00273836 -0.000883593 0.0197697 0.0410673 0.0295542 0.0207564 -0.000662086 0.0204636 0.0500597 -0.0119513 0.0123916 0.0238578 0.0315101 0.0504998 0.0826158 0.00797223
internal_weight=2235.97 2174.78 310.409 1864.37 1206.03 628.005 658.342 619.725 590.114 33.3121 29.9986 25.945 17.9173 14.211 585.268 524.673 38.933 23.2936 20.8413 38.6163 578.023 35.1374 16.1452 15.6394 47.1986 33.9269 30.2596 19.4925 11.1057 8.38683
internal_count=22254 20220 6254 13966 8758 3854 5208 4888 4500 244 223 174 116 90 4460 3995 397 221 199 320 4904 305 131 176 357 247 217 136 75 61
is_linear=0
shrinkage=0.05


Tree=65
num_leaves=31
num_cat=0
split_feature=20 1 0 24 3 14 28 7 11 13 15 23 14 4 22 11 0 9 27 24 20 24 14 10 8 13 0 24 10 15
split_gain=12.9113 7.99307 8.98092 9.16993 7.16337 16.3212 9.73958 8.41943 7.95309 6.7124 6.51622 6.77823 6.13918 6.8966 7.60903 6.31435 6.00513 7.39856 8.06104 7.12899 8.76525 6.27535 11.6698 6.08766 6.53529 6.0558 5.99384 5.99215 5.97645 8.22264
threshold=-1.585 2.5000000000000004 4.5000000000000009 -0.039999999999999584 35.500000000000007 -1.0000000180025095e-35 3.5000000000000004 6.2250000000000005 0.39945000000000003 -1.645833333333333 -0.030000000000000009 7.1550000000000011 0.10806666666666671 52.500000000000007 2.0850000000000013 0.46300000000000002 3.5000000000000004 5.0050000000000008 -0.090000000000000288 -0.0033333333333334099 3.2850000000000006 -0.014999999999999234 -0.10786666666666671 0.62880000000000014 0.44955000000000006 1.5133333333333334 1.5000000000000002 0.080000000000000529 0.48360000000000009 -1.0000000180025095e-35
decision_type=2 2 2 2 2 2 2 2 2 2 2 2 2 2 2 2 2 2 2 2 2 2 2 2 2 2 2 2 2 2
left_child=9 12 10 4 5 -4 8 -8 -7 -1 -3 -12 15 -14 -15 16 17 -2 26 21 23 25 -23 -21 -25 -18 27 -19 29 -17
right_child=1 2 3 -5 -6 6 7 -9 -10 -11 11 -13 13 14 -16 28 19 18 -20 20 -22 22 -24 24 -26 -27 -28 -29 -30 -31
leaf_value=-0.043792106245863008 -0.0297428632446083 -0.036600278715891034 -0.028158424885586078 -0.0027440669023918608 -0.025611832678923724 0.15698718528060504 -0.030856883714976576 0.091903115172078303 0.035040468314853065 -0.011236718185175444 0.01223333343510441 -0.055828550381215016 0.024827475813085059 0.0067929529513541479 -0.0590610020633782 -0.038690703258770331 0.0047352206147805642 -0.042530593445045874 0.006212036937115104 0.0058878627601448739 0.082211407474029191 -0.05720389272714841 -0.0056281973484711952 0.075745444891369224 0.015906946567115939 -0.026129741511358179 -0.050501588949006818 0.043033513226993801 -0.057855853859486508 0.026320819229790845
leaf_weight=20.86042130086571 28.687527395784855 7.7168450476601711 16.971506008878354 698.95948807708919 83.08614453766495 2.7747151106595975 4.5004029534757137 2.0252696163952351 2.5803919844329357 65.702036956325173 145.31449755374342 3.7524997144937506 66.808907229453325 65.309752136468887 4.7021842598915091 9.8515894263982808 206.37792632728815 3.7342487350106257 80.304029326885939 551.6467054374516 3.8940434008836737 13.028059791773556 69.350206181406975 6.2497214153409031 16.906020790338516 17.217900298535824 12.538161091506479 4.5263354480266571 8.0334216803312284 9.6064641997218132
leaf_count=1291 187 124 342 8422 1385 28 121 30 21 2091 1619 55 367 364 24 60 1375 21 433 2951 17 89 431 31 93 96 65 22 46 53
internal_value=-0.000149801 0.000613704 -0.00275385 -0.00487188 -0.0181583 0.00330588 0.0482521 0.00724219 0.0982264 -0.0190821 0.00820075 0.01052 0.00337821 0.0133359 0.00237003 0.00207065 0.0027114 -0.00733206 -0.000973081 0.00418488 0.00744858 -0.00198784 -0.0137849 0.00694209 0.0320573 0.00235848 -0.0287148 0.00435372 -0.0215738 -0.00659444
internal_weight=2233.02 2146.45 967.682 810.898 111.938 28.8523 11.8808 6.52567 5.35511 86.5625 156.784 149.067 1178.77 136.821 70.0119 1041.95 1014.46 129.79 101.103 884.671 578.696 305.974 82.3783 574.802 23.1557 223.596 20.7987 8.26058 27.4915 19.4581
internal_count=22254 18872 12147 10349 1927 542 200 151 49 3382 1798 1674 6725 755 388 5970 5811 728 541 5083 3092 1991 520 3075 124 1471 108 43 159 113
is_linear=0
shrinkage=0.05


Tree=66
num_leaves=31
num_cat=0
split_feature=28 16 27 12 20 13 23 20 21 14 12 7 27 23 24 24 3 14 7 12 8 22 15 25 9 14 20 13 21 6
split_gain=12.432 7.28967 9.09793 6.72446 6.96585 6.43289 6.46556 8.45632 5.94027 8.19852 5.89882 8.44926 6.00759 6.53203 7.08031 7.15931 6.19335 7.89718 5.81225 10.5791 11.2092 8.98291 8.93935 9.30078 7.33634 7.32443 6.40068 8.436 6.40722 5.92878
threshold=5.5000000000000009 2.5000000000000004 0.069999999999999854 0.78890000000000016 1.0000000180025095e-35 -1.2650000000000008 6.7550000000000008 -2.1449999999999991 0.085000000000000034 0.13630000000000003 0.33175000000000004 4.1050000000000013 -0.21499999999999983 6.8950000000000005 0.015000000000000126 0.074999999999999747 47.500000000000007 0.01305833333333334 5.6550000000000011 0.35969999999999996 0.3674 -0.46500000000000025 0.013333333333333324 1.5000000000000002 5.3250000000000011 0.10556666666666668 0.68000000000000005 0.69333333333333369 -0.025000000000000005 0.16500000000000004
decision_type=2 2 2 2 2 2 2 2 2 2 2 2 2 2 2 2 2 2 2 2 2 2 2 2 2 2 2 2 2 2
left_child=1 3 8 4 -1 -2 7 -7 10 -10 12 -12 -3 -14 -15 16 -16 -18 19 21 -21 24 25 -24 -6 -23 -25 -28 -29 -20
right_child=5 2 -4 -5 18 6 -8 -9 9 -11 11 -13 13 14 15 -17 17 -19 29 20 -22 22 23 26 -26 -27 27 28 -30 -31
leaf_value=0.0089652361225593859 -0.051022720525089785 0.076561491095394785 -0.014748054764062336 -0.063380205921256927 0.021897325059445479 0.18387395968586095 -0.025327392667237738 3.0268387482228448e-05 -0.056147955989915156 0.071477206347450736 -0.012316610360234865 0.0062383521686729827 -0.0019563013842002533 -0.028964399271474428 -0.0023729653758066778 -0.068262301989109625 0.115805338244449 -0.00071868824116115841 0.00086347372234595033 -0.027695056397872383 0.044604603255797404 -0.0061021717600264732 0.11925558158366721 0.075205364093505922 0.12797206020441662 0.067692302478452135 -0.059702510361846817 0.0001863159446760506 0.096309594481779393 -0.013591262558363236
leaf_weight=406.36690048873425 12.784823110327123 2.2851638346910468 128.11380565073341 3.7326370477676383 2.9853502139449111 0.63720559328794379 44.951686884276569 34.034872092306614 8.9280792875215393 1.4648093050345767 71.596834995783865 428.83261893875897 370.81839213334024 50.506734613329172 18.018003231845803 3.1353447753936043 2.8796015568077555 2.9371953196823597 463.2017033547163 23.832513403147463 6.9168128259479991 29.702555377036333 3.461779989302161 5.0311082489788523 3.5904530584812164 3.7917868718504897 3.2962206080555898 4.5866305790841579 2.78703223913908 83.76802172511816
leaf_count=2185 975 12 1757 24 23 25 1746 948 138 21 1141 4106 3875 699 170 26 21 22 2996 194 53 267 21 38 23 28 29 32 19 640
internal_value=-0.000145171 0.000631408 -0.00223167 0.0036106 0.00385027 -0.0181004 -0.0128142 0.00340896 -0.000563768 -0.03816 -0.000152906 0.00358368 -0.00430288 -0.00471508 -0.0179191 0.00276529 0.0121086 0.0569665 0.00058699 0.0123628 -0.0114318 0.0247152 0.0178344 0.0450709 0.0798152 0.00225186 0.0287145 0.00679294 0.0365181 -0.00135026
internal_weight=2228.98 2136.57 1089.52 1047.05 1043.32 92.4086 79.6238 34.6721 961.403 10.3929 951.01 500.429 450.58 448.295 77.4769 26.9701 23.8348 5.8168 636.952 89.9822 30.7493 59.2329 52.6571 19.1628 6.5758 33.4943 15.701 10.6699 7.37366 546.97
internal_count=22254 18560 11988 6572 6548 3694 2719 973 10231 159 10072 5247 4825 4813 938 239 213 43 4363 727 247 480 434 139 46 295 118 80 51 3636
is_linear=0
shrinkage=0.05


Tree=67
num_leaves=31
num_cat=0
split_feature=28 16 27 13 12 20 23 20 7 0 12 12 16 21 14 11 11 20 7 6 30 13 14 22 19 11 15 12 12 7
split_gain=11.4288 6.58412 8.30152 6.29811 6.15309 6.31273 6.02626 8.34643 5.81099 5.98671 7.84289 11.1282 9.16383 5.52598 7.53722 5.47791 10.0504 14.7211 8.58611 22.4896 8.21657 5.42547 6.0352 8.2583 5.39178 6.49498 6.60306 6.43138 5.33184 7.64447
threshold=5.5000000000000009 2.5000000000000004 0.069999999999999854 -1.2650000000000008 0.78890000000000016 1.0000000180025095e-35 6.7550000000000008 -2.1899999999999995 5.5850000000000009 6.5000000000000009 0.35645000000000004 0.34244999999999998 1.5000000000000002 0.085000000000000034 0.13630000000000003 0.34044999999999997 0.36390000000000006 1.155 4.3550000000000013 0.16500000000000004 1.5000000000000002 1.7275000000000007 0.15280833333333335 -0.030000000000000023 0.15500000000000003 0.75595000000000012 -0.024999999999999977 0.26135000000000003 0.33175000000000004 4.1050000000000013
decision_type=2 2 2 2 2 2 2 2 2 2 2 2 2 2 2 2 2 2 2 2 2 2 2 2 2 2 2 2 2 2
left_child=1 4 13 -2 5 21 7 -5 -8 10 11 12 -10 28 -15 18 17 20 19 -9 -17 22 23 -1 25 26 27 -7 -3 -30
right_child=3 2 -4 6 -6 24 8 15 9 -11 -12 -13 -14 14 -16 16 -18 -19 -20 -21 -22 -23 -24 -25 -26 -27 -28 -29 29 -31
leaf_value=0.031814057251503866 -0.050979538718370521 -0.0041017362105771928 -0.014143437648163702 0.1817435936480285 -0.061126886766012467 0.02645862737518517 -0.048018339448975177 0.38425720808793135 0.12623382080620876 -0.023483871714869646 -0.052471929196609028 0.26295409434849371 -0.029396006224364387 -0.055486200991980796 0.06507422226933722 -0.016183950806694155 -0.0028578484329987476 0.23180854495934364 -0.034483808703268802 -0.051618831597330384 0.16263136301492995 0.024726204743051417 0.031573738846839679 0.0025318682357365224 0.062120879743621474 -0.0515748732976722 0.001585229103626652 -0.045201691001259196 -0.011798101588387757 0.0059085467994871863
leaf_weight=26.097104854881763 12.171341955661772 449.37861487083137 126.94159618206322 0.64256091602146526 3.6781329512596121 4.0356107205152538 16.563665631227195 0.45332451909780391 1.6345404759049444 20.899685999378562 1.9384251069277523 0.62859723716974247 2.2449964005500078 8.5913869049400073 1.526794753037392 2.5581305623054535 14.539598383009432 1.2078176233917473 13.680896816775201 0.85237422026693821 0.85785665735602368 45.873117327690125 22.44381407648325 311.23974150419235 3.5361940748989573 5.9979578070342532 609.4322053976357 13.968368943780659 71.021271616220474 430.09749959874898
leaf_count=119 975 4825 1757 22 24 34 900 14 23 665 55 18 85 138 21 84 371 18 415 43 6 265 126 1675 26 39 4141 123 1141 4106
internal_value=-0.000141805 0.000597746 -0.00212645 -0.0175076 0.00342936 0.0036571 -0.0123312 0.00321192 -0.024647 -0.0104909 0.0316323 0.0677958 0.0361745 -0.000538453 -0.0372941 -0.000147308 0.0175618 0.0817717 -0.022792 0.0997126 0.0287219 0.00853234 0.00646757 0.0047972 0.000552302 0.000208591 0.000703613 -0.029139 -0.000147183 0.00339906
internal_weight=2224.73 2133.86 1087.56 90.8738 1046.3 1042.62 78.7025 34.7926 43.9099 27.3462 6.44656 4.50813 3.87954 960.616 10.1182 34.15 19.1634 4.6238 14.9866 1.3057 3.41599 405.654 359.781 337.337 636.97 633.434 627.436 18.004 950.497 501.119
internal_count=22254 18560 11988 3694 6572 6548 2719 973 1746 846 181 126 108 10231 159 951 479 108 472 57 90 2185 1920 1794 4363 4337 4298 157 10072 5247
is_linear=0
shrinkage=0.05


Tree=68
num_leaves=31
num_cat=0
split_feature=20 9 28 24 10 0 19 11 3 25 11 23 26 19 7 8 27 7 10 13 3 27 23 24 13 20 3 10 8 22
split_gain=10.9297 6.8474 6.65569 7.25278 8.07307 7.41802 7.03406 7.41373 7.17011 13.4253 7.16433 6.44241 7.19609 9.09819 6.36017 9.3473 12.0975 6.42745 6.14188 13.9939 5.7406 16.7765 6.67399 5.70014 5.65696 8.06924 7.97093 6.69882 6.42937 5.64612
threshold=-1.6199999999999997 4.1650000000000009 3.5000000000000004 0.070833333333333318 0.32024999999999998 2.5000000000000004 -0.020000000000000007 0.31355000000000005 47.500000000000007 2.5000000000000004 0.36275000000000007 6.8450000000000006 -0.07499999999999972 -1.0000000180025095e-35 4.8550000000000013 0.26735000000000003 -0.034999999999999691 4.4050000000000011 0.17889999999999998 -0.9433333333333328 51.500000000000007 -0.010000000000000229 6.8950000000000005 0.081666666666667456 1.0750000000000008 1.8550000000000002 27.500000000000004 0.46450000000000008 0.24750000000000003 -0.020000000000000236
decision_type=2 2 2 2 2 2 2 2 2 2 2 2 2 2 2 2 2 2 2 2 2 2 2 2 2 2 2 2 2 2
left_child=1 -1 -2 4 6 20 7 -4 -9 -10 -11 12 24 -14 15 18 -17 -18 19 -3 22 -22 -6 -15 26 27 -5 -26 -28 -7
right_child=2 14 3 11 5 29 -8 8 9 10 -12 -13 13 23 -16 16 17 -19 -20 -21 21 -23 -24 -25 25 -27 28 -29 -30 -31
leaf_value=-0.033309308795393192 0.0022451919323114478 0.22458746444640232 -0.020432323370767599 0.049902221486021858 0.0020980193679550892 0.010288926457987405 -0.021394614283448118 0.0094453113343805888 0.24146989657439782 -0.053578108207449029 0.1149039812643282 -0.031926735484620009 -0.008789271846051926 0.15602110085172627 -0.038109914016719613 0.17590480090172517 0.14603026038499042 -0.018240821936060608 -0.011891009219948616 -0.052200069061231896 0.16675923900885956 0.001081536518859951 0.073621689884269648 0.050601462760671213 0.12183404039455491 -0.001509632997735183 0.040549366032153047 0.026608994872740457 -0.030221364682175469 -0.0072127045686818814
leaf_weight=38.835288231261075 1559.3329469002783 0.89333121012896299 19.900470493361354 5.6695813909173038 28.612953437492251 55.72645724285394 119.15426695998758 20.184865681454543 1.0028594192117446 1.3470773454755547 1.1869226228445766 6.9815782038494936 2.8483747728168964 2.5329115428030482 10.446633121930061 1.7282962854951618 0.74871688615530674 2.909161638468504 24.717041204683483 0.93419723957777623 2.4034546762704849 4.1946638897061339 3.6811762591823927 2.5970069225877523 3.580623045563696 7.2521693110466003 3.9530078843235996 3.8142280727624893 17.056351231411099 266.27117308694869
leaf_count=2021 9990 27 370 53 315 882 2899 364 14 33 32 79 30 22 285 30 16 81 816 31 23 56 37 24 21 48 42 22 179 3412
internal_value=-0.00013911 -0.0181432 0.00054437 -0.00402867 -0.00586183 -0.00169246 -0.0151057 0.00207253 0.0209521 0.0866217 0.0253387 0.0130264 0.0193919 0.0628662 -0.00424471 0.00683481 0.0668908 0.0153832 -0.00535118 0.083099 0.0189338 0.0614319 0.0102509 0.102653 0.0109988 0.0359654 -0.00270811 0.0727174 -0.0169055 -0.00418379
internal_weight=2220.5 81.2127 2139.29 579.952 523.666 360.89 162.776 43.6222 23.7217 3.53686 2.534 56.2858 49.3043 7.97829 42.3774 31.9307 5.38617 3.65788 26.5446 1.82753 38.8922 6.59812 32.2941 5.12992 41.326 14.647 26.6789 7.39485 21.0094 321.998
internal_count=22254 3307 18947 8957 8437 4725 3712 813 443 79 65 520 441 76 1286 1001 127 97 874 58 431 79 352 46 365 91 274 43 221 4294
is_linear=0
shrinkage=0.05


Tree=69
num_leaves=31
num_cat=0
split_feature=28 13 16 27 12 20 3 23 8 24 24 0 13 24 19 15 9 15 13 3 12 12 0 23 13 13 7 3 14 11
split_gain=10.2109 6.08905 5.87538 7.52354 5.62527 5.5731 6.6137 6.56859 6.58381 14.7257 5.96351 5.77775 5.76682 9.2782 5.882 6.52331 7.12154 8.33304 8.54009 8.15793 6.91593 8.56678 6.90566 5.55584 6.72529 7.16972 5.65185 5.89264 5.58002 24.7655
threshold=5.5000000000000009 -1.2650000000000008 2.5000000000000004 0.069999999999999854 0.78890000000000016 0.12500000000000003 24.500000000000004 6.6050000000000013 0.25965000000000005 0.011666666666666272 0.02666666666666773 10.500000000000002 0.45333333333333342 0.043333333333332565 0.010000000000000004 0.013333333333333352 7.4750000000000005 0.025000000000000019 1.4158333333333333 29.500000000000004 0.4093 0.47100000000000003 3.5000000000000004 6.7550000000000008 -0.79166666666666552 -0.89166666666666694 5.5850000000000009 24.500000000000004 0.059824999999999996 0.41765000000000002
decision_type=2 2 2 2 2 2 2 2 2 2 2 2 2 2 2 2 2 2 2 2 2 2 2 2 2 2 2 2 2 2
left_child=2 -2 4 -4 5 6 -1 11 9 -9 -10 -8 13 -12 15 20 17 19 -19 -17 22 -22 -14 24 25 -3 -25 -28 -26 -30
right_child=1 23 3 -5 -6 -7 7 8 10 -11 12 -13 14 -15 -16 16 -18 18 -20 -21 21 -23 -24 26 28 -27 27 -29 29 -31
leaf_value=0.039533256589642539 -0.050976033766245744 0.020789753619380392 -0.00051590220217534748 -0.013529290940672343 -0.058991223187619304 0.00037846841655523006 -0.040927505498722302 0.13786653555834805 0.002306643514154768 -0.024139175398965446 0.036011560973214417 0.02030428270697493 -0.020664478421243367 -0.035789173170545259 -0.020797042153508697 -0.081073153339235551 0.065648551427430951 0.047557996387458473 -0.01587808043184211 -0.0044568579507817535 -0.032685299560428961 0.051573362547965185 0.044907395465646843 -0.047776538299326543 -0.016995820792887511 0.17441282793135382 0.11674054188467842 -0.014289302507432478 0.1762486736326519 -0.021026744953691025
leaf_weight=15.823784112930296 11.346025901846586 2.4593520574271683 959.05605100095272 125.61309081874788 3.6198023632168761 611.00884203240275 12.886358074843885 2.980978909879922 240.62629982642829 2.6492387242615223 6.9851942434906986 5.4954501911997786 4.3612287044525138 12.642803918570278 8.729699354618786 4.1554704830050495 4.9618314057588568 14.638918153941633 8.3214656114578229 21.198068201541901 8.0282616913318616 4.832528978586196 50.610055193305016 15.621942763216792 22.90613568015397 1.0988527964800585 0.88727958686650055 26.040388954803348 2.1623379364609701 6.019941370934248
leaf_count=95 975 83 10231 1757 24 4157 64 24 1354 18 38 32 19 66 66 22 29 76 49 115 41 25 258 900 645 36 28 818 49 160
internal_value=-0.000137323 -0.0167745 0.000554521 -0.00202295 0.00323098 0.00344735 0.00780882 0.00659656 0.00795378 0.0616365 0.00717897 -0.0226216 0.015023 -0.0102368 0.0188416 0.0216988 0.00860489 0.00274651 0.024567 -0.0170143 0.0319829 -0.00102454 0.0397052 -0.0117477 0.00311731 0.068232 -0.0238517 -0.00997181 -0.00433535 0.0311074
internal_weight=2217.77 88.5423 2129.23 1084.67 1044.56 1040.94 429.928 414.104 395.722 5.63022 390.092 18.3818 149.466 19.628 129.838 121.108 53.2758 48.3139 22.9604 25.3535 67.8321 12.8608 54.9713 77.1962 34.6466 3.5582 42.5496 26.9277 31.0884 8.18228
internal_count=22254 3694 18560 11988 6572 6548 2391 2296 2200 42 2158 96 804 104 700 634 291 262 125 137 343 66 277 2719 973 119 1746 846 854 209
is_linear=0
shrinkage=0.05


Tree=70
num_leaves=31
num_cat=0
split_feature=20 9 15 24 28 26 6 24 28 7 8 10 27 9 0 5 21 10 12 27 23 8 7 12 22 19 23 8 25 22
split_gain=9.74838 6.39791 6.18075 7.0758 7.28287 6.27583 6.35589 6.35271 7.66966 5.92072 7.92557 10.2876 8.83152 9.49124 5.45193 5.71212 5.42467 10.9362 5.3421 6.47715 7.9336 5.80855 12.0753 6.02348 5.96398 9.39078 8.61542 13.4567 8.60421 10.2178
threshold=-1.6199999999999997 4.1650000000000009 0.009166666666666658 0.030000000000000696 3.5000000000000004 0.10999999999999989 0.14500000000000005 0.028333333333333769 4.5000000000000009 4.8550000000000013 0.26735000000000003 0.32805000000000001 -0.034999999999999691 4.9250000000000007 23.500000000000004 1.5000000000000002 0.065000000000000016 0.19385000000000005 0.48780000000000001 -0.020000000000000014 6.785000000000001 0.58750000000000013 7.0550000000000006 0.4321000000000001 -0.070000000000000048 -1.0000000180025095e-35 6.7550000000000008 0.47115000000000001 5.5000000000000009 3.6450000000000009
decision_type=2 2 2 2 2 2 2 2 2 2 2 2 2 2 2 2 2 2 2 2 2 2 2 2 2 2 2 2 2 2
left_child=1 -1 3 4 14 7 -7 -6 -9 10 -3 12 -12 -14 15 16 -2 -18 21 20 -20 22 24 -23 25 26 27 -4 -26 -30
right_child=2 9 18 -5 5 6 -8 8 -10 -11 11 -13 13 -15 -16 -17 17 -19 19 -21 -22 23 -24 -25 28 -27 -28 -29 29 -31
leaf_value=-0.032464641461062364 -0.00085887929263114631 -0.0050414467686717519 0.0069984847040722416 0.0037741320043391362 -0.015406136049308003 0.13886668661377993 0.010453508538683542 0.10352588335724727 -0.028902786965301182 -0.037463786414819726 0.19258561290092213 -0.052616525166070294 -0.024383589665405846 0.17881185473250427 -0.030977120981283874 -0.035115581992356558 0.1139863847911462 0.0073810013304451598 -0.014484664699614997 0.040673746340751542 0.047590844252658963 -0.02093095480950137 0.023449917236275229 0.04348336071525763 0.0012656613220406959 0.021692645269135748 -0.015316733489428767 0.11346828507094342 -0.027221144123749333 0.064546784577970626
leaf_weight=37.177102415822446 598.41782636009157 26.340335422195494 27.700460843741897 401.26432092301548 208.12585281021893 1.0349557297304262 13.976334219798444 2.4770735800266257 1.9572014315053818 10.057772157713769 1.5999445877969263 1.4933041855692861 1.7286865329369896 0.86088929697871197 15.33467936888337 11.896169140934942 3.0681912228465071 11.142283156514166 18.088794670999054 21.156202157959342 7.1943437457084647 39.333979830145836 71.180032568052411 3.9982085935771456 492.57503547798842 85.291899772360921 48.627443925477564 3.3238463439047328 44.491245483979583 3.2552512101829043
leaf_count=2021 4431 874 262 2971 4347 23 329 24 43 285 21 39 47 20 116 88 27 82 106 199 47 231 425 22 3596 472 577 24 480 25
internal_value=-0.00013224 -0.0173509 0.000506998 -0.00171598 -0.00425565 -0.0119379 0.019307 -0.0141444 0.0450745 -0.00399839 0.00651235 0.0600651 0.100229 0.0431675 -0.0015234 -0.000800187 -0.000133842 0.0303982 0.00376286 0.0202603 0.00317899 0.0028283 0.00382257 -0.0149875 0.00184165 0.0101635 -0.00218201 0.0184053 -0.000698757 -0.0209646
internal_weight=2214.17 79.258 2134.91 1268.69 867.431 227.571 15.0113 212.56 4.43428 42.0809 32.0232 5.68282 4.18952 2.58958 639.859 624.524 612.628 14.2105 866.217 46.4393 25.2831 819.777 776.445 43.3322 705.265 164.944 79.6518 31.0243 540.322 47.7465
internal_count=22254 3307 18947 12481 9510 4766 352 4414 67 1286 1001 127 88 67 4744 4628 4540 109 6466 352 153 6114 5861 253 5436 1335 863 286 4101 505
is_linear=0
shrinkage=0.05


Tree=71
num_leaves=31
num_cat=0
split_feature=13 1 13 14 9 8 9 3 3 3 9 14 1 23 22 21 22 22 18 11 22 20 27 17 3 14 22 24 12 13
split_gain=9.38249 6.5428 7.57175 5.46993 7.95942 8.58716 6.734 6.63692 6.5552 6.72833 6.86404 6.74056 6.90063 10.1809 9.61655 9.40092 6.90035 6.79146 6.63269 7.10405 6.51628 6.51053 9.30138 6.5072 6.46038 8.07031 6.23073 10.1318 9.13363 8.05108
threshold=-1.7149999999999994 4.5000000000000009 1.2866666666666668 -0.026108333333333286 5.6450000000000005 0.32680000000000003 5.6750000000000007 39.500000000000007 60.500000000000007 24.500000000000004 4.5050000000000008 -0.034341666666666652 2.5000000000000004 6.9150000000000009 1.1700000000000008 0.035000000000000003 0.084999999999999978 1.6450000000000002 4.5000000000000009 0.35964999999999997 1.5500000000000003 1.7350000000000001 0.010000000000000233 3.5000000000000004 23.500000000000004 0.065791666666666693 0.77000000000000035 0.033333333333333666 0.40899999999999997 0.18000000000000019
decision_type=2 2 2 2 2 2 2 2 2 2 2 2 2 2 2 2 2 2 2 2 2 2 2 2 2 2 2 2 2 2
left_child=-1 3 -3 8 24 6 -6 -8 9 10 20 12 13 21 15 16 -15 -16 19 -14 -2 26 -23 -9 25 -5 28 -28 -11 -29
right_child=1 2 -4 4 5 -7 7 23 -10 11 -12 -13 18 14 17 -17 -18 -19 -20 -21 -22 22 -24 -25 -26 -27 27 29 -30 -31
leaf_value=-0.027778312383071296 -0.01295830393886453 -0.011415017961739601 0.0061847893151567232 -0.0024002136720483458 0.098714569765296911 0.00587621785009517 0.048948493894184431 0.015812496006276586 0.052946500786041087 0.0081259017264908289 0.038123292434744299 -0.019525773644215805 -0.007300454835253949 0.021244756228166434 0.10308224750779416 0.078501085913974478 -0.025428129677352113 0.03168448425547106 -0.029962622263576311 0.058503087251523492 0.082020491375436169 0.053773608953379008 -0.026598315599803177 -0.072373966515791074 -0.0021589526332009969 0.045397095147108574 -0.023136104458164955 -0.066519427087755281 -0.01962162590395148 0.017387787981808799
leaf_weight=30.263696553185582 18.008703120984141 220.49650194123387 84.542170736938715 18.972806863486767 3.3821940757334223 592.37612274475396 14.419033758342268 13.530326956883075 5.3268807847052804 143.3000378459692 19.731342988088727 62.999125383794308 159.4770696721971 16.96401823870838 5.1522006653249255 4.2659067921340457 14.852885683998464 9.4209370948374254 33.713450916111469 4.209816087037324 2.0071414932608596 11.551205381751062 5.2295275852084151 2.4744028374552718 551.65412955731153 16.521559912711382 74.383695218712091 3.147312354296445 37.397308818995953 31.195073008537292
leaf_count=1416 196 5744 748 181 27 3610 94 107 47 968 136 519 1625 128 31 36 97 51 536 39 17 55 33 23 4794 138 433 17 245 163
internal_value=-0.000129584 0.000254123 -0.00653719 0.00135859 0.00335354 0.00727497 0.0317852 0.0243447 -0.00229596 -0.00274386 0.0171959 -0.00402784 -0.00226629 0.00188309 0.0226467 0.0088018 -0.000543254 0.0569265 -0.00976752 -0.00560807 -0.00343406 -0.00155189 0.0287266 0.00217847 -0.000828586 0.019848 -0.00330743 -0.012765 0.00238324 0.0096981
internal_weight=2210.97 2180.7 305.039 1875.66 1213.33 626.182 33.806 30.4238 662.334 657.007 39.7472 617.26 554.26 356.86 50.6559 36.0828 31.8169 14.5731 197.4 163.687 20.0158 306.204 16.7807 16.0047 587.148 35.4944 289.423 108.726 180.697 34.3424
internal_count=22254 20838 6492 14346 8974 3861 251 224 5372 5325 349 4976 4457 2257 343 261 225 82 2200 1664 213 1914 88 130 5113 319 1826 613 1213 180
is_linear=0
shrinkage=0.05


Tree=72
num_leaves=31
num_cat=0
split_feature=28 13 20 23 15 12 17 11 7 13 24 7 16 11 20 10 0 18 9 20 12 9 23 0 24 0 28 13 3 18
split_gain=8.68639 5.81704 7.23771 5.31959 6.63934 5.96324 8.30282 9.67238 5.23411 5.13346 9.64386 7.30945 6.77199 7.08224 11.8935 5.72311 8.02346 10.3626 6.96462 6.91544 19.1479 9.66544 6.69702 6.41744 6.16769 6.11834 7.031 6.86482 8.53039 6.75072
threshold=5.5000000000000009 -1.2650000000000008 -2.7549999999999994 6.6850000000000014 0.016666666666666653 0.38205 4.5000000000000009 0.37955 7.1850000000000014 -0.46916666666666712 -0.034999999999999691 4.9250000000000007 5.5000000000000009 0.29390000000000005 -0.055000000000000153 0.23859999999999998 9.5000000000000018 3.5000000000000004 2.7850000000000006 -0.94999999999999984 0.25505 4.3050000000000006 6.9450000000000012 20.500000000000004 -0.0016666666666673711 9.5000000000000018 4.5000000000000009 -0.59000000000000019 48.500000000000007 1.5000000000000002
decision_type=2 2 2 2 2 2 2 2 2 2 2 2 2 2 2 2 2 2 2 2 2 2 2 2 2 2 2 2 2 2
left_child=9 -2 -3 5 -5 -4 7 -7 -6 10 -1 15 -11 -14 -15 16 -12 18 23 20 -20 -22 -21 24 -18 26 27 -17 -29 -27
right_child=1 2 3 4 8 6 -8 -9 -10 12 11 -13 13 14 -16 25 17 -19 19 22 21 -23 -24 -25 -26 29 -28 28 -30 -31
leaf_value=-0.02350153672021011 -0.050925173304281736 0.20324141653299921 -0.0066798597617699672 -0.030454273163039704 -0.0039637547031141857 0.15072079914681458 -0.055841758839230954 -0.015341486269835223 0.078425199035109902 0.0013471467611748597 -0.021430609960270072 -0.019943489552883345 0.12717964059436898 -0.054915608740523314 0.10942148388572909 0.023167275531742089 0.019492099655329082 -0.0085887687453931102 0.23936610795760724 -0.015134616691965639 -0.01633866645448917 0.1628904516611476 0.071256068318862734 -0.011934255305741912 0.12938395301784411 -0.049495045318958993 -0.051776708190056808 0.030052346317051046 0.14624897937909237 0.007849785212547606
leaf_weight=59.560726195573807 10.32001355011016 0.3925152663141479 12.224493312649431 40.359194478020072 15.286622797138991 2.5434072334319349 1.2248711735010145 1.3382291588932274 2.2058994807302943 1800.0334846433252 43.689937466755509 43.072460407391191 2.127274001017212 2.5372512191534042 1.9449363090097902 28.342944236472249 1.871644298546016 52.457418677397072 1.1951371431350768 14.713595665991305 4.0884101362898946 0.92182468436658371 2.6468525659292927 1.8665177449584005 4.0176294064149287 5.84826367907226 2.5813140235841265 3.646785967051982 2.7863366901874542 41.91456685308367
leaf_count=1296 975 19 277 1832 457 39 30 35 30 13539 703 530 29 37 11 297 41 914 28 126 115 21 18 32 54 77 89 30 23 550
internal_value=-0.00012565 -0.0157136 -0.0109053 -0.0120233 -0.0193029 0.0122761 0.0576549 0.0934693 0.00642593 0.000505364 -0.00538231 -0.00116113 0.00153264 0.052051 0.0163945 0.00264435 -0.00405958 0.00499924 0.0277564 0.0142305 0.0595343 0.0166374 -0.0019631 0.0688548 0.0944597 0.0126836 0.0278411 0.0337509 0.0803798 0.000828265
internal_weight=2207.76 85.8952 75.5752 75.1827 57.8517 17.331 5.10651 3.88164 17.4925 2121.87 315.222 255.662 1806.64 6.60946 4.48219 212.589 127.469 83.779 31.3216 23.5658 6.20537 5.01023 17.3604 7.75579 5.88927 85.1202 37.3574 34.7761 6.43312 47.7628
internal_count=22254 3694 2719 2700 2319 381 104 74 487 18560 4944 3648 13616 77 48 3118 2052 1349 435 308 164 136 144 127 95 1066 439 350 53 627
is_linear=0
shrinkage=0.05


Tree=73
num_leaves=31
num_cat=0
split_feature=20 0 16 15 28 23 13 3 4 20 13 13 13 26 10 27 24 19 14 1 12 9 26 27 12 3 8 20 24 8
split_gain=8.35061 6.24911 7.17711 5.61682 6.60799 7.17929 7.52956 6.04717 6.37559 6.00048 6.92122 7.51591 6.33366 7.12972 7.43544 6.0709 5.29448 5.43635 7.95883 5.13466 7.00995 8.06494 7.26714 13.3436 10.9875 6.20141 5.77183 4.86002 5.39321 10.412
threshold=-1.6199999999999997 9.5000000000000018 2.5000000000000004 0.02 5.5000000000000009 6.6850000000000014 1.4158333333333333 57.500000000000007 52.500000000000007 -1.2799999999999996 -0.055000000000000153 -0.55166666666666619 0.10166666666666681 0.024999999999999915 0.49050000000000005 -0.12499999999999999 0.048333333333334234 1.0000000180025095e-35 -0.0033250000000000219 3.5000000000000004 0.32010000000000005 5.3850000000000007 -0.034999999999999691 -0.029999999999999801 0.30025000000000007 40.500000000000007 0.34945000000000004 0.19999999999999954 -0.0033333333333334099 0.31220000000000009
decision_type=2 2 2 2 2 2 2 2 2 2 2 2 2 2 2 2 2 2 2 2 2 2 2 2 2 2 2 2 2 2
left_child=1 2 -1 4 -2 6 16 9 -9 10 11 -5 13 14 15 -11 -6 18 -18 20 22 -22 -4 -24 -25 -23 -21 28 -17 -30
right_child=3 -3 19 7 5 -7 -8 8 -10 12 -12 -13 -14 -15 -16 27 17 -19 -20 26 21 25 23 24 -26 -27 -28 -29 29 -31
leaf_value=0.16087239216016527 -0.0002690956622455285 -0.027569589707208582 -0.052943114765485633 0.042857547361438791 -0.041483381769759492 -0.027956936563629037 0.10981381142897342 0.0038449335230797371 0.095860739044191276 -0.073538330246614214 -0.0074836137264556865 0.21374596941652008 0.0063621706127789269 -0.054234733399619553 -0.058972495920413398 0.045553924519694373 0.19395070646649887 -0.0081860482164179526 0.019380581716432681 -0.031840804622896172 -0.032873782310734477 0.15201441067018739 0.19637559003806626 -0.052129802250705681 0.1580785072857811 -0.01020324108276644 0.13693427313218548 -0.036265912923012421 0.025945404904150249 -0.051207396299349922
leaf_weight=0.69207257963717239 1632.9223163602874 47.351230133324862 1.1070329174399374 1.5355887431651356 4.8120085606351477 42.332493515685201 1.7666226886212815 3.7599385455250731 3.7700883373618126 2.3842378035187712 2.0787303131073704 1.1074543166905639 375.73560610972345 8.4698354108259064 5.4035326717421404 10.450681450776754 0.99498205259442363 4.568546405993402 1.8990612421184776 12.63329545781016 7.6174687910824996 1.2086704522371294 1.7850194759666917 1.7929297499358683 0.95156209915876377 1.1494625881314275 0.52772750891745168 5.1093597551807752 13.674113084562128 6.4287990517914286
leaf_count=10 13600 2125 26 33 181 1946 18 22 30 15 28 13 2415 158 43 92 23 69 30 748 223 20 30 54 31 24 16 77 105 49
internal_value=-0.000123955 -0.0163199 0.00175862 0.000460355 -0.000850138 -0.0176806 0.0133012 0.00549279 0.0499149 0.00471917 0.0607757 0.114461 0.00410024 -0.0122687 -0.00408832 0.00370643 -0.000589375 0.0257798 0.0793984 -0.0020685 0.0173245 -0.00785997 0.0618962 0.0899635 0.020753 0.0729421 -0.0250733 0.00887061 0.0164186 0.00127237
internal_weight=2206.02 76.8165 29.4652 2129.2 1689.3 56.3737 14.0412 439.908 7.53003 432.378 4.72177 2.64304 427.656 51.9206 43.4507 38.0472 12.2746 7.46259 2.89404 28.7732 15.6121 9.9756 5.63654 4.52951 2.74449 2.35813 13.161 35.663 30.5536 20.1029
internal_count=22254 3307 1182 18947 15867 2267 321 3080 52 3028 74 46 2954 539 381 338 303 122 53 1172 408 267 141 115 85 44 764 323 246 154
is_linear=0
shrinkage=0.05


Tree=74
num_leaves=31
num_cat=0
split_feature=13 1 0 13 6 11 23 15 14 14 14 14 14 12 27 27 5 8 6 14 15 0 24 22 24 21 11 24 10 7
split_gain=7.9686 5.68646 6.45219 7.71642 6.62662 8.43001 9.77731 7.32526 6.65448 5.99488 7.5544 7.8601 6.6255 5.94127 5.88486 5.8359 7.03255 5.80898 8.15424 6.57978 6.62052 5.69143 7.39688 5.50772 7.25547 8.39198 6.41358 8.98348 6.084 6.01267
threshold=-1.7149999999999994 1.5000000000000002 11.500000000000002 1.5974999999999999 0.17500000000000002 0.28025000000000005 6.6650000000000009 -0.0063333333333333288 0.096066666666666647 0.057275 0.18363333333333337 0.14772500000000002 0.062266666666666616 0.34795000000000004 0.084999999999999978 -0.039999999999999584 1.0000000180025095e-35 0.43630000000000008 0.13500000000000004 -0.11860833333333327 0.011666666666666674 12.500000000000002 -0.0050000000000003366 1.3500000000000001 0.0099999999999993445 0.015000000000000001 0.24920000000000003 0.016666666666667943 0.39945000000000003 6.0250000000000012
decision_type=2 2 2 2 2 2 2 2 2 2 2 2 2 2 2 2 2 2 2 2 2 2 2 2 2 2 2 2 2 2
left_child=-1 2 3 9 15 7 -7 -6 14 -2 11 12 -11 -10 -8 16 -4 18 -17 20 -19 22 -20 24 29 26 -26 -28 -25 -23
right_child=1 -3 4 -5 5 6 8 -9 13 10 -12 -13 -14 -15 -16 17 -18 19 21 -21 -22 23 -24 28 25 -27 27 -29 -30 -31
leaf_value=-0.026283000310866996 -0.006802585603800611 -0.0017081465494342201 0.028075141566093188 0.025958878844445549 0.028946221939943978 0.053025022014999881 -0.023136542894345719 -0.03465159107069013 -0.01977974311569685 0.062582331137022412 -0.029053679483015578 0.06933374689237802 0.0045261176256560778 0.054905763886656959 -0.084086413934170115 -0.04081111330604871 0.0028285342654481155 -0.05468579373616065 -0.0060292131900624799 0.022809747960307946 0.019577696753489856 0.010887882184882187 0.078939662210622819 -0.00098284597443947896 0.016115014045734261 0.028216860364101488 -0.098541028819625953 -0.027188088164820476 0.061678790187547988 -0.039012411500306848
leaf_weight=28.729169028811157 263.34002333879471 1384.900197728537 82.369691520929337 24.177018843591213 24.878546178340915 4.8895979523658744 41.518529817461967 5.535046085715293 5.7477540075778943 5.4433870613574973 10.882805630564688 6.2390259206295005 50.559157766401768 4.9613923877477646 4.3779166936874381 11.388793632388113 41.470767602324486 5.9732703268527967 4.8309706300497055 67.279779225587845 6.0314447432756424 57.290109507739544 5.4519231617450696 8.4465778172016126 4.9635883718729046 6.444760635495185 6.0792423337698009 16.077351465821266 7.1551077514886847 6.7477364242076865
leaf_count=1416 1194 17193 396 133 111 23 187 24 24 24 50 29 233 21 21 49 196 27 21 334 31 249 23 37 21 28 26 70 33 30
internal_value=-0.000122228 0.000223253 0.00360671 -0.00132514 0.00774392 -0.00416049 -0.0148097 0.0173719 -0.0206693 -0.00328566 0.00937972 0.0160997 0.0101691 0.014821 -0.0289504 0.010981 0.0196207 0.00598491 -0.000328688 0.0167254 -0.0173741 0.00340486 0.0390207 0.000169703 -0.00423969 -0.0230695 -0.0352571 -0.0467656 0.0277545 0.00562983
internal_weight=2204.18 2175.45 790.551 360.641 429.91 91.9088 61.4952 30.4136 56.6056 336.464 73.1244 62.2416 56.0025 10.7091 45.8964 338.001 123.84 214.161 134.876 79.2845 12.0047 123.487 10.2829 113.204 97.6028 33.5649 27.1202 22.1566 15.6017 64.0378
internal_count=22254 20838 3645 1663 1982 411 276 135 253 1530 336 286 257 45 208 1571 592 979 587 392 58 538 44 494 424 145 117 96 70 279
is_linear=0
shrinkage=0.05


Tree=75
num_leaves=31
num_cat=0
split_feature=20 0 9 20 12 12 24 27 12 7 11 15 28 23 13 3 4 20 0 0 13 26 10 3 24 0 24 24 12 16
split_gain=7.43771 5.84459 6.07616 8.94276 7.6935 7.02494 6.62302 6.08451 5.79237 8.85959 6.00277 5.00208 6.05038 6.65418 6.24684 5.29703 5.39463 5.12279 5.84102 6.28584 5.60178 6.88609 6.83007 5.42556 5.12436 5.84415 4.84768 4.59569 4.54061 4.37679
threshold=-1.6199999999999997 9.5000000000000018 4.4250000000000007 -1.8299999999999996 0.23099999999999996 0.41705000000000009 -0.023333333333333869 -0.064999999999999933 0.29580000000000006 4.4650000000000007 0.35535000000000005 0.02 5.5000000000000009 6.6850000000000014 1.4158333333333333 57.500000000000007 52.500000000000007 -1.2799999999999996 16.500000000000004 9.5000000000000018 0.10166666666666681 0.024999999999999915 0.49050000000000005 42.500000000000007 -0.0049999999999994485 13.500000000000002 0.048333333333334234 0.015000000000000126 0.38205 5.5000000000000009
decision_type=2 2 2 2 2 2 2 2 2 2 2 2 2 2 2 2 2 2 2 2 2 2 2 2 2 2 2 2 2 2
left_child=1 2 -1 4 -4 6 -6 -8 -9 10 -10 12 -2 14 26 17 -17 18 19 -13 21 22 23 24 25 -19 -14 29 -28 -25
right_child=11 -3 3 -5 5 -7 7 8 9 -11 -12 15 13 -15 -16 16 -18 20 -20 -21 -22 -23 -24 27 -26 -27 28 -29 -30 -31
leaf_value=-0.020953973704144785 -0.00025624011188653549 -0.026723194331726992 0.17028577046089841 -0.052227213883401791 -0.052347016900445777 0.12571472364641365 -0.053384694771176681 -0.05225125083890745 0.2374187363124296 0.018191367714590425 0.063848997629601709 0.028182920364124495 -0.040978280076506501 -0.027239039060771238 0.096848694106283523 0.0035522349404551591 0.087419841811167298 -0.025365152807037369 -0.023186032781875632 0.16574090163312111 0.0059818757830282492 -0.05401241552258669 -0.056861530738717816 -0.018836386988950779 -0.022139372316757916 0.062380804858599849 -0.0017180637047971255 0.074590598780306036 0.082028593857614004 0.068791766615881003
leaf_weight=14.623395066708328 1630.2504863953218 45.845013097859919 1.0992424301803101 3.0130340680479994 2.6612413236871335 1.6610491592437018 1.323225334286686 0.83989497087896303 1.1988815795630219 2.042744786478579 0.85223033744841803 1.7675217948853963 4.6215095864608866 41.15932216309011 1.9008017927408207 3.7564530484378329 3.9164930712431669 3.2497446732595554 1.6088134916499255 1.5665346160531042 375.54972659982741 8.0745219523087126 5.3049114998430005 4.6762245213612896 19.268139993771914 4.5607479251921177 5.2845237124711275 4.1872336119413376 2.3330967416986823 2.0495283305644989
leaf_count=793 13600 2125 22 91 88 37 30 26 29 43 23 27 181 1946 18 22 30 37 28 19 2415 158 43 52 158 42 94 32 28 17
internal_value=-0.000115928 -0.0155738 0.00186256 0.0245733 0.0443876 0.0313061 0.0137222 0.041823 0.0673576 0.0918966 0.165301 0.000430784 -0.000807965 -0.0170731 0.0125185 0.00518118 0.0463607 0.00444955 0.0550593 0.0928157 0.00386359 -0.0116222 -0.00371672 0.00370408 -0.0082911 0.025872 -0.000578474 0.033468 0.0239316 0.00786641
internal_weight=2200.25 75.16 29.3149 14.6915 11.6785 10.5793 8.91822 6.25698 4.93375 4.09386 2.05111 2125.09 1685.55 55.2993 14.1399 439.537 7.67295 431.864 4.94287 3.33406 426.921 51.3711 43.2965 37.9916 27.0786 7.81049 12.2391 10.913 7.61762 6.72575
internal_count=22254 3307 1182 389 298 276 239 151 121 95 52 18947 15867 2267 321 3080 52 3028 74 46 2954 539 381 338 237 79 303 101 122 69
is_linear=0
shrinkage=0.05


Tree=76
num_leaves=31
num_cat=0
split_feature=13 10 13 21 20 0 20 1 0 9 15 12 12 0 27 11 15 3 12 9 0 23 11 6 1 8 19 9 8 22
split_gain=7.13183 5.42235 6.94645 5.5043 8.31938 5.36599 5.59837 5.06958 5.96039 5.76624 7.54386 7.62615 9.0894 6.85662 8.42907 5.6406 5.55559 5.59201 7.12247 6.49787 5.43796 9.1591 8.82755 8.25058 10.7554 8.98541 7.26165 6.8593 7.36235 6.25323
threshold=-1.7149999999999994 0.21095000000000003 -1.9516666666666662 0.075000000000000025 -1.3199999999999998 6.5000000000000009 -1.0000000180025095e-35 1.5000000000000002 4.5000000000000009 4.495000000000001 -0.0099999999999999863 0.35280000000000006 0.37469999999999998 1.5000000000000002 -0.07499999999999972 0.42910000000000004 -0.054999999999999973 51.500000000000007 0.34305000000000002 4.7250000000000005 11.500000000000002 7.1150000000000011 0.45475000000000004 0.20500000000000004 2.5000000000000004 0.16745000000000002 0.055000000000000014 2.2250000000000005 0.57455000000000012 -1.2100000000000004
decision_type=2 2 2 2 2 2 2 2 2 2 2 2 2 2 2 2 2 2 2 2 2 2 2 2 2 2 2 2 2 2
left_child=1 3 5 -1 -5 -3 -7 8 9 15 11 -11 -13 -12 -15 -2 -10 -18 19 -19 22 27 23 25 -25 -9 -26 28 -22 -29
right_child=7 2 -4 4 -6 6 -8 20 16 10 13 12 -14 14 -16 -17 17 18 -20 -21 21 -23 -24 24 26 -27 -28 29 -30 -31
leaf_value=-0.042733293431217553 -0.047738692425596668 0.17521935838677441 -0.03998875569024516 -0.050804853979796574 0.21145586654830889 -0.051381031854567175 0.1077669565251444 -0.034229217980007151 -0.051762517533978349 -0.0080793285299621456 0.012152046752582723 0.10717089978107197 0.017463262920525927 -0.053527156549903282 -0.0078690361086056915 0.021040049476454502 0.0074812638864339949 -0.018728524987325065 -0.020820795434382155 0.017618408990141367 -0.031077763554675099 0.095677737836914301 -0.01542763105941336 0.13069889812210012 -0.038333316919371328 0.0039175285203243209 0.079859566865410209 0.011228660473361414 0.075655167800118051 -0.0053518231980094061
leaf_weight=20.744668185710914 14.0992498844862 0.86084371618926558 2.7595908027142277 0.67658245749771595 0.54674900136887916 1.1068700626492505 1.1034770682454105 15.864566857926546 4.2524855285882941 10.727225214242937 23.714507237076759 4.4020787775516492 7.8751616775989532 13.93969091773033 36.778581976890564 3.7802027761936179 569.32380752265453 17.932127460837364 42.620679289102554 39.124816402792931 34.686036632396281 2.2682455684989682 68.006486587226391 2.9041678179055435 3.1046049017459154 572.78310463950038 2.2351602986454964 62.650308126583695 1.6946328096091736 615.87910343613476
leaf_count=1212 76 20 67 50 6 55 6 471 20 49 109 19 38 60 162 17 2645 82 195 173 616 34 758 34 73 6525 51 1174 10 7447
internal_value=-0.000113891 -0.0252787 0.0175843 -0.0366555 0.0664085 0.069316 0.0280708 0.000208387 0.00340733 -0.00709608 -0.00230664 0.0227187 0.0496285 -0.0100411 -0.020418 -0.033197 0.00520639 0.00556851 -0.00535649 0.00619512 -0.00161683 -0.00463669 0.00164047 0.00358511 0.0532586 0.00288944 0.0111408 -0.00495496 -0.0261061 -0.00382091
internal_weight=2198.45 27.7988 5.83078 21.968 1.22333 3.07119 2.21035 2170.65 788.571 115.317 97.4372 23.0045 12.2772 74.4328 50.7183 17.8795 673.254 669.001 99.6776 57.0569 1382.08 717.178 664.898 596.892 8.24393 588.648 5.33977 714.91 36.3807 678.529
internal_count=22254 1416 148 1268 56 81 61 20838 3645 530 437 106 57 331 222 93 3115 3095 450 255 17193 9281 7912 7154 158 6996 124 9247 626 8621
is_linear=0
shrinkage=0.05


Tree=77
num_leaves=31
num_cat=0
split_feature=13 10 1 10 24 14 24 24 12 19 19 12 22 3 13 23 8 21 13 8 3 23 22 10 20 12 14 24 13 20
split_gain=6.84133 6.1194 5.00012 7.08485 6.91355 9.40024 6.43396 7.6929 7.24289 8.30872 7.56542 6.08936 13.3949 16.4574 8.91257 7.65786 5.82935 9.47845 9.33377 7.95441 5.63251 7.52652 7.19555 5.84826 6.28982 8.10946 9.09245 9.06644 5.1992 10.3658
threshold=-2.1675 0.21095000000000003 4.5000000000000009 0.48510000000000003 0.069999999999999854 -0.12158333333333332 0.060833333333333524 0.01166666666666716 0.35280000000000006 -0.050000000000000003 0.010000000000000004 0.41455000000000003 -1.7649999999999999 42.500000000000007 1.6275000000000002 7.035000000000001 0.49275000000000008 -0.019999999999999993 1.4366666666666672 0.55410000000000015 35.500000000000007 6.7150000000000007 1.3000000000000003 0.56550000000000011 0.80999999999999994 0.35645000000000004 -1.0000000180025095e-35 -0.024999999999999908 1.0750000000000008 1.8550000000000002
decision_type=2 2 2 2 2 2 2 2 2 2 2 2 2 2 2 2 2 2 2 2 2 2 2 2 2 2 2 2 2 2
left_child=1 -1 -2 4 11 -6 7 20 16 -10 -11 -4 13 -13 15 -14 17 -9 -19 -18 21 -5 -23 24 -22 26 -26 -28 -7 -30
right_child=2 -3 3 6 5 28 -8 8 9 10 -12 12 14 -15 -16 -17 19 18 -20 -21 23 22 -24 -25 25 -27 27 -29 29 -31
leaf_value=-0.048989853978410741 0.001066817648645752 0.049141917875505023 -0.017996129583993478 0.11874480157965875 0.12024260082718308 -0.010420896995537932 -0.038268015900660993 0.15499640323693362 0.098633114184120296 -0.042374061183102919 0.060439174377124975 0.024181400879651642 -0.013503129227099543 0.42401795935605557 0.088023619270266015 0.14984602255525523 -0.018600206532720803 0.0098922044361494724 0.12471626581881259 0.093739134847717343 -0.033431072776441584 -0.02309747869952504 0.063466663009024982 -0.032491744670634176 0.0060932011224600902 -0.021762284706295217 0.015401620707835715 0.15290789481150019 0.10642250783221703 -0.027221264449609418
leaf_weight=11.650416319724171 1880.2391484603286 1.8394879903644312 157.6437675296329 1.9439943488687266 1.9445890318602348 14.885702857747676 7.62538176216185 2.6643535718321827 1.7896578144282091 7.6577068073675019 2.3348091039806604 0.66328212851658708 24.864852746948607 0.42052329517900944 2.6205545663833609 0.73880515247583289 5.1727354396134606 5.5688386345282215 2.5943334065377712 2.2660232838243246 7.3588188681751516 6.0502744456753117 3.9797358438372612 17.290943944826722 5.8688136097043762 6.6664655981585375 1.9985436480492351 2.9955192934721717 3.168758660554885 2.6764323934912682
leaf_count=925 14594 49 4427 26 22 251 84 17 13 97 30 35 702 18 20 21 54 84 19 22 165 119 30 194 63 75 23 28 21 26
internal_value=-0.000111116 -0.0356086 0.000108372 -0.00586967 -0.0109429 0.0151296 0.00571179 0.00969465 0.0299834 -0.000581784 -0.0183512 -0.0141053 0.00682315 0.17932 0.000199275 -0.00878962 0.0496987 0.0731108 0.0463844 0.015621 -0.00156317 0.0287017 0.0112497 -0.0101549 0.00536353 0.0216495 0.048291 0.0978801 0.00526986 0.0452289
internal_weight=2195.18 13.4899 2181.69 301.454 209.627 22.6755 91.8269 84.2016 30.0485 11.7822 9.99252 186.952 29.308 1.08381 28.2242 25.6037 18.2663 10.8275 8.16317 7.43876 54.1531 11.974 10.03 42.1791 24.8882 17.5293 10.8629 4.99406 20.7309 5.84519
internal_count=22254 974 21280 6686 5543 320 1143 1059 336 140 127 5223 796 53 743 723 196 120 103 76 723 175 149 548 354 189 114 51 298 47
is_linear=0
shrinkage=0.05


Tree=78
num_leaves=31
num_cat=0
split_feature=13 10 14 9 6 11 14 11 4 17 9 20 14 11 27 22 0 23 1 23 10 20 23 13 3 7 0 11 12 15
split_gain=6.39749 5.71624 4.76339 7.10545 8.50462 7.50463 10.3734 10.1377 7.32559 8.60867 7.0138 6.76994 7.65466 7.29188 6.84974 7.01454 9.33704 6.51686 8.14188 8.70249 6.38623 6.37906 7.5847 6.73245 6.34295 7.65211 9.63394 7.21966 6.88306 6.53369
threshold=-2.1675 0.21095000000000003 -0.026108333333333286 5.6450000000000005 0.19500000000000003 0.45695000000000002 0.11890000000000003 0.44915000000000005 52.500000000000007 1.5000000000000002 7.1050000000000013 -0.015000000000000123 -0.034341666666666652 0.39380000000000004 -0.060000000000000046 -1.6999999999999997 9.5000000000000018 6.6750000000000007 2.5000000000000004 6.6650000000000009 0.4234 1.6400000000000001 6.6850000000000014 1.4366666666666672 51.500000000000007 5.2650000000000006 3.5000000000000004 0.34220000000000006 0.52705000000000013 0.025000000000000019
decision_type=2 2 2 2 2 2 2 2 2 2 2 2 2 2 2 2 2 2 2 2 2 2 2 2 2 2 2 2 2 2
left_child=1 -1 11 -4 5 7 20 -5 9 -8 21 13 24 14 15 16 -2 18 -16 -20 -7 22 -10 -23 25 26 -13 28 -28 -26
right_child=2 -3 3 4 -6 6 8 -9 10 -11 -12 12 -14 -15 17 -17 -18 -19 19 -21 -22 23 -24 -25 29 -27 27 -29 -30 -31
leaf_value=-0.048682651980164381 -0.022096157142487503 0.045030371158891837 -0.0019233649260246223 0.0056093998627691558 0.053153152154242628 0.0085075031899170817 0.03110370958407517 0.040633697878706465 0.047529510045470735 -0.028593844628291017 -0.050655453713326408 -0.047428539797889468 -0.017786912194981071 0.10917924847470878 -0.043585777008675386 -0.00020737596938282335 0.14705094388370099 -0.02235020554900178 0.019664496274572733 0.15322907653305171 -0.038276990165678176 0.094020233766208147 -0.022702445457775149 -0.0098235741417714902 -0.016642898977114018 -0.00018957035126229981 0.013747265655208014 0.086864648420621027 0.098467783279107934 0.027862073863229871
leaf_weight=11.150401612743734 1.3929630387574463 1.9052846403792489 667.7520889355801 592.77500157617033 9.1251564454287273 9.5187743250280601 30.874047971330583 21.406549605540931 4.628950888291004 7.5074260514229527 8.7336709722876531 5.8867268562316886 59.376206117682159 1.2222291417419899 4.2144285403192034 23.652452299371362 1.9693049825727937 111.64635224174708 8.0227510784752631 1.4381735613569624 31.212226236239076 3.3163409363478413 22.676305713132024 2.948525108397007 73.594977173954248 361.0456145722419 99.030474548228085 3.7042268933728328 2.4569006087258449 9.2874390650540573
leaf_count=925 20 49 7733 4395 76 84 217 137 30 56 71 61 459 23 61 313 30 2692 167 29 238 23 195 17 588 2658 806 29 20 52
internal_value=-0.000110385 -0.0350066 9.85633e-05 0.00182175 0.00517979 0.00458467 -0.00677392 0.00683013 0.0036099 0.0194269 -0.0107405 -0.00307089 -0.000723878 -0.0124612 -0.0134372 0.00939873 0.0769745 -0.0183597 0.0142186 0.0399679 -0.0273435 -0.000356202 -0.0107963 0.0451467 0.00110158 0.00334117 0.0148174 0.0183008 0.0157983 -0.0116559
internal_weight=2193.47 13.0557 2180.42 1412.48 744.723 735.598 121.416 614.182 80.6853 38.3815 42.3038 767.941 614.383 153.559 152.336 27.0147 3.36227 125.322 13.6754 9.46092 40.731 33.5701 27.3053 6.26487 555.006 472.124 111.078 105.192 101.487 82.8824
internal_count=22254 974 21280 13272 5539 5463 931 4532 609 273 336 8008 4673 3335 3312 363 50 2949 257 196 322 265 225 40 4214 3574 916 855 826 640
is_linear=0
shrinkage=0.05


Tree=79
num_leaves=31
num_cat=0
split_feature=13 28 0 14 8 19 9 3 6 13 13 13 21 20 23 15 8 24 24 13 22 4 9 11 14 15 12 12 7 17
split_gain=6.02255 5.1963 9.58615 4.57598 6.20174 7.44108 6.97303 7.25097 7.24473 7.09106 7.28904 8.24986 11.642 8.68928 8.06515 6.53644 6.28078 6.01573 5.9786 8.87838 8.75784 8.28042 7.13169 7.46596 7.36884 6.62312 12.7749 8.36743 7.55432 7.26039
threshold=-1.4000000000000001 3.5000000000000004 23.500000000000004 -0.026108333333333286 0.59705000000000008 -0.044999999999999991 5.6450000000000005 23.500000000000004 0.19500000000000003 1.1108333333333336 -0.24000000000000063 -1.0924999999999996 -0.019999999999999993 -1.5399999999999996 6.6650000000000009 -0.033333333333333305 0.29530000000000006 0.10833333333333385 0.0083333333333324173 2.1075000000000004 -1.0699999999999998 52.500000000000007 4.9050000000000011 0.14500000000000005 -0.041075000000000021 0.013333333333333352 0.46775000000000005 0.30880000000000002 6.455000000000001 4.5000000000000009
decision_type=2 2 2 2 2 2 2 2 2 2 2 2 2 2 2 2 2 2 2 2 2 2 2 2 2 2 2 2 2 2
left_child=1 -1 -3 18 6 -6 7 9 15 10 11 -5 -13 -14 -15 -8 -16 -9 25 20 21 -20 23 -23 -25 -2 27 -27 -29 -30
right_child=3 2 -4 4 5 -7 8 17 -10 -11 -12 12 13 14 16 -17 -18 -19 19 -21 -22 22 -24 24 -26 26 -28 28 29 -31
leaf_value=-0.0056434640304557325 -0.011393700598599283 -0.045002096979886198 0.20585312176907467 -0.032920999759365875 0.049044005027885189 -0.024947860143177167 -0.037691505027954653 -0.0034324784116165521 0.049898922688545962 0.085859327549516307 -0.0082035485336172838 -0.049896214981995042 0.20690323372625269 0.17007867822768771 0.065969479193778921 0.0059312555926564767 -0.040163100048742718 0.026469977572198211 -0.0071594732200378382 0.040013341924375341 -0.0026620029904066856 -0.0054233403401957444 0.0078843647275284034 0.10395235932618407 0.0081596953959552822 0.015512878472279537 0.066901491895459395 -0.02692664982493765 -0.051698633687243367 0.016822103596200354
leaf_weight=33.644290095195174 273.66539838816971 16.921377485152338 0.3896044441498806 3.2875317605212304 3.7642799057066432 34.908981028944254 8.6950536165386421 584.1535021411255 9.2635190477594715 3.6749820262193671 18.8775739017874 2.1569690909236643 1.1566413491964294 1.4504321683198265 6.135593724437058 692.73314403463155 1.8037926750257609 17.318197647109628 14.718616873957215 14.607420165091751 303.37336693610996 3.136438884772363 10.007934156805275 8.674222888424989 2.6121511012315759 44.257906769402325 7.2750203106552354 38.810914216563106 4.5554205160588053 25.542590163648129
leaf_count=540 3695 1462 32 63 24 218 68 6503 75 22 183 25 37 15 74 5169 25 120 150 83 2400 29 81 81 22 390 69 393 33 173
internal_value=-0.00010811 -0.0170967 -0.0393563 0.000296287 0.00199618 -0.0177458 0.00256143 -0.00122427 0.00597064 0.0197992 0.0128368 0.0376752 0.0559449 0.0775916 0.0616629 0.0053905 0.0418566 -0.0025715 -0.00284758 0.00183813 0.000210083 0.0224662 0.0403146 0.0628179 0.0817818 -0.00709366 0.00267681 -0.00145192 -0.0123478 0.00645129
internal_weight=2191.57 50.9553 17.311 2140.62 1389.38 38.6733 1350.71 640.015 710.692 38.5435 34.8685 15.991 12.7034 10.5465 9.38982 701.428 7.93939 601.472 751.237 357.13 342.523 39.1494 24.4307 14.4228 11.2864 394.107 120.442 113.167 68.9089 30.098
internal_count=22254 2034 1494 20220 12621 242 12379 7067 5312 444 422 239 176 151 114 5237 99 6623 7599 2846 2763 363 213 132 103 4753 1058 989 599 206
is_linear=0
shrinkage=0.05


Tree=80
num_leaves=31
num_cat=0
split_feature=28 9 23 10 24 2 14 25 24 10 24 26 20 15 23 22 10 4 21 21 19 24 11 24 13 26 26 4 15 22
split_gain=5.9588 5.2232 6.17675 5.12674 14.5973 10.7462 6.94454 5.42726 15.123 7.52377 5.44332 11.1283 4.38286 4.06359 5.94734 6.01674 6.99982 5.05602 5.03999 4.96404 4.92845 8.0037 4.57718 4.48081 6.06963 7.11391 6.49416 11.4889 8.2695 6.41735
threshold=5.5000000000000009 5.8650000000000011 6.6350000000000007 0.41400000000000009 -0.033333333333333652 3.5000000000000004 0.058525000000000028 4.5000000000000009 -0.018333333333333087 0.50130000000000008 0.014999999999999238 0.010000000000000233 1.2700000000000005 -0.03666666666666666 6.9050000000000011 -0.32000000000000001 0.2849000000000001 55.500000000000007 0.050000000000000003 0.020000000000000014 0.14500000000000005 0.013333333333333199 0.28535000000000005 -0.010000000000000229 -0.76083333333333336 0.020000000000000021 0.015000000000000126 52.500000000000007 0.018333333333333337 0.38999999999999996
decision_type=2 2 2 2 2 2 2 2 2 2 2 2 2 2 2 2 2 2 2 2 2 2 2 2 2 2 2 2 2 2
left_child=13 2 -2 4 5 -3 -6 8 9 -5 -10 -12 -8 14 15 16 22 19 -18 -16 23 -22 -1 24 -15 26 -26 -28 29 -29
right_child=1 3 -4 7 6 -7 12 -9 10 -11 11 -13 -14 20 17 -17 18 -19 -20 -21 21 -23 -24 -25 25 -27 27 28 -30 -31
leaf_value=0.021442108537162767 0.017827962992971763 0.040529857536193856 -0.032183557995452416 0.25094058775841832 -0.051721127525987502 0.34397568409554302 0.010167455419372114 -0.044950317927964958 -0.04486648034185281 0.05706380080035868 -0.0035265318534793595 0.1593757960300233 0.1881077474030296 -0.017123640250841263 -0.030913362706759918 -0.037542819534812637 0.06394448509715063 -0.058610623972231213 -0.0067155699306012413 0.046887275922924493 0.10179352673020053 -0.022751098840674989 -0.037986996745996843 0.0022584350165905402 0.002285062426331396 -0.007057732069500027 -0.019649009634537053 0.086710037713106203 0.13115390170211025 -0.0041993349823727178
leaf_weight=4.3421521233394804 7.3257473814301184 0.54610091261565663 39.266338936984539 0.82551037985832154 2.361758533865213 0.62646281905472279 0.78400207031518199 6.9685256741940966 6.5989147508516934 1.2706476049497721 11.837293516844509 1.1502379830926646 0.61950896121561527 66.22286284621805 2.6387692149728528 24.577001114375889 5.1903605330735427 1.8861536839976896 4.9117483338341117 9.1929997233673912 3.044659672304987 2.2383108604699373 12.763998765498398 1397.4252282315865 288.16543798241764 269.7196223270148 6.4176602568477419 3.5169227458536607 3.2712413836270571 4.3328263144940138
leaf_count=74 140 30 2573 30 91 13 28 254 202 23 274 23 13 1500 30 279 46 33 51 117 31 20 233 10522 2046 3381 77 53 23 44
internal_value=-0.000106058 -0.0134848 -0.0243202 0.00154528 0.0485991 0.202651 0.000624903 -0.00656414 0.00577271 0.133416 -0.00788783 0.0109009 0.0887102 0.000402374 -0.0118563 -0.0196106 -0.00341262 0.0174161 0.0295888 0.0295359 0.000795156 0.0490259 -0.0229018 0.000670196 -0.00278879 -0.00113906 0.00408293 0.0336225 0.0643642 0.0365308
internal_weight=2190.04 80.181 46.5921 33.589 4.93783 1.17256 3.76527 28.6511 21.6826 2.09616 19.5864 12.9875 1.40351 2109.86 65.5032 51.7853 27.2083 13.7179 10.1021 11.8318 2044.35 5.28297 17.1062 2039.07 641.647 575.424 305.704 17.5387 11.121 7.84975
internal_count=22254 3694 2713 981 175 43 132 806 552 53 499 297 41 18560 863 683 404 180 97 147 17697 51 307 17646 7124 5624 2243 197 120 97
is_linear=0
shrinkage=0.05


Tree=81
num_leaves=31
num_cat=0
split_feature=13 10 1 10 24 14 24 24 12 15 22 22 28 8 10 16 13 7 8 7 23 23 20 20 26 23 23 4 11 23
split_gain=5.51473 5.43136 4.38688 6.10677 6.01461 7.62754 5.95343 6.47007 6.13728 7.09515 5.88441 7.07255 5.94817 6.78808 16.736 6.136 5.54659 7.07072 14.7357 8.10271 6.73486 8.59179 7.66602 12.4705 5.31902 6.28795 9.1785 8.70317 8.39457 5.30905
threshold=-2.1675 0.21095000000000003 4.5000000000000009 0.48510000000000003 0.069999999999999854 -0.12158333333333332 0.060833333333333524 0.01166666666666716 0.35280000000000006 0.024999999999999984 0.66500000000000015 0.63000000000000023 5.5000000000000009 0.08660000000000001 0.03179999999999996 3.5000000000000004 0.63583333333333336 5.8150000000000004 0.3931 6.2750000000000012 6.705000000000001 6.7550000000000008 0.25000000000000028 -0.61999999999999977 -0.015000000000000123 6.6950000000000012 6.745000000000001 54.500000000000007 0.39630000000000004 7.0250000000000012
decision_type=2 2 2 2 2 2 2 2 2 2 2 2 2 2 2 2 2 2 2 2 2 2 2 2 2 2 2 2 2 2
left_child=1 -1 -2 4 10 -6 7 24 -9 -10 11 12 13 14 -4 16 17 18 20 -19 -15 -22 23 -23 25 -5 -27 28 -28 -17
right_child=2 -3 3 6 5 -7 -8 8 9 -11 -12 -13 -14 15 -16 29 -18 19 -20 -21 21 22 -24 -25 -26 26 27 -29 -30 -31
leaf_value=-0.048225866433525465 0.00097721797334261165 0.043142057907187642 -0.050782346043960737 -0.044871263747047571 0.10417703209307505 0.0046111940584427002 -0.037578817704297225 0.044960630410767047 -0.024046747037919029 0.064411521151007484 -0.025608127061800282 0.11469594106033756 -0.022791667222657446 -0.053092038826765456 0.42989800528688865 -0.021059590231451146 -0.0049733963951967414 -0.053725663754838962 0.23787797665892008 0.052328812939603037 0.15973743231914603 -0.051965604296287174 -0.0078535454920426705 0.17872761812082855 -0.011703296916792292 0.1244387001159542 -0.035807266128208892 0.10131864535893985 0.080572214926572683 0.072204611179315495
leaf_weight=10.222376569174228 1877.4998180037364 1.9343024864792813 0.4318101005628695 2.8333855122327796 2.1193826263770488 20.817699030973017 7.4837516956031314 18.874709986150268 8.7139693107455951 3.0639063790440551 63.804287846200168 1.1858722455799569 43.252603970002383 1.6660590507090116 0.31186761148273945 32.401884557679296 21.765954319387674 4.0211054384708396 1.0234083235263813 3.2619935013353825 1.6392928138375262 0.88715255819261107 4.382038788869977 1.7245982252061365 37.852644269354641 2.4549063351005307 6.2484895847737771 2.3901877142488948 2.0604119002819061 1.60131459776312
leaf_count=925 14594 49 31 32 22 298 84 196 114 26 1013 21 2315 34 18 1212 216 68 14 47 30 28 89 35 533 32 79 24 23 52
internal_value=-0.000105286 -0.0336879 8.23494e-05 -0.00555043 -0.0103275 0.0138111 0.00516421 0.00895008 0.0272873 -0.00103514 -0.013347 -0.00680358 -0.00802079 0.000484161 0.150795 -0.00101881 0.0121614 0.0322066 0.0569276 -0.00622541 0.0389469 0.056709 0.0325599 0.100366 -0.00148982 0.0226922 0.0372455 0.017239 -0.0069479 -0.0166675
internal_weight=2187.93 12.1567 2175.77 298.275 206.298 22.9371 91.9764 84.4926 30.6526 11.7779 183.361 119.557 118.371 75.1185 0.743678 74.3748 40.3716 18.6056 11.3225 7.2831 10.2991 8.63308 6.99379 2.61175 53.84 15.9874 13.154 10.6991 8.3089 34.0032
internal_count=22254 974 21280 6686 5543 320 1143 1059 336 140 5223 4210 4189 1874 49 1825 561 345 230 115 216 182 152 63 723 190 158 126 102 1264
is_linear=0
shrinkage=0.05


Tree=82
num_leaves=31
num_cat=0
split_feature=20 0 16 1 12 26 27 1 9 3 8 13 1 26 20 23 14 14 12 10 9 9 3 27 24 7 7 23 19 6
split_gain=5.27593 5.46806 5.21747 3.94933 6.12431 5.99131 8.84978 11.0892 5.92023 4.95553 4.62727 3.92428 5.85661 5.77155 5.28819 6.29463 5.70625 7.95353 7.37196 5.17096 5.63056 5.08506 6.62986 7.55077 6.08692 5.24458 8.91416 9.59842 6.7906 7.8154
threshold=-1.6199999999999997 9.5000000000000018 2.5000000000000004 3.5000000000000004 0.32010000000000005 -0.034999999999999691 -0.029999999999999801 2.5000000000000004 5.3850000000000007 39.500000000000007 0.34945000000000004 1.6900000000000002 5.5000000000000009 -0.19999999999999971 0.22999999999999979 7.1050000000000013 0.065791666666666693 0.076016666666666718 0.58955000000000013 0.75735000000000008 7.9750000000000005 7.4150000000000009 31.500000000000004 0.039999999999999598 0.018333333333333982 6.7950000000000008 7.0550000000000006 6.6350000000000007 1.0000000180025095e-35 0.13500000000000004
decision_type=2 2 2 2 2 2 2 2 2 2 2 2 2 2 2 2 2 2 2 2 2 2 2 2 2 2 2 2 2 2
left_child=1 2 -1 4 5 -4 -7 -8 -6 -10 -5 12 19 -14 -15 16 18 -18 -16 20 21 25 23 -23 -24 -2 27 -27 29 -28
right_child=11 -3 3 10 8 6 7 -9 9 -11 -12 -13 13 14 15 -17 17 -19 -20 -21 -22 22 24 -25 -26 26 28 -29 -30 -31
leaf_value=0.12904260227656042 0.00066186616369236619 -0.024824941742205352 -0.052722922167915999 -0.029374301790226931 -0.031566885608738812 0.1575711442981714 -0.052497560332421089 0.15896986480171593 0.1203728552671673 -0.01531577570128919 0.11310996128108289 0.0068421779375821756 0.073173401765470977 -0.035500675414347274 -0.021662916140380902 0.13283319183053935 0.12097848887894561 0.0044336541558722218 0.13149180639660185 0.045738018813553757 -0.027271882462318972 0.02247438645786707 -0.008297836206212111 0.10368216042182565 0.025083278564958279 0.033098931219143563 -0.014615374102693186 -0.027111070391557402 -0.03292163442775986 0.020341432679240094
leaf_weight=0.80448241904378193 1573.3612043680623 42.643549493514001 1.029978835955262 11.138371461536732 7.1658206153660995 2.0903519839048386 1.7855752799659996 0.94965950213372696 1.4042059853672983 1.2920151650905607 0.60053248982876617 209.36482137069106 1.8625884167850006 23.721441051922739 38.452097130473703 0.79207914602011342 1.6960344174876798 10.696045585907994 0.80209924560040136 6.2136302329599848 18.666590048000216 11.71461410820484 33.277940060943365 3.7880369313061228 23.161099892109632 7.3288243263959876 24.39095625653863 68.356431027874351 11.631820222362874 46.418168334290385
leaf_count=10 13368 2125 26 748 223 30 51 34 16 28 16 1222 24 1246 1076 18 36 258 20 36 114 71 230 23 132 41 155 485 112 280
internal_value=-0.000105305 -0.0135213 0.00353487 -0.000142541 0.0162456 0.0567502 0.0801163 0.0209228 -0.00780392 0.0553516 -0.0220852 0.000344315 -0.00036932 -0.0137849 -0.0159116 -0.00705008 -0.00919541 0.0203845 -0.0185334 0.000203184 4.79033e-05 0.00033068 0.013356 0.0423173 0.0054009 -0.00021051 -0.00889068 -0.0212808 0.00248409 0.00830019
internal_weight=2186.6 70.9045 28.261 27.4565 15.7176 5.85557 4.82559 2.73523 9.86204 2.69622 11.7389 2115.7 1906.33 78.0224 76.1598 52.4384 51.6463 12.3921 39.2542 1828.31 1822.1 1803.43 71.9417 15.5027 56.439 1731.49 158.126 75.6853 82.4409 70.8091
internal_count=22254 3307 1182 1172 408 141 115 85 267 44 764 18947 17725 2678 2654 1408 1390 294 1096 15047 15011 14897 456 94 362 14441 1073 526 547 435
is_linear=0
shrinkage=0.05


Tree=83
num_leaves=31
num_cat=0
split_feature=13 10 0 28 0 13 27 24 25 13 13 13 8 11 27 6 11 23 15 22 7 15 14 7 10 27 13 25 24 24
split_gain=5.03665 4.98927 4.19594 4.05617 5.17797 6.83536 6.78654 9.9499 7.15026 12.9539 11.6276 6.9158 8.27702 8.57112 6.7791 6.62434 7.18575 9.96856 6.54186 10.5184 9.4318 6.38554 6.28564 5.95421 11.2168 6.50536 8.16347 11.0001 5.89673 6.30931
threshold=-2.1675 0.21095000000000003 9.5000000000000018 1.5000000000000002 11.500000000000002 1.5974999999999999 -0.024999999999999908 -0.0033333333333334099 1.5000000000000002 0.46666666666666728 -1.9516666666666662 -1.2366666666666668 0.20350000000000004 0.32380000000000003 -0.19499999999999981 0.17500000000000002 0.28025000000000005 6.6650000000000009 -0.020000000000000007 -0.36999999999999961 5.0050000000000008 -0.011833333333333333 0.096066666666666647 6.3150000000000004 0.45845000000000008 0.044999999999999936 -0.03666666666666573 3.5000000000000004 0.038333333333334448 0.028333333333332881
decision_type=2 2 2 2 2 2 2 2 2 2 2 2 2 2 2 2 2 2 2 2 2 2 2 2 2 2 2 2 2 2
left_child=1 -1 -3 4 5 6 7 -2 9 -8 -10 -12 21 28 -9 -6 18 -18 19 -17 -20 -13 -19 24 25 26 27 -15 29 -14
right_child=3 2 -4 -5 15 -7 8 14 10 -11 11 12 13 23 -16 16 17 22 20 -21 -22 -23 -24 -25 -26 -27 -28 -29 -30 -31
leaf_value=-0.047857281691024101 -0.052551980067605523 0.1270350325182972 -0.020314433668829124 -0.0015705229005174488 0.0098679443399354271 0.023768399776767549 0.068127297365334932 0.05588747681937746 0.24228277745548407 -0.010280243635071516 -0.049329335840699644 -0.0097705552974537771 -0.015730552226235549 -0.041788360105073141 -0.0094428955485589359 0.094816666355105494 0.054599425168516208 -0.028820714906375711 -0.038418716363839693 -0.0017055815893391542 0.029687106362712375 0.064787926296888662 0.01366461092329873 0.031830902437144655 -0.047392770997646542 -0.013686286661442618 0.044378275365003932 0.042395517829205392 -0.069364761138632908 0.045145166081589
leaf_weight=9.6325238831341249 13.453430883586405 0.80600623786449377 1.2061126092448828 1376.6171655892394 338.60224773734808 24.968499317765236 10.889941543340685 4.1007265523076049 0.49132096767425437 10.20342607796192 7.1859974265098563 4.3530540764331809 60.798301354050636 8.6789903342723758 125.36195681989193 5.4363813996315002 4.7403265088796607 46.434017866849899 9.6980658322572726 5.8703358918428439 10.683761209249495 8.4389303326606733 10.714755326509474 20.374216556549072 10.160065591335295 19.005994141101837 19.348383456468589 7.0183364003896704 4.7152020484209052 4.5767149031162253
leaf_count=925 61 16 33 17589 1582 140 47 19 3 47 47 24 272 38 567 25 22 212 44 26 47 43 45 96 45 85 82 32 20 20
internal_value=-0.00010327 -0.032899 0.0387102 7.24814e-05 0.00291284 -0.00147973 -0.00333849 -0.0116264 0.00269743 0.0301995 -0.000614736 -0.00129803 0.000762972 -0.0024337 -0.00737356 0.0066137 -0.00516148 -0.0150758 0.0142017 0.0447033 -0.00271896 0.039416 -0.0208552 0.00828042 0.00080792 0.00986817 0.0226422 -0.00414942 -0.0153637 -0.0114688
internal_weight=2184.57 11.6446 2.01212 2172.92 796.303 364.123 339.155 142.916 196.239 21.0934 175.146 174.654 167.468 154.676 129.463 432.18 93.5776 61.8891 31.6885 11.3067 20.3818 12.792 57.1488 84.586 64.2118 54.0517 35.0457 15.6973 70.0902 65.375
internal_count=22254 974 49 21280 3691 1688 1548 647 901 94 807 804 757 690 586 2003 421 279 142 51 91 67 257 378 282 237 152 70 312 292
is_linear=0
shrinkage=0.05


end of trees

feature_importances:
win_dev=248
tenji_dev=231
n_win_diff_in=171
course_in=150
motor_dev=132
jcd=129
l_win=116
l_2ren=106
st_dev=99
n_2ren=97
tenji_diff_out=94
age=90
tenji=89
n_win_diff_out=86
lane=84
b_2ren=83
tenji_diff_in=81
n_win=79
m_2ren=78
win_rank=42
avg_st_diff_in=42
avg_st_diff_out=37
avg_st=28
weight=25
motor_rank=25
tenji_rank=23
cls_val=22
st_rank=21
f_count=6
course_diff=4
maezuke=2

parameters:
[boosting: gbdt]
[objective: binary]
[metric: binary_logloss]
[tree_learner: serial]
[device_type: cpu]
[data_sample_strategy: bagging]
[data: ]
[valid: ]
[num_iterations: 300]
[learning_rate: 0.05]
[num_leaves: 31]
[num_threads: 0]
[seed: 0]
[deterministic: 0]
[force_col_wise: 0]
[force_row_wise: 0]
[histogram_pool_size: -1]
[max_depth: -1]
[min_data_in_leaf: 20]
[min_sum_hessian_in_leaf: 0.001]
[bagging_fraction: 1]
[pos_bagging_fraction: 1]
[neg_bagging_fraction: 1]
[bagging_freq: 0]
[bagging_seed: 3]
[bagging_by_query: 0]
[feature_fraction: 1]
[feature_fraction_bynode: 1]
[feature_fraction_seed: 2]
[extra_trees: 0]
[extra_seed: 6]
[early_stopping_round: 0]
[early_stopping_min_delta: 0]
[first_metric_only: 0]
[max_delta_step: 0]
[lambda_l1: 0]
[lambda_l2: 0]
[linear_lambda: 0]
[min_gain_to_split: 0]
[drop_rate: 0.1]
[max_drop: 50]
[skip_drop: 0.5]
[xgboost_dart_mode: 0]
[uniform_drop: 0]
[drop_seed: 4]
[top_rate: 0.2]
[other_rate: 0.1]
[min_data_per_group: 100]
[max_cat_threshold: 32]
[cat_l2: 10]
[cat_smooth: 10]
[max_cat_to_onehot: 4]
[top_k: 20]
[monotone_constraints: ]
[monotone_constraints_method: basic]
[monotone_penalty: 0]
[feature_contri: ]
[forcedsplits_filename: ]
[refit_decay_rate: 0.9]
[cegb_tradeoff: 1]
[cegb_penalty_split: 0]
[cegb_penalty_feature_lazy: ]
[cegb_penalty_feature_coupled: ]
[path_smooth: 0]
[interaction_constraints: ]
[verbosity: -1]
[saved_feature_importance_type: 0]
[use_quantized_grad: 0]
[num_grad_quant_bins: 4]
[quant_train_renew_leaf: 0]
[stochastic_rounding: 1]
[linear_tree: 0]
[max_bin: 255]
[max_bin_by_feature: ]
[min_data_in_bin: 3]
[bin_construct_sample_cnt: 200000]
[data_random_seed: 1]
[is_enable_sparse: 1]
[enable_bundle: 1]
[use_missing: 1]
[zero_as_missing: 0]
[feature_pre_filter: 0]
[pre_partition: 0]
[two_round: 0]
[header: 0]
[label_column: ]
[weight_column: ]
[group_column: ]
[ignore_column: ]
[categorical_feature: ]
[forcedbins_filename: ]
[precise_float_parser: 0]
[parser_config_file: ]
[objective_seed: 5]
[num_class: 1]
[is_unbalance: 0]
[scale_pos_weight: 1]
[sigmoid: 1]
[boost_from_average: 1]
[reg_sqrt: 0]
[alpha: 0.9]
[fair_c: 1]
[poisson_max_delta_step: 0.7]
[tweedie_variance_power: 1.5]
[lambdarank_truncation_level: 30]
[lambdarank_norm: 1]
[label_gain: ]
[lambdarank_position_bias_regularization: 0]
[eval_at: ]
[multi_error_top_k: 1]
[auc_mu_weights: ]
[num_machines: 1]
[local_listen_port: 12400]
[time_out: 120]
[machine_list_filename: ]
[machines: ]
[gpu_platform_id: -1]
[gpu_device_id: -1]
[gpu_use_dp: 0]
[num_gpu: 1]

end of parameters

pandas_categorical:[]
