tree
version=v4
num_class=1
num_tree_per_iteration=1
label_index=0
max_feature_idx=30
objective=regression
feature_names=jcd lane cls_val age weight f_count avg_st n_win n_2ren l_win l_2ren m_2ren b_2ren win_dev motor_dev st_dev win_rank motor_rank st_rank avg_st_diff_in n_win_diff_in avg_st_diff_out n_win_diff_out tenji tenji_dev tenji_rank tenji_diff_in tenji_diff_out course_in maezuke course_diff
feature_infos=[1:24] [1:6] [1:4] [16:77] [41:68] [0:3] [0:0.31] [0:8.4499999999999993] [0:0.68420000000000003] [0:9.1699999999999999] [0:1] [0:1] [0:1] [-5.4200000000000008:4.0266666666666673] [-0.50553333333333339:0.70833333333333326] [-0.13333333333333333:0.17833333333333334] [1:6] [1:6] [1:6] [-0.25:0.22] [-7.7400000000000002:7.9900000000000002] [-0.22:0.25] [-7.9900000000000002:7.7400000000000002] [6.4299999999999997:7.5999999999999996] [-0.33166666666666611:0.24666666666666615] [1:6] [-0.51999999999999957:0.44000000000000039] [-0.44000000000000039:0.51999999999999957] [1:6] [0:1] [-5:5]
tree_sizes=2828 2965 2976 2972 2974 2973 2976 2964 2967 2962 2979 2973 2991 2980 2953 2995 2982 2990 2971 2974 2972 2940 2968 2986 2967 2945 2977 2988 2971 2991 3004 2991 2982 2980 2964 2990 2973 2969 2977 2981 2979 2995 2969 2963 2942 2966 2989 2944 2986 2946 2946 2984 2967 2928 2933 2984 2966 2955 2967 2975 2969 2981 2953 2972 2949 2986 2984 2979 2955 2991 2939 2970 2949 2942 2975 2958 2938 2957 2956 2968

Tree=0
num_leaves=31
num_cat=0
split_feature=28 13 28 13 13 13 13 28 28 13 13 9 22 28 13 1 13 13 1 16 24 24 24 9 0 25 10 15 24 26
split_gain=366.704 216.362 62.1923 42.5163 34.1782 33.1631 21.2221 18.25 9.19028 7.93764 6.9877 5.80285 5.04356 4.64454 4.29327 3.42665 3.28745 3.203 3.02236 2.94254 2.43106 2.33532 2.20701 2.15509 2.08438 1.91146 1.88756 1.78126 1.68746 1.62383
threshold=1.5000000000000002 -0.37833333333333358 4.5000000000000009 -1.5383333333333333 0.55333333333333423 -0.11166666666666679 1.2083333333333337 4.5000000000000009 5.5000000000000009 1.1250000000000007 0.73500000000000087 1.5550000000000004 -1.9999999999999996 3.5000000000000004 -0.68333333333333324 5.5000000000000009 0.20833333333333351 0.43250000000000016 3.5000000000000004 2.5000000000000004 0.014999999999999238 -0.0083333333333341902 -0.0050000000000003366 6.745000000000001 16.500000000000004 4.5000000000000009 0.24035000000000004 0.013333333333333352 0.0033333333333342989 -1.0000000180025095e-35
decision_type=2 2 2 2 2 2 2 2 2 2 2 2 2 2 2 2 2 2 2 2 2 2 2 2 2 2 2 2 2 2
left_child=5 3 4 11 13 12 8 14 19 18 22 -2 -1 16 21 -9 28 -10 -6 29 27 -5 -7 -8 26 -15 -14 -11 -3 -4
right_child=1 2 6 7 9 10 23 15 17 20 -12 -13 24 25 -16 -17 -18 -19 -20 -21 -22 -23 -24 -25 -26 -27 -28 -29 -30 -31
leaf_value=0.50070630669619021 0.47960339330373597 0.4992416325623304 0.50210883402935347 0.49140621227227382 0.50655094444978355 0.51162398554761834 0.50187723674947549 0.49030881249254527 0.48997292739686693 0.50597905807875421 0.5198753516723037 0.48564612552256819 0.50405165846489253 0.49962398548422299 0.49709101843638209 0.48621137266040321 0.50413298133303963 0.49459842802563997 0.50225104823807409 0.49551067841648877 0.51202166216742628 0.49495731873063292 0.51611028692587013 0.50746668228407432 0.51256349647402777 0.49562696159276498 0.50974126951532495 0.51036504433807361 0.50234353476116533 0.49715611393289966
leaf_weight=247 777 1020 330 949 1255 399 487 1138 961 460 1342 813 265 900 1092 925 1019 613 606 1265 746 904 876 267 259 448 324 466 769 332
leaf_count=247 777 1020 330 949 1255 399 487 1138 961 460 1342 813 265 900 1092 925 1019 613 606 1265 746 904 876 267 259 448 324 466 769 332
internal_value=0.499955 0.497083 0.501098 0.489816 0.503782 0.5143 0.496248 0.492078 0.494609 0.507397 0.517357 0.482693 0.506994 0.500708 0.494604 0.488472 0.501866 0.491774 0.505151 0.496924 0.509898 0.493139 0.514706 0.503857 0.508825 0.498296 0.507181 0.508186 0.500575 0.499625
internal_weight=22254 18542 11944 6598 7689 3712 4255 5008 3501 3533 2617 1590 1095 4156 2945 2063 2808 1574 1861 1927 1672 1853 1275 754 848 1348 589 926 1789 662
internal_count=22254 18542 11944 6598 7689 3712 4255 5008 3501 3533 2617 1590 1095 4156 2945 2063 2808 1574 1861 1927 1672 1853 1275 754 848 1348 589 926 1789 662
is_linear=0
shrinkage=1


Tree=1
num_leaves=31
num_cat=0
split_feature=28 13 28 13 13 13 13 28 28 13 16 22 13 24 13 1 13 13 13 1 24 10 24 9 0 10 14 11 9 13
split_gain=330.95 195.267 56.1285 38.4428 30.8458 29.9496 19.153 16.9509 8.29422 7.16372 6.29048 4.54905 4.25232 4.2269 4.17109 3.16475 2.89071 2.78815 2.74595 2.72768 2.30959 2.29589 2.07038 1.94497 1.89303 2.0099 1.84697 1.71748 1.70166 1.67387
threshold=1.5000000000000002 -0.37833333333333358 4.5000000000000009 -1.645833333333333 0.55333333333333423 -0.101666666666667 1.2083333333333337 4.5000000000000009 5.5000000000000009 1.1250000000000007 2.5000000000000004 -1.9999999999999996 -0.68333333333333324 -1.0000000180025095e-35 -2.5925000000000002 5.5000000000000009 0.43250000000000016 0.009166666666666325 0.15666666666666676 3.5000000000000004 -0.028333333333332874 0.65110000000000012 0.014999999999999238 6.745000000000001 16.500000000000004 0.24035000000000004 -0.037716666666666725 0.34220000000000006 3.7950000000000004 0.23000000000000001
decision_type=2 2 2 2 2 2 2 2 2 2 2 2 2 2 2 2 2 2 2 2 2 2 2 2 2 2 2 2 2 2
left_child=5 3 4 14 13 11 8 12 17 19 -7 -1 20 18 28 -9 -10 -4 -3 -6 -5 22 -11 -8 25 -13 -19 -12 -2 -15
right_child=1 2 6 7 9 10 23 15 16 21 27 24 -14 29 -16 -17 -18 26 -20 -21 -22 -23 -24 -25 -26 -27 -28 -29 -30 -31
leaf_value=0.00080925783052319489 -0.020080970148363058 -0.0022341868002392932 -0.0057742370347045177 -0.0091630480148726049 0.0062660787943231155 0.018358939825428505 0.0018260563958964065 -0.0092942740954774956 -0.0094830372548128147 0.007386507858349458 0.011179643430457008 0.0037094154951176541 -0.0027208508145841926 0.0013163395686769256 -0.014256603995581036 -0.013161816093294572 -0.0050888115628265444 -0.0042786789712458174 0.0013449050576647343 0.0021811773478001258 -0.0054488079141251453 0.016994170891611201 0.011036724002674372 0.0071360299370708535 0.01200042423981249 0.0095187447309049225 -0.00033476648407172315 0.015581251072509242 -0.0052823058515787131 0.0043759161691580501
leaf_weight=248 676 1314 581 612 1255 1701 487 1178 961 884 488 268 1092 1237 736 960 613 442 905 606 1324 95 693 267 266 335 904 406 20 700
leaf_count=248 676 1314 581 612 1255 1701 487 1178 961 884 488 268 1092 1237 736 960 613 442 905 606 1324 95 693 267 266 335 904 406 20 700
internal_value=-2.67838e-12 -0.00272818 0.00108544 -0.00963177 0.00363521 0.0136277 -0.00352213 -0.00762237 -0.00507891 0.00706999 0.0165743 0.00678219 -0.00521571 0.00071532 -0.0168808 -0.0110309 -0.00777169 -0.00287942 -0.000774485 0.00493591 -0.00662294 0.00944532 0.00899057 0.00370638 0.00848678 0.00693682 -0.00162987 0.0131786 -0.0196557 0.00242202
internal_weight=22254 18542 11944 6598 7689 3712 4255 5166 3501 3533 2595 1117 3028 4156 1432 2138 1574 1927 2219 1861 1936 1672 1577 754 869 603 1346 894 696 1937
internal_count=22254 18542 11944 6598 7689 3712 4255 5166 3501 3533 2595 1117 3028 4156 1432 2138 1574 1927 2219 1861 1936 1672 1577 754 869 603 1346 894 696 1937
is_linear=0
shrinkage=0.05


Tree=2
num_leaves=31
num_cat=0
split_feature=28 13 28 13 13 13 13 1 28 13 13 28 13 1 13 13 13 13 1 14 10 24 2 0 14 24 24 26 9 24
split_gain=298.683 176.463 55.4196 30.6319 30.1097 27.0313 18.7255 12.472 7.90939 6.46525 5.92143 4.37626 4.21077 4.19386 3.80752 3.44177 3.06908 2.93903 2.46173 2.37719 2.07204 2.05794 2.04075 2.01663 1.94053 1.87295 1.86852 1.80951 1.75534 1.60798
threshold=1.5000000000000002 -0.46916666666666712 4.5000000000000009 -1.645833333333333 0.55333333333333423 -0.11166666666666679 1.2083333333333337 3.5000000000000004 5.5000000000000009 1.1250000000000007 0.73500000000000087 3.5000000000000004 -1.2150000000000003 5.5000000000000009 -2.7591666666666659 0.009166666666666325 0.43250000000000016 0.20833333333333351 3.5000000000000004 -0.025241666666666659 0.65110000000000012 0.046666666666666419 3.5000000000000004 16.500000000000004 0.00081666666666671561 -0.0083333333333341902 0.014999999999999238 -0.029999999999999801 6.745000000000001 -0.008333333333333302
decision_type=2 2 2 2 2 2 2 2 2 2 2 2 2 2 2 2 2 2 2 2 2 2 2 2 2 2 2 2 2 2
left_child=5 3 4 14 11 12 8 19 15 18 22 17 -1 -9 -2 -4 -10 29 -6 -5 26 -13 24 -14 -7 -21 -11 -17 -8 -3
right_child=1 2 6 7 9 10 28 13 16 20 -12 21 23 -15 -16 27 -18 -19 -20 25 -22 -23 -24 -25 -26 -27 -28 -29 -30 -31
leaf_value=-0.0004384710773746804 -0.019029606371873717 -0.00097701918967860808 -0.0058371008476411287 -0.0067210856450473618 0.0059527747861417646 0.0097089652377150976 0.0017347536782219668 -0.0084456212266057953 -0.0092699109322961371 0.0070171825781599438 0.018024513623698012 -0.0023192907844416118 0.0061967304623003604 -0.01264696802253445 -0.01381571883485265 0.0010734344213122156 -0.0048343712552093568 0.0038292330537097381 0.0020721187292545933 -0.0051848053316029758 0.016144462023910726 0.0037708852295914004 0.016150958852275559 0.011311720826214167 0.014475493565467852 -0.0010830160753577695 0.01048488776061098 -0.0028302795084737308 0.0067792280224825115 0.0018451400955609228
leaf_weight=189 610 940 717 706 1255 469 487 1854 1072 884 1342 1320 628 874 822 442 613 1019 606 526 95 155 414 278 392 591 693 904 267 1090
leaf_count=189 610 940 717 706 1255 469 487 1854 1072 884 1342 1320 628 874 822 442 613 1019 606 526 95 155 414 278 392 591 693 904 267 1090
internal_value=-1.99037e-11 -0.00259177 0.000774898 -0.00965879 0.00325769 0.0129463 -0.00366843 -0.00765194 -0.00511476 0.00671649 0.0157063 0.000556547 0.00635008 -0.00979165 -0.0160367 -0.00303893 -0.00765627 0.00163817 0.00468911 -0.00445 0.00897305 -0.00167931 0.0132662 0.00776623 0.0118791 -0.00301457 0.00854104 -0.00154838 0.00352106 0.000538327
internal_weight=22254 18542 12559 5983 8057 3712 4502 4551 3748 3533 2617 4524 1095 2728 1432 2063 1685 3049 1861 1823 1672 1475 1275 906 861 1117 1577 1346 754 2030
internal_count=22254 18542 12559 5983 8057 3712 4502 4551 3748 3533 2617 4524 1095 2728 1432 2063 1685 3049 1861 1823 1672 1475 1275 906 861 1117 1577 1346 754 2030
is_linear=0
shrinkage=0.05


Tree=3
num_leaves=31
num_cat=0
split_feature=28 13 28 13 13 13 13 28 28 13 16 28 22 28 24 28 1 13 16 13 13 9 13 24 9 10 24 0 10 13
split_gain=269.561 159.311 45.6623 31.5315 25.1001 24.4039 15.5747 13.5929 6.74753 5.86013 5.26655 4.6113 3.93875 3.76672 3.45082 2.60646 2.48379 2.424 2.38764 2.33903 1.90723 1.82744 1.68645 1.68097 1.58419 1.56614 1.56317 1.5449 1.78896 1.49258
threshold=1.5000000000000002 -0.37833333333333358 4.5000000000000009 -1.5383333333333333 0.55333333333333423 -0.101666666666667 1.2083333333333337 4.5000000000000009 5.5000000000000009 1.2316666666666671 2.5000000000000004 5.5000000000000009 -1.9999999999999996 3.5000000000000004 -0.0083333333333341902 3.5000000000000004 5.5000000000000009 0.20833333333333351 2.5000000000000004 0.43250000000000016 -0.60333333333333294 6.7650000000000006 -0.72833333333333294 -0.053333333333333226 6.745000000000001 0.21095000000000003 0.033333333333332778 16.500000000000004 0.24035000000000004 0.11249999999999939
decision_type=2 2 2 2 2 2 2 2 2 2 2 2 2 2 2 2 2 2 2 2 2 2 2 2 2 2 2 2 2 2
left_child=5 3 4 11 13 12 8 14 18 15 -7 25 -1 17 22 -6 -9 -3 -4 -10 -16 -11 -5 -15 -8 -2 -19 28 -14 -25
right_child=1 2 6 7 9 10 24 16 19 21 -12 -13 27 23 20 -17 -18 26 -20 -21 -22 -23 -24 29 -26 -27 -28 -29 -30 -31
leaf_value=0.00056185333148366025 -0.013261156434087248 0.00058254777256538915 -0.00016044370121015883 -0.0076878604538943799 0.0059165351165554681 0.016591782045979348 0.0016480159511678763 -0.0082984363630754458 -0.0085453898540303573 0.0074759731219893088 0.011851753147789829 -0.017481206699117725 0.0032607697645452489 -0.0061565032174364168 -0.0040492191248228532 0.0021523532747914206 -0.011786906122758583 0.0026790700952574577 -0.0038665753738446672 -0.0045926526079461778 -0.00014067695925145277 0.011180144049493331 -0.0042369158407235706 -0.0025562031783090741 0.0064402668831053753 -0.0078011459598462743 0.007638037333331133 0.01087999017839145 0.0087415021591222119 0.0010082141464811025
leaf_weight=248 615 1789 662 872 1434 1701 487 1138 961 890 894 808 268 171 1029 677 925 822 1265 613 448 532 596 614 267 167 197 266 335 563
leaf_count=248 615 1789 662 872 1434 1701 487 1138 961 890 894 808 268 171 1029 677 925 822 1265 613 448 532 596 614 267 167 197 266 335 563
internal_value=-6.55282e-11 -0.00246218 0.000982469 -0.00869785 0.00328226 0.012299 -0.00317338 -0.00675024 -0.00457722 0.00638067 0.0149588 -0.0148322 0.0061197 0.000648321 -0.00457001 0.00470936 -0.00986258 0.00169126 -0.00259337 -0.00700598 -0.00286369 0.00886178 -0.0062868 -0.00152422 0.00334501 -0.0120951 0.00363777 0.00770583 0.00630562 -0.000851219
internal_weight=22254 18542 11944 6598 7689 3712 4255 5008 3501 3533 2595 1590 1117 4156 2945 2111 2063 2808 1927 1574 1477 1422 1468 1348 754 782 1019 869 603 1177
internal_count=22254 18542 11944 6598 7689 3712 4255 5008 3501 3533 2595 1590 1117 4156 2945 2111 2063 2808 1927 1574 1477 1422 1468 1348 754 782 1019 869 603 1177
is_linear=0
shrinkage=0.05


Tree=4
num_leaves=31
num_cat=0
split_feature=28 13 28 7 13 13 13 28 28 13 13 24 13 27 28 14 13 24 28 13 24 9 13 28 28 0 14 13 8 9
split_gain=243.279 143.984 45.1409 25.0793 24.4819 22.0332 15.3071 11.1069 5.79076 5.33769 5.02073 3.69501 3.62699 3.25721 2.3387 2.27531 2.26908 2.25733 2.04875 1.96475 1.92022 1.86757 1.78688 1.7755 1.72822 1.67708 1.60048 1.50276 1.49986 1.48325
threshold=1.5000000000000002 -0.46916666666666712 4.5000000000000009 2.7850000000000006 0.55333333333333423 -0.11166666666666679 0.96833333333333338 3.5000000000000004 5.5000000000000009 1.1250000000000007 0.73500000000000087 0.0033333333333334107 -1.2150000000000003 -0.020000000000000014 3.5000000000000004 -0.025241666666666659 0.009166666666666325 -0.013333333333333195 5.5000000000000009 1.6900000000000002 -0.0050000000000003366 6.0050000000000008 0.43250000000000016 5.5000000000000009 5.5000000000000009 16.500000000000004 -0.038466666666666698 0.18916666666666651 0.224 5.1350000000000007
decision_type=2 2 2 2 2 2 2 2 2 2 2 2 2 2 2 2 2 2 2 2 2 2 2 2 2 2 2 2 2 2
left_child=5 3 4 18 11 12 8 15 16 17 20 14 -1 -9 27 28 -4 -6 -2 23 -7 -11 -10 -8 -15 -14 -18 -3 -5 -19
right_child=1 2 6 7 9 10 19 13 22 21 -12 -13 25 24 -16 -17 26 29 -20 -21 -22 -23 -24 -25 -26 -27 -28 -29 -30 -31
leaf_value=-0.00057163790420249657 -0.012837997916455193 -0.00073544112510750138 -0.0053089578335941091 -0.0083430803142452003 0.0019031799431624159 0.0090538420791464649 0.0025756442592593663 -0.0061202541946000621 -0.0083641538644946226 0.0058490269744800316 0.016310476300330213 0.0021458994936552605 0.0056118228039733929 -0.0087948248445523843 -0.0028308971720377874 -0.002802523525523043 -0.0043849066507659464 0.0023091143694790929 -0.017215329565201786 0.0052777852576512563 0.013238525626219844 0.0093459612569408487 -0.0046359375200370296 -0.0021783075384471727 -0.011581671855409576 0.010276365944137462 -0.00042271823056754524 0.0023980691551398012 -0.0037564839060885459 0.0064973334555618089
leaf_weight=189 443 1106 717 414 672 399 456 710 1072 590 1342 1954 628 1285 879 1163 380 275 674 299 876 1082 459 345 981 278 774 585 313 914
leaf_count=189 443 1106 717 414 672 399 456 710 1072 590 1342 1954 628 1285 879 1163 380 275 674 299 876 1082 459 345 981 278 774 585 313 914
internal_value=-1.28478e-12 -0.00233907 0.000702027 -0.00872269 0.00294278 0.011684 -0.00330813 -0.0071717 -0.00496597 0.00606164 0.0141758 0.000507118 0.00572878 -0.00907539 -0.000738866 -0.00417415 -0.00309993 0.00421951 -0.0154793 0.00181912 0.011929 0.008112 -0.00724642 0.000528062 -0.0100013 0.00704311 -0.00172742 0.000348594 -0.00636838 0.00552865
internal_weight=22254 18542 12559 5983 8057 3712 4502 4866 3402 3533 2617 4524 1095 2976 2570 1890 1871 1861 1117 1100 1275 1672 1531 801 2266 906 1154 1691 727 1189
internal_count=22254 18542 12559 5983 8057 3712 4502 4866 3402 3533 2617 4524 1095 2976 2570 1890 1871 1861 1117 1100 1275 1672 1531 801 2266 906 1154 1691 727 1189
is_linear=0
shrinkage=0.05


Tree=5
num_leaves=31
num_cat=0
split_feature=28 13 28 13 13 13 13 1 28 13 13 9 1 22 25 28 13 24 16 13 24 13 2 14 22 26 9 27 26 14
split_gain=219.559 130.008 37.1546 26.1551 20.416 19.8915 12.8234 11.5383 5.48195 4.82459 4.45842 3.86998 3.56081 3.40855 3.21872 2.33822 2.28097 2.26777 1.99138 1.87374 1.81535 1.7758 1.77474 1.86163 1.52867 1.59211 1.40838 1.39934 1.36746 1.78359
threshold=1.5000000000000002 -0.37833333333333358 4.5000000000000009 -1.5383333333333333 0.55333333333333423 -0.101666666666667 1.2083333333333337 3.5000000000000004 5.5000000000000009 1.2316666666666671 0.63583333333333336 1.5550000000000004 5.5000000000000009 -1.9999999999999996 4.5000000000000009 3.5000000000000004 0.23000000000000001 -0.0083333333333341902 2.5000000000000004 0.43250000000000016 0.011666666666666272 -0.77583333333333349 2.5000000000000004 -0.0050083333333333637 0.16499999999999984 -0.12499999999999999 6.745000000000001 0.015000000000000126 -1.0000000180025095e-35 -0.029024999999999964
decision_type=2 2 2 2 2 2 2 2 2 2 2 2 2 2 2 2 2 2 2 2 2 2 2 2 2 2 2 2 2 2
left_child=5 3 4 11 14 13 8 17 18 15 22 -2 21 -1 16 27 -3 -5 28 -10 -11 -9 23 -7 25 -19 -8 -6 -4 -30
right_child=1 2 6 7 9 10 26 12 19 20 -12 -13 -14 -15 -16 -17 -18 24 -20 -21 -22 -23 -24 -25 -26 -27 -28 -29 29 -31
leaf_value=0.00035074519354008865 -0.015965411435582579 0.00048350085822831214 0.0021564597015579544 -0.0048602882791594203 0.006554698120595906 0.0048268626194055142 0.0014555515664069316 -0.0082425028084012232 -0.0076999128293187896 0.006282631369675099 0.015278927215614847 -0.011030636487876926 -0.010575339947680111 0.0069965234851535364 -0.0014807114982185814 0.0018202237597772606 0.0034386534931226858 0.0068262655045027328 -0.0035075375561422041 -0.0041620935685628786 0.0098576430781721382 -0.0052918108522563298 0.012561760775624915 0.01177239191471314 0.0035891079798687341 -0.0027247183921061597 0.0059740680057122917 0.0032989915474815282 -0.0071656638589816376 0.0004229255626646526
leaf_weight=248 777 1854 330 985 919 190 487 1098 961 735 1495 813 950 869 1294 677 1008 46 1265 613 687 952 714 196 129 848 267 515 123 209
leaf_count=248 777 1854 330 985 919 190 487 1098 961 735 1495 813 950 869 1294 677 1008 46 1265 613 687 952 714 196 129 848 267 515 123 209
internal_value=-2.06089e-11 -0.00222212 0.000889657 -0.0078552 0.00296417 0.0110998 -0.00285909 -0.00608139 -0.00413292 0.00575855 0.0135012 -0.0134422 -0.00804488 0.00552101 0.000588675 0.00424208 0.00152431 -0.00314788 -0.00234478 -0.0063221 0.0080098 -0.00687223 0.0110851 0.00835361 -0.00149908 -0.00223328 0.00305561 0.00538546 -0.00012289 -0.00238851
internal_weight=22254 18542 11944 6598 7689 3712 4255 5008 3501 3533 2595 1590 3000 1117 4156 2111 2862 2008 1927 1574 1422 2050 1100 386 1023 894 754 1434 662 332
internal_count=22254 18542 11944 6598 7689 3712 4255 5008 3501 3533 2595 1590 3000 1117 4156 2111 2862 2008 1927 1574 1422 2050 1100 386 1023 894 754 1434 662 332
is_linear=0
shrinkage=0.05


Tree=6
num_leaves=31
num_cat=0
split_feature=28 13 28 13 13 2 13 1 28 13 13 13 28 28 13 13 14 24 13 27 14 10 13 24 1 23 24 26 24 14
split_gain=198.152 117.586 36.8665 20.7882 19.8508 18.0282 12.5666 8.56517 5.24349 4.81465 4.40537 3.49857 3.31402 2.72584 2.47755 2.46486 2.10618 2.09458 2.01586 2.01205 1.92416 1.75317 1.74647 1.6887 1.53723 1.53476 1.53023 1.52386 1.5102 1.48607
threshold=1.5000000000000002 -0.46916666666666712 4.5000000000000009 -1.7149999999999994 0.55333333333333423 2.5000000000000004 1.2083333333333337 3.5000000000000004 5.5000000000000009 -0.52166666666666617 1.1250000000000007 0.52999999999999992 3.5000000000000004 5.5000000000000009 -2.7591666666666659 0.009166666666666325 0.098224999999999965 -0.016666666666665272 0.43250000000000016 -0.015000000000000123 -0.025241666666666659 0.65110000000000012 0.23000000000000001 0.046666666666666419 2.5000000000000004 6.9250000000000007 0.084999999999999534 -0.029999999999999801 -0.035000000000000579 0.007383333333333326
decision_type=2 2 2 2 2 2 2 2 2 2 2 2 2 2 2 2 2 2 2 2 2 2 2 2 2 2 2 2 2 2
left_child=5 3 4 14 12 9 8 20 15 16 19 -7 17 -9 -2 -4 28 -3 -10 -6 -5 25 -19 -14 -21 29 -15 -17 -1 -12
right_child=1 2 6 7 10 11 -8 13 18 -11 21 -13 23 26 -16 27 -18 22 -20 24 -22 -23 -24 -25 -26 -27 -28 -29 -30 -31
leaf_value=-0.0044065791192684283 -0.015689495728717598 -0.0002939767020919738 -0.0048494843114037563 -0.0056763011689942621 0.0055842909466252526 0.010703762928541336 0.0029028292527960848 -0.0069078170945582598 -0.0075487742170955597 0.008467032323029337 0.0060976557793105367 0.014821980422764995 -0.0020564189299263741 -0.010573466354627525 -0.011392079272359024 0.0011858963723635782 0.01148642162334616 0.0013451290043994188 -0.0039539890962411303 0.0051412216274537778 -0.0023631004868371434 0.013929891049077638 0.0045420303564188457 0.0034604087327757189 0.00095001645006640681 0.0029452949815817427 0.00072055760350438853 -0.002396471825205779 0.0027835419456444738 0.0094212008246389416
leaf_weight=89 610 1133 717 715 853 801 754 1828 1072 908 772 1448 1320 922 745 442 59 1273 613 321 1132 95 643 155 687 209 31 904 407 596
leaf_count=89 610 1133 717 715 853 801 754 1828 1072 908 772 1448 1320 922 745 442 59 1273 613 321 1132 95 643 155 687 209 31 904 407 596
internal_value=-4.20563e-12 -0.00211101 0.000637212 -0.00787985 0.00266221 0.0105448 -0.00298682 -0.00628511 -0.00417167 0.00622453 0.00547063 0.0133552 0.000468985 -0.00803808 -0.0133267 -0.0024815 0.0025557 0.00141023 -0.006241 0.00379709 -0.00364569 0.00733333 0.00241799 -0.00147668 0.00228472 0.00693595 -0.0102061 -0.00122009 0.00149338 0.00754563
internal_weight=22254 18542 12559 5983 8057 3712 4502 4628 3748 1463 3533 2249 4524 2781 1355 2063 555 3049 1685 1861 1847 1672 1916 1475 1008 1577 953 1346 496 1368
internal_count=22254 18542 12559 5983 8057 3712 4502 4628 3748 1463 3533 2249 4524 2781 1355 2063 555 3049 1685 1861 1847 1672 1916 1475 1008 1577 953 1346 496 1368
is_linear=0
shrinkage=0.05


Tree=7
num_leaves=31
num_cat=0
split_feature=28 13 13 28 1 13 13 13 13 28 16 1 28 13 28 24 9 26 24 28 24 11 9 13 27 26 0 8 28 24
split_gain=178.832 106.467 35.8133 21.3281 17.4345 16.4404 8.30869 6.71688 5.91686 4.23001 3.90822 3.28051 3.03649 2.95966 2.78292 2.77208 1.83241 1.79012 1.76542 1.73054 1.71452 1.63664 1.61861 1.61452 1.60631 1.52714 1.48333 1.45297 1.44316 1.44084
threshold=1.5000000000000002 0.12183333333333347 -1.4000000000000001 4.5000000000000009 4.5000000000000009 -0.11166666666666679 1.1250000000000007 1.2083333333333337 -0.60333333333333294 5.5000000000000009 2.5000000000000004 3.5000000000000004 5.5000000000000009 -1.2150000000000003 5.5000000000000009 0.010000000000000233 5.1350000000000007 -0.12499999999999999 0.033333333333332778 3.5000000000000004 0.105 0.34220000000000006 6.0050000000000008 -0.64416666666666667 -0.044999999999999922 -0.029999999999999801 16.500000000000004 0.46975000000000006 3.5000000000000004 -0.028333333333332874
decision_type=2 2 2 2 2 2 2 2 2 2 2 2 2 2 2 2 2 2 2 2 2 2 2 2 2 2 2 2 2 2
left_child=5 2 9 6 8 13 11 14 17 28 -7 16 23 -1 25 19 -3 -4 -18 -10 -14 27 -8 -6 -13 -5 -15 -12 -2 -19
right_child=1 3 4 7 12 10 22 -9 15 -11 21 24 20 26 -16 -17 18 29 -20 -21 -22 -23 -24 -25 -26 -27 -28 -29 -30 -31
leaf_value=-0.00081797735026431463 -0.0071524678490332231 0.0017113977483668816 0.0043477338899312349 0.0014520247309253768 -0.0074745849010382131 0.013587941188482134 0.0048599304018889442 0.0027576877671326031 -0.00085230364696683872 -0.014157466127565464 0.0067290637562479041 0.0037524454331686421 -0.0087590286107990644 0.0047146008011831608 -0.0047452670648364991 0.0011408850081323638 0.0037720181309099129 -0.0065192259375856619 0.0074924080947534645 -0.003959568393491637 0.0025965779800625408 0.011869371208541556 0.0081154405206524515 -0.0042722339408597272 -0.00040019918392356644 -0.0023848967179078469 0.0091014333585237011 0.015710538314655423 -0.010963284707489395 -0.0036134698623074934
leaf_weight=189 415 759 58 390 617 1701 590 754 1258 875 453 310 1487 628 951 1143 1355 635 417 696 34 413 1082 1087 936 774 278 50 619 1300
leaf_count=189 415 759 58 390 617 1701 590 754 1258 875 453 310 1487 628 951 1143 1355 635 417 696 34 413 1082 1087 936 774 278 50 619 1300
internal_value=-4.05945e-11 -0.00200546 -0.00542288 0.00219503 -0.00400496 0.0100176 0.00403217 -0.0012942 -0.00218253 -0.0115989 0.01217 0.00273313 -0.00688128 0.0048734 -0.00273871 -0.000814991 0.00376704 -0.0043076 0.00464753 -0.00195909 -0.00850519 0.00953695 0.00696667 -0.00543177 0.000632963 -0.00109933 0.00606067 0.00762185 -0.0094338 -0.00456704
internal_weight=22254 18542 10224 8318 8315 3712 5449 2869 5090 1909 2617 3777 3225 1095 2115 3097 2531 1993 1772 1954 1521 916 1672 1704 1246 1164 906 503 1034 1935
internal_count=22254 18542 10224 8318 8315 3712 5449 2869 5090 1909 2617 3777 3225 1095 2115 3097 2531 1993 1772 1954 1521 916 1672 1704 1246 1164 906 503 1034 1935
is_linear=0
shrinkage=0.05


Tree=8
num_leaves=31
num_cat=0
split_feature=28 13 28 13 7 2 13 28 13 13 28 28 13 27 24 14 22 1 15 14 24 24 13 9 13 24 28 14 24 13
split_gain=161.396 96.2924 29.8308 17.2486 16.456 15.0438 10.5057 7.42092 3.95004 3.67632 3.66507 2.93602 2.88408 2.51163 2.40731 2.2895 2.247 1.9806 1.92611 1.89617 1.8382 1.70476 1.68586 1.66599 1.52783 1.4646 1.45195 1.41085 1.34516 1.27911
threshold=1.5000000000000002 -0.50916666666666621 4.5000000000000009 0.55333333333333423 2.7850000000000006 2.5000000000000004 0.96833333333333338 4.5000000000000009 -0.52166666666666617 1.6900000000000002 5.5000000000000009 3.5000000000000004 0.52999999999999992 -1.0000000180025095e-35 -0.033333333333332764 0.0055333333333333632 -1.9550000000000001 2.5000000000000004 0.02 0.098224999999999965 -0.016666666666665272 0.10249999999999961 -0.008333333333333302 6.745000000000001 0.23000000000000001 -0.053333333333333226 5.5000000000000009 -0.038466666666666698 -0.035000000000000579 0.11249999999999939
decision_type=2 2 2 2 2 2 2 2 2 2 2 2 2 2 2 2 2 2 2 2 2 2 2 2 2 2 2 2 2 2
left_child=5 4 3 11 26 8 10 14 19 13 22 20 -7 15 -6 -5 -16 -15 -19 28 -3 -9 -4 -8 -22 -13 -2 -24 -1 -27
right_child=1 2 6 9 7 12 23 21 -10 -11 -12 25 -14 17 16 -17 -18 18 -20 -21 24 -23 27 -25 -26 29 -28 -29 -30 -31
leaf_value=-0.004329157733682836 -0.010499582084476039 -0.00037473047790010196 -0.004465008771465653 0.0038134411828476562 -0.0067069715178369521 0.0096765916076426012 0.00022472803152366407 -0.0085030612137639138 0.0076013683564690434 0.0084032581488922096 -0.0058599241824805149 -0.0055751019357386687 0.013415695367993927 0.0054486142150474565 -0.0063087403151257607 0.0076834449213823638 -0.0023692742178789798 2.1459128496529727e-05 0.0052642282994034206 0.010720842659978545 0.0011596693923530592 0.002478804348761009 -0.0038842275442603305 0.0044153513451446001 0.0041270956020472028 -0.0022225077594715532 -0.014184607333574135 -0.00020804371075711778 0.0024567144508736726 0.0009166819686946819
leaf_weight=89 443 1171 743 836 728 801 754 1924 908 634 1563 191 1448 428 480 704 1472 697 234 59 1333 36 390 346 643 766 674 789 407 563
leaf_count=89 443 1171 743 836 728 801 754 1924 908 634 1563 191 1448 428 480 704 1472 697 234 59 1333 36 390 346 643 766 674 789 407 563
internal_value=-1.70239e-11 -0.00190519 0.000512694 0.00231868 -0.00727477 0.00951671 -0.00271721 -0.00596317 0.00557017 0.00495433 -0.00406185 0.000323454 0.012084 0.00420006 -0.00425315 0.00558259 -0.003338 0.0026334 0.00133919 0.00224706 0.00119503 -0.00830135 -0.00259963 0.00154287 0.00212528 -0.00148105 -0.0127231 -0.00142408 0.00123909 -0.000892663
internal_weight=22254 18542 12785 8200 5757 3712 4585 4640 1463 3533 3485 4667 2249 2899 2680 1540 1952 1359 931 555 3147 1960 1922 1100 1976 1520 1117 1179 496 1329
internal_count=22254 18542 12785 8200 5757 3712 4585 4640 1463 3533 3485 4667 2249 2899 2680 1540 1952 1359 931 555 3147 1960 1922 1100 1976 1520 1117 1179 496 1329
is_linear=0
shrinkage=0.05


Tree=9
num_leaves=31
num_cat=0
split_feature=28 13 13 28 1 2 13 13 13 13 9 1 28 13 24 28 9 24 26 14 27 24 24 28 1 14 26 28 9 12
split_gain=145.66 87.1084 29.5732 17.3046 14.3138 13.577 6.96805 5.56389 4.79856 3.56491 3.54939 2.71826 2.60522 2.60288 2.41941 2.24916 1.99329 1.72034 1.58009 1.55981 1.53491 1.4825 1.43653 1.41378 1.37961 1.38885 1.37124 1.36316 1.30267 1.53156
threshold=1.5000000000000002 0.12183333333333347 -1.4000000000000001 4.5000000000000009 4.5000000000000009 2.5000000000000004 0.98000000000000098 1.2083333333333337 -0.60333333333333294 -0.52166666666666617 1.5550000000000004 3.5000000000000004 5.5000000000000009 0.52999999999999992 0.010000000000000233 5.5000000000000009 5.8150000000000004 -0.036666666666666618 -0.12499999999999999 0.098224999999999965 -0.044999999999999922 0.105 0.033333333333334554 3.5000000000000004 3.5000000000000004 -0.025241666666666659 -0.029999999999999801 3.5000000000000004 5.1050000000000013 1.0000000180025095e-35
decision_type=2 2 2 2 2 2 2 2 2 2 2 2 2 2 2 2 2 2 2 2 2 2 2 2 2 2 2 2 2 2
left_child=5 2 10 6 8 9 11 15 18 17 -2 22 -6 -7 23 26 -8 -1 -4 -19 -13 -14 -3 -10 25 -20 -5 -12 29 -16
right_child=1 3 4 7 12 13 16 -9 14 -11 27 20 21 -15 28 -17 -18 19 24 -21 -22 -23 -24 -25 -26 -27 -28 -29 -30 -31
leaf_value=-0.0042781039691445503 -0.013030031930262196 0.0025989794155808123 0.0042566890828311449 0.0014233366619700041 -0.0048761780659051642 0.0091927620185474884 0.0036137440622272632 0.0025343696507736449 -0.00079824007863981371 0.007221300029470217 -0.0061318151082503892 0.0034669150439175693 -0.0079590212607445598 0.012744910641314812 -0.010742953014286127 -0.0042719846779380689 0.0069746204931329814 0.0022873200256901894 -0.0052520871498516856 0.011251978872513231 -0.00083742623569286198 0.002600328317459892 0.005705481177882981 -0.0036067623222225359 -0.0060090865889240218 -0.0018804868800366449 -0.002212470655813236 -0.0098876048889434826 0.0029746684105428933 0.00016655586815647857
leaf_weight=88 808 1802 58 390 1704 801 639 754 1258 908 358 275 1487 1448 34 951 1425 412 496 55 839 34 469 696 644 795 774 743 511 598
leaf_count=88 808 1802 58 390 1704 801 639 754 1258 908 358 275 1487 1448 34 951 1425 412 496 55 839 34 469 696 644 795 774 743 511 598
internal_value=2.12497e-11 -0.00180993 -0.00490108 0.00198954 -0.0036126 0.00904088 0.00364435 -0.0011534 -0.00196131 0.00529166 -0.0105133 0.00224816 -0.00621881 0.0114798 -0.00072977 -0.00246809 0.00593412 0.00213471 -0.00387506 0.00334311 0.000225136 -0.00772298 0.00324052 -0.00179861 -0.0041188 -0.00317585 -0.000994288 -0.00866638 0.00109746 -0.000420348
internal_weight=22254 18542 10224 8318 8315 3712 5449 2869 5090 1463 1909 3385 3225 2249 3097 2115 2064 555 1993 467 1114 1521 2271 1954 1935 1291 1164 1101 1143 632
internal_count=22254 18542 10224 8318 8315 3712 5449 2869 5090 1463 1909 3385 3225 2249 3097 2115 2064 555 1993 467 1114 1521 2271 1954 1935 1291 1164 1101 1143 632
is_linear=0
shrinkage=0.05


Tree=10
num_leaves=31
num_cat=0
split_feature=28 13 28 13 13 13 13 1 13 28 13 16 22 27 1 9 1 24 24 10 7 24 11 24 13 8 14 23 9 14
split_gain=131.458 79.133 21.947 16.1209 12.5497 12.4289 7.69072 7.05605 3.98622 3.29698 3.25239 2.99247 2.60132 2.57844 2.26513 1.79895 1.71268 1.68741 1.63748 1.58447 1.56865 1.47012 1.46502 1.36493 1.28997 1.27447 1.24371 1.32406 1.19764 1.13421
threshold=1.5000000000000002 -0.37833333333333358 4.5000000000000009 -1.4000000000000001 0.98000000000000098 -0.11166666666666679 1.2083333333333337 3.5000000000000004 0.20833333333333351 5.5000000000000009 -2.2691666666666657 2.5000000000000004 -1.9999999999999996 -0.015000000000000123 5.5000000000000009 5.8150000000000004 3.5000000000000004 -0.016666666666667048 0.0033333333333342989 0.21095000000000003 6.2150000000000007 0.016666666666667055 0.34220000000000006 0.068333333333332927 0.61333333333333384 0.46975000000000006 0.0087916666666666438 6.8150000000000004 7.3650000000000011 -0.026108333333333286
decision_type=2 2 2 2 2 2 2 2 2 2 2 2 2 2 2 2 2 2 2 2 2 2 2 2 2 2 2 2 2 2
left_child=5 3 4 10 8 12 9 17 18 21 19 -7 -1 -10 20 -6 -15 -5 -3 -2 23 -4 25 -9 -11 -13 -17 -28 -8 -19
right_child=1 2 6 7 15 11 28 14 13 24 -12 22 -14 16 -16 26 -18 29 -20 -21 -22 -23 -24 -25 -26 -27 27 -29 -30 -31
leaf_value=-0.00039948410833412821 -0.012651989999619537 -0.0013836926561647915 -0.0026732595174534788 -0.0039927383380733983 0.003433056874419322 0.011701058010531833 0.0016465014076047211 -0.0056441112136097413 0.0039729777390634579 -0.005712216096801748 -0.0081031345938221457 0.0055082424666997361 0.0054313076867745043 0.0021836146315850251 -0.0082160643022059689 0.0053387772740888196 -0.0011870896838243224 -0.003162057441043318 0.0011495862571599847 -0.00095727168644467995 0.0048981623773119952 0.00034506339806577435 0.010363048515406599 0.0010294250934384764 -0.0024610972297400384 0.013919969329610468 0.0099436176512627157 0.0050038058394456684 0.0076246986864134669 0.00020136356714271731
leaf_weight=247 838 1548 1352 752 639 1701 658 1813 1326 1160 1041 453 848 1090 884 810 576 378 1085 30 38 575 413 80 414 50 413 202 96 744
leaf_count=247 838 1548 1352 752 639 1701 658 1813 1326 1160 1041 453 848 1090 884 810 576 378 1085 30 38 575 413 80 414 50 413 202 96 744
internal_value=-7.71256e-12 -0.00171943 0.000708303 -0.00611423 0.00230271 0.00858883 -0.00217286 -0.00453727 0.00107909 -0.00315935 -0.00998766 0.0104603 0.00411605 0.00232772 -0.00611982 0.00563741 0.00101823 -0.00216008 -0.000339785 -0.0122478 -0.00516017 -0.00177262 0.0081563 -0.00536208 -0.00485709 0.0063444 0.00662589 0.00832111 0.00240765 -0.000931768
internal_weight=22254 18542 11944 6598 7689 3712 4255 4689 5625 3501 1909 2617 1095 2992 2815 2064 1666 1874 2633 868 1931 1927 916 1893 1574 503 1425 615 754 1122
internal_count=22254 18542 11944 6598 7689 3712 4255 4689 5625 3501 1909 2617 1095 2992 2815 2064 1666 1874 2633 868 1931 1927 916 1893 1574 503 1425 615 754 1122
is_linear=0
shrinkage=0.05


Tree=11
num_leaves=31
num_cat=0
split_feature=28 13 13 1 2 7 28 1 13 22 24 9 13 27 28 15 13 14 24 15 22 1 20 10 28 20 9 23 14 27
split_gain=118.641 71.8343 23.1538 13.4999 11.3256 10.909 9.0289 5.25507 4.02466 3.00261 2.5524 2.17393 2.14309 2.11248 1.76853 1.84897 1.5636 1.48901 1.46277 1.49508 1.45087 1.40586 1.44229 1.34099 1.33901 1.33663 1.33063 1.34485 1.69712 1.28441
threshold=1.5000000000000002 -0.60333333333333294 0.54000000000000059 4.5000000000000009 2.5000000000000004 2.7850000000000006 3.5000000000000004 3.5000000000000004 1.2866666666666668 -1.8799999999999994 -0.011666666666667156 5.5050000000000008 0.52999999999999992 -0.044999999999999922 5.5000000000000009 0.018333333333333358 1.8016666666666676 -0.021108333333333337 -0.028333333333333762 -0.0073333333333333297 -0.83500000000000008 2.5000000000000004 -0.48999999999999994 0.55120000000000002 5.5000000000000009 0.87499999999999967 7.4500000000000011 6.7550000000000008 -0.16029166666666664 0.010000000000000233
decision_type=2 2 2 2 2 2 2 2 2 2 2 2 2 2 2 2 2 2 2 2 2 2 2 2 2 2 2 2 2 2
left_child=4 5 3 10 9 -2 11 17 14 -1 -3 -4 -6 -5 15 -8 29 -7 -11 20 -20 23 -23 -12 -9 -15 27 28 -10 -13
right_child=1 2 6 13 12 7 8 24 26 18 21 16 -14 25 -16 -17 -18 -19 19 -21 -22 22 -24 -25 -26 -27 -28 -29 -30 -31
leaf_value=0.00010976041475880246 -0.0109901075057062 -0.0011767342923564553 0.0026639591199395501 -0.00062715355011205831 0.0083117018719453747 -0.0050197295490777803 -0.00041664829974020416 -0.0060077230590633258 -0.0073441966474056255 0.0018633741994600725 0.002118423741726958 0.0064808786268495018 0.011534883521975776 -0.0052237738042301999 -0.0028324127527219909 0.0038757882415475955 0.0093103565903232492 -0.0019449424177769483 0.0083738848458117087 0.0083012085166708788 0.0022165600505927715 -0.0016388773904783588 0.001300113513883803 0.0091091480106115352 -0.0084425773181089573 -0.0024117312133399267 0.007995393488341742 0.0013522851348430518 0.006167593558202498 0.0033733263307151127
leaf_weight=283 1116 2054 657 378 801 668 1100 1602 25 193 940 916 1448 2011 525 325 302 959 147 566 274 627 1249 74 872 535 139 616 330 522
leaf_count=283 1116 2054 657 378 801 668 1100 1602 25 193 940 916 1448 2011 525 325 302 959 147 566 274 627 1249 74 872 535 139 616 330 522
internal_value=2.802e-11 -0.00163346 0.000313845 -0.00142192 0.00815939 -0.00660718 0.00281651 -0.00541445 0.00101646 0.00473512 0.000170843 0.00511444 0.0103869 -0.00411503 -0.00035164 0.000562328 0.00603971 -0.00320736 0.00584442 0.00662288 0.0043665 0.0011286 0.000317839 0.00262859 -0.00686593 -0.00463287 0.00341988 0.00276489 0.00521606 0.00535282
internal_weight=22254 18542 13325 7868 3712 5217 5457 4101 3060 1463 4944 2397 2249 2924 1950 1425 1740 1627 1180 987 421 2890 1876 1014 2474 2546 1110 971 355 1438
internal_count=22254 18542 13325 7868 3712 5217 5457 4101 3060 1463 4944 2397 2249 2924 1950 1425 1740 1627 1180 987 421 2890 1876 1014 2474 2546 1110 971 355 1438
is_linear=0
shrinkage=0.05


Tree=12
num_leaves=31
num_cat=0
split_feature=28 13 13 28 28 13 13 13 28 28 13 13 1 13 13 28 24 24 27 9 24 4 11 24 25 24 0 15 18 26
split_gain=107.074 64.9999 21.9449 12.8312 10.8563 10.3565 5.25383 3.98791 3.65551 2.80126 2.55928 2.47137 2.21266 2.15121 2.09507 1.73007 1.60491 1.57564 1.51948 1.47177 1.42393 1.54366 1.36061 1.34095 1.33104 1.28703 1.27935 1.27368 1.20414 1.15354
threshold=1.5000000000000002 0.12183333333333347 -1.4000000000000001 4.5000000000000009 3.5000000000000004 -0.11166666666666679 1.1250000000000007 1.2083333333333337 5.5000000000000009 5.5000000000000009 0.73500000000000087 -0.59000000000000019 3.5000000000000004 -1.2150000000000003 -0.60333333333333294 5.5000000000000009 0.01166666666666716 -0.0050000000000003366 -0.12499999999999999 5.1350000000000007 0.024999999999999915 48.500000000000007 0.37050000000000005 0.034999999999999705 5.5000000000000009 0.033333333333332778 16.500000000000004 0.009999999999999969 2.5000000000000004 -0.029999999999999801
decision_type=2 2 2 2 2 2 2 2 2 2 2 2 2 2 2 2 2 2 2 2 2 2 2 2 2 2 2 2 2 2
left_child=5 2 9 6 11 13 12 15 14 -2 17 18 19 27 -6 29 -16 -7 -4 -3 21 -8 -13 -10 -14 -21 -15 -1 -23 -5
right_child=1 3 4 7 8 10 20 -9 23 -11 -12 22 24 26 16 -17 -18 -19 -20 25 -22 28 -24 -25 -26 -27 -28 -29 -30 -31
leaf_value=-0.0025956857828258058 -0.007294620702607689 0.0011291008587430904 0.0076727512638483722 0.0014208911473934469 -0.0052186462658233021 0.0052512103969459996 -0.001149972413363035 0.0021460176507302558 -0.007305635039111422 -0.011138637367103781 0.010983852966689961 -0.00074263195164830367 0.0011226530287926524 0.0034306402459435142 -0.0036082170175450235 -0.0036712120715078249 -0.00058330401561890296 0.0090418701647508662 -0.0028863678385074587 0.0030129453438124537 0.0074569789646134494 0.006160081358836722 0.0019939152742367338 -0.003598572157472927 -0.0032851543604600721 0.0061895199658291086 0.0075047000933592643 0.010747914314270021 0.0022446487516157984 -0.001913835623515746
leaf_weight=169 1034 759 35 390 1332 399 112 754 1269 875 1342 1360 1041 628 1417 951 635 876 1283 1355 593 693 682 302 205 417 278 20 274 774
leaf_count=169 1034 759 35 390 1332 399 112 754 1269 875 1342 1360 1041 628 1417 951 635 876 1283 1355 593 693 682 302 205 417 278 20 274 774
internal_value=8.59178e-12 -0.00155179 -0.00422201 0.00173029 -0.00311207 0.00775142 0.00315525 -0.000976085 -0.00459982 -0.00905655 0.00945978 -0.000918093 0.00212226 0.00366853 -0.00367449 -0.00208912 -0.00267215 0.00785562 -0.00260597 0.00297138 0.00548873 0.00440702 0.000171337 -0.00659301 0.000397452 0.00376048 0.00468074 -0.00118366 0.00505064 -0.00079653
internal_weight=22254 18542 10224 8318 8315 3712 5449 2869 4955 1909 2617 3360 3777 1095 3384 2115 2052 1275 1318 2531 1672 1079 2042 1571 1246 1772 906 189 967 1164
internal_count=22254 18542 10224 8318 8315 3712 5449 2869 4955 1909 2617 3360 3777 1095 3384 2115 2052 1275 1318 2531 1672 1079 2042 1571 1246 1772 906 189 967 1164
is_linear=0
shrinkage=0.05


Tree=13
num_leaves=31
num_cat=0
split_feature=28 13 13 28 2 1 13 20 28 24 28 13 24 24 13 14 13 14 13 9 14 24 28 28 9 4 13 23 27 0
split_gain=96.6339 58.8461 16.6753 12.8983 9.49124 8.62241 6.86388 5.25598 3.70709 2.79631 2.66641 2.54596 2.26072 1.96886 1.78569 1.7789 1.73034 1.53598 1.50078 1.44799 1.36639 1.35784 1.46428 1.34504 1.38799 1.41924 1.30561 1.24794 1.13716 1.16894
threshold=1.5000000000000002 -0.084166666666666487 -1.4000000000000001 3.5000000000000004 2.5000000000000004 4.5000000000000009 1.2083333333333337 1.2200000000000004 5.5000000000000009 -0.009999999999999341 3.5000000000000004 -0.52166666666666617 0.050000000000001162 -0.013333333333333195 0.41499999999999965 1.0000000180025095e-35 0.52999999999999992 0.098224999999999965 -2.7591666666666659 5.0950000000000006 -0.026108333333333286 0.11333333333333374 5.5000000000000009 5.5000000000000009 7.3950000000000005 53.500000000000007 -0.74333333333333262 6.7750000000000012 0.064999999999999961 2.5000000000000004
decision_type=2 2 2 2 2 2 2 2 2 2 2 2 2 2 2 2 2 2 2 2 2 2 2 2 2 2 2 2 2 2
left_child=4 2 10 7 11 9 8 14 12 26 -2 17 15 -9 -3 -5 -6 28 -12 -11 27 22 -7 24 25 -8 -4 -21 29 -1
right_child=1 3 5 6 16 21 23 13 -10 19 18 -13 -14 -15 -16 -17 -18 -19 -20 20 -22 -23 -24 -25 -26 -27 -28 -29 -30 -31
leaf_value=-0.005521322663873434 -0.0050581865901364494 0.00078346876924410055 -0.0048284622084564972 -0.0020688337914560452 0.0075383299197792344 -0.0045223810553529841 0.0042644536601143075 0.0029918631292881275 -0.0037454130147833117 -0.001505640878206247 -0.011566776707640863 0.0058598331852408592 0.0034760798081182515 0.007160195096337767 0.003221282201325094 0.00049201945156051685 0.010434535371386626 0.0091878101675597536 -0.0083190692062515264 -0.0050976788473510466 0.0028839571915451794 0.0047163000010186813 -0.006879186922295214 -0.00013285709814692188 0.0086307368222624074 -0.00031407562910239808 -0.0021995479969940837 0.0024088616751748878 -0.0050631442535165197 0.0026213276527336329
leaf_weight=50 415 1432 769 1530 801 1383 605 413 1199 1426 584 908 325 902 1580 1218 1448 59 910 129 453 32 1259 297 125 235 1224 97 74 372
leaf_count=50 415 1432 769 1530 801 1383 605 413 1199 1426 584 908 325 902 1580 1218 1448 59 910 129 453 32 1259 297 125 235 1224 97 74 372
internal_value=1.14591e-11 -0.0014742 -0.00447631 0.00116866 0.00736385 -0.0033128 -0.000430338 0.0032137 -0.00138742 -0.00187162 -0.00860372 0.00422912 -0.000467397 0.00585105 0.00206227 -0.000933783 0.00940303 0.00156122 -0.00958859 -0.000600737 0.00129969 -0.00552148 -0.00564548 0.00280949 0.00371506 0.00298356 -0.00321392 -0.00187585 0.000654022 0.00165656
internal_weight=22254 18542 8681 9861 3712 6772 5534 4327 4272 4098 1909 1463 3073 1315 3012 2748 2249 555 1494 2105 679 2674 2642 1262 965 840 1993 226 496 422
internal_count=22254 18542 8681 9861 3712 6772 5534 4327 4272 4098 1909 1463 3073 1315 3012 2748 2249 555 1494 2105 679 2674 2642 1262 965 840 1993 226 496 422
is_linear=0
shrinkage=0.05


Tree=14
num_leaves=31
num_cat=0
split_feature=28 13 13 1 2 7 28 28 13 22 28 24 9 9 16 0 27 13 14 1 4 27 15 14 10 13 0 11 26 20
split_gain=87.2121 53.4301 17.3891 10.0814 8.56584 8.19988 6.66832 4.09759 3.1288 2.3837 2.25732 2.08269 2.03172 1.89751 1.86749 1.82397 1.67998 1.56163 1.46911 1.39638 1.3794 1.3013 1.29102 1.34411 1.23116 2.05941 1.22945 1.39066 1.22494 1.18654
threshold=1.5000000000000002 -0.60333333333333294 0.54000000000000059 4.5000000000000009 2.5000000000000004 2.7850000000000006 3.5000000000000004 3.5000000000000004 1.6900000000000002 -1.8799999999999994 5.5000000000000009 -0.053333333333333226 5.0950000000000006 5.8950000000000005 1.5000000000000002 2.5000000000000004 -0.044999999999999922 0.52999999999999992 -0.021108333333333337 2.5000000000000004 47.500000000000007 -0.020000000000000014 0.009999999999999969 0.0262166666666666 0.11159999999999996 -1.7149999999999994 2.5000000000000004 0.33255000000000007 -0.034999999999999691 1.0950000000000004
decision_type=2 2 2 2 2 2 2 2 2 2 2 2 2 2 2 2 2 2 2 2 2 2 2 2 2 2 2 2 2 2
left_child=4 5 3 11 9 -2 14 18 10 24 13 -3 -13 -8 20 -15 -5 -6 -7 29 28 -9 23 26 25 -1 27 -11 -4 -14
right_child=1 2 6 16 17 7 8 21 -10 22 -12 12 19 15 -16 -17 -18 -19 -20 -21 -22 -23 -24 -25 -26 -27 -28 -29 -30 -31
leaf_value=-0.0061043853646722337 -0.0094899367569448376 -0.0026832709171814135 0.0088414950260607122 -0.00044219068638985318 0.0071614134994529653 -0.0044860955818369413 -0.00067245252628125396 -0.0038596816980059367 0.0044262557299359403 -0.011701193445672593 -0.0023015117239620951 -0.00063549151954857546 0.0027053148109147398 0.008580672842871789 0.0030790163874470935 0.0017891621953329347 -0.004014384999849718 0.0099128085573188442 -0.0013946949269958351 0.00065330395387906226 0.0064253864531700986 -0.0065422969027635466 0.0081017980392922764 0.0066583543495861005 -0.0023189429943569198 0.01016825353884596 0.0034248199112737986 0.0040977407676669273 -0.0029516934483820624 0.010318373529748483
leaf_weight=29 1116 573 31 378 801 653 848 591 522 30 675 2029 737 111 1244 904 2546 1448 934 1550 1046 1923 262 333 195 59 529 26 76 55
leaf_count=29 1116 573 31 378 801 653 848 591 522 30 675 2029 737 111 1244 904 2546 1448 934 1550 1046 1923 262 333 195 59 529 26 76 55
internal_value=1.02518e-11 -0.00140049 0.000278939 -0.00122531 0.00699566 -0.00569 0.00244779 -0.00465593 0.000900851 0.00401767 0.000175767 0.000151097 0.000522658 0.00107333 0.00442262 0.00253188 -0.00355259 0.00893288 -0.00266671 0.00152602 0.00587226 -0.00591166 0.00500605 0.00412251 -0.000103513 0.00480568 0.00267903 -0.00436597 0.000465025 0.003234
internal_weight=22254 18542 13325 7868 3712 5217 5457 4101 3060 1463 2538 4944 4371 1863 2397 1015 2924 2249 1587 2342 1153 2514 1180 918 283 88 585 56 107 792
internal_count=22254 18542 13325 7868 3712 5217 5457 4101 3060 1463 2538 4944 4371 1863 2397 1015 2924 2249 1587 2342 1153 2514 1180 918 283 88 585 56 107 792
is_linear=0
shrinkage=0.05


Tree=15
num_leaves=31
num_cat=0
split_feature=28 13 13 28 28 13 13 13 28 9 16 27 13 22 24 9 15 26 27 10 11 11 11 10 24 23 9 14 24 8
split_gain=78.7089 48.5799 16.2684 9.64786 8.38011 7.85813 4.01627 2.95958 2.72273 2.24617 1.95904 1.85917 1.84458 1.7185 1.70033 1.98167 1.68557 1.38087 1.32685 1.31662 1.28814 1.28623 1.25576 1.23505 1.19893 1.16995 1.15795 1.12185 1.14906 1.08809
threshold=1.5000000000000002 0.12183333333333347 -1.4000000000000001 4.5000000000000009 3.5000000000000004 -0.11166666666666679 1.1250000000000007 1.2866666666666668 5.5000000000000009 1.5550000000000004 2.5000000000000004 -0.015000000000000123 -0.57666666666666655 -1.9999999999999996 -0.028333333333332874 5.0950000000000006 0.016666666666666708 -0.1400000000000001 -0.084999999999999951 0.65110000000000012 0.37050000000000005 0.52420000000000011 0.34220000000000006 0.64365000000000017 0.0016666666666673715 6.9750000000000005 5.8450000000000006 -0.036833333333333294 -0.0016666666666664829 0.46975000000000006
decision_type=2 2 2 2 2 2 2 2 2 2 2 2 2 2 2 2 2 2 2 2 2 2 2 2 2 2 2 2 2 2
left_child=5 2 9 6 12 13 11 18 14 -2 -7 -3 17 -1 -6 21 -13 -4 -5 25 -14 -16 29 27 -10 -8 -11 28 -20 -12
right_child=1 3 4 7 8 10 19 -9 24 26 22 16 20 -15 15 -17 -18 -19 23 -21 -22 -23 -24 -25 -26 -27 -28 -29 -30 -31
leaf_value=-0.00058078834653157096 -0.0098035268972242844 0.0030907843814474653 0.0094527288302779199 0.0027865637991405828 -0.0048100340868164511 0.0091378586152146887 0.0047889697856838354 0.0020866163781877744 -0.0068184175847144993 -0.0065893051861019543 0.0038196514097194518 0.00015025659699332032 -0.00068973464164259713 0.0041584219724890717 -0.0039153035184496714 -0.00051786784896203151 0.0036790647138852462 -0.0024089990600726424 -0.00554432829576533 0.01049935044720769 0.0019950355872266853 0.0027285430155537249 0.0083128365500859443 0.0078495846039825876 -0.0039884000530701165 -0.0008522506524411942 0.0038946329891957621 -0.0013562047101965103 -0.00140883614963663 0.011592007987201215
leaf_weight=247 808 1662 25 152 1097 1701 1479 664 956 1074 453 1692 1345 848 1351 859 423 1321 407 95 669 77 413 31 615 98 27 1329 286 50
leaf_count=247 808 1662 25 152 1097 1701 1479 664 956 1074 453 1692 1345 848 1351 859 423 1321 407 95 669 77 413 31 615 98 27 1329 286 50
internal_value=-2.23155e-11 -0.00133047 -0.00363891 0.00150694 -0.00268325 0.00664588 0.00274255 -0.000839825 -0.00399035 -0.00780147 0.00813397 0.00183939 -0.00075565 0.00308939 -0.00319177 -0.00241553 0.000856018 -0.00218868 -0.00172107 0.00478278 0.000202078 -0.00355706 0.00626976 -0.00205481 -0.00571055 0.00443841 -0.00633221 -0.00220666 -0.00383762 0.00459225
internal_weight=22254 18542 10224 8318 8315 3712 5449 2869 4955 1909 2617 3777 3360 1095 3384 2287 2115 1346 2205 1672 2014 1428 916 2053 1571 1577 1101 2022 693 503
internal_count=22254 18542 10224 8318 8315 3712 5449 2869 4955 1909 2617 3777 3360 1095 3384 2287 2115 1346 2205 1672 2014 1428 916 2053 1571 1577 1101 2022 693 503
is_linear=0
shrinkage=0.05


Tree=16
num_leaves=31
num_cat=0
split_feature=28 13 28 28 2 13 20 13 28 13 23 13 0 13 1 27 9 9 9 23 21 13 24 0 24 9 24 24 7 14
split_gain=71.0348 44.011 12.7296 9.17602 7.1382 6.89947 5.50495 3.29906 2.99558 2.18738 2.14816 1.98989 2.07621 1.9524 1.91192 1.88965 1.7196 1.71369 1.60647 1.56901 1.51994 1.44407 1.41373 1.37826 1.27145 1.34643 1.26922 1.26477 1.24009 1.13166
threshold=1.5000000000000002 -0.37833333333333358 3.5000000000000004 5.5000000000000009 2.5000000000000004 0.88000000000000045 1.0000000000000004 -1.4000000000000001 5.5000000000000009 -1.2650000000000008 6.7550000000000008 -1.1358333333333335 2.5000000000000004 1.8466666666666665 3.5000000000000004 0.010000000000000233 4.3350000000000009 6.6950000000000012 4.9250000000000007 6.9450000000000012 -0.0099999999999999863 1.6633333333333338 -0.051666666666666299 11.500000000000002 0.055000000000001055 4.5850000000000009 0.068333333333333815 -0.016666666666667048 6.2150000000000007 -0.050316666666666669
decision_type=2 2 2 2 2 2 2 2 2 2 2 2 2 2 2 2 2 2 2 2 2 2 2 2 2 2 2 2 2 2
left_child=4 3 6 7 11 8 17 -2 19 -5 20 18 16 -12 27 -8 -13 22 -1 24 -7 23 -3 -6 25 -4 -11 -9 29 -16
right_child=1 2 5 9 21 10 15 14 -10 26 13 12 -14 -15 28 -17 -18 -19 -20 -21 -22 -23 -24 -25 -26 -27 -28 -29 -30 -31
leaf_value=-0.0024962476444660977 -0.0058891496269518288 -0.0021890345188662385 -0.0029671699391259497 -0.0091744159781493428 0.0061444107905630303 0.0062897388555347798 0.0060738121463865639 -0.0031487418403413417 -0.0039023058234921313 -0.0061862538724041828 -0.00064526510760742894 -0.01201518888194715 0.0050210961859173736 0.0043821553466352435 -0.0060062696747987584 0.0024783870892548217 0.0016200218034597769 0.0038969286589075215 0.011003372130915524 -0.003962698218766862 0.0017587111109564322 0.011349155731043038 0.0012341635551189258 0.0088093182176595033 0.002553603121045011 -0.00039520776931009546 0.0020257781944237651 -0.00049284963747955478 0.0052388636801215648 -0.0032379348341564219
leaf_weight=186 1034 340 681 975 894 320 1059 751 1361 798 1024 31 1130 238 511 558 91 544 25 426 439 294 2671 1061 270 2013 50 1112 37 1330
leaf_count=186 1034 340 681 975 894 320 1059 751 1361 798 1024 31 1130 238 511 558 91 544 25 426 439 294 2671 1061 270 2013 50 1112 37 1330
internal_value=-2.95978e-11 -0.00126394 0.000546579 -0.00454143 0.00631358 -0.000879929 0.00241439 -0.00338931 -0.00192083 -0.00755919 0.00156704 0.00359506 0.00435207 0.000302854 -0.00269836 0.00483309 -0.00184466 0.00131424 -0.000896767 -0.00112532 0.00366903 0.00808201 0.000847618 0.00759069 -0.000717518 -0.00104536 -0.00570205 -0.00156347 -0.00382418 -0.00400633
internal_weight=22254 18542 11944 6598 3712 6772 5172 4775 4751 1823 2021 1463 1252 1262 3741 1617 122 3555 211 3390 759 2249 3011 1955 2964 2694 848 1863 1878 1841
internal_count=22254 18542 11944 6598 3712 6772 5172 4775 4751 1823 2021 1463 1252 1262 3741 1617 122 3555 211 3390 759 2249 3011 1955 2964 2694 848 1863 1878 1841
is_linear=0
shrinkage=0.05


Tree=17
num_leaves=31
num_cat=0
split_feature=28 13 13 28 28 13 13 20 28 27 28 13 13 11 14 13 27 7 25 14 14 13 23 9 15 22 15 12 0 15
split_gain=64.1089 40.1306 13.1527 8.13655 6.7986 6.57786 3.79114 2.91568 2.24828 2.22813 2.03487 1.71928 1.68821 1.59315 1.5463 1.4625 1.38667 1.37792 1.30898 1.1894 1.18416 1.14122 1.12693 1.2618 1.12227 1.16047 1.10025 1.06237 1.06162 1.01878
threshold=1.5000000000000002 0.12183333333333347 -1.4000000000000001 3.5000000000000004 3.5000000000000004 -0.11166666666666679 1.2866666666666668 1.0000000000000004 5.5000000000000009 -0.015000000000000123 3.5000000000000004 0.78666666666666762 -0.76083333333333336 0.34365000000000007 -0.0033250000000000219 -1.2150000000000003 -0.084999999999999951 4.0550000000000006 1.5000000000000002 -0.21720833333333331 -0.027674999999999974 -2.7591666666666659 6.7550000000000008 7.205000000000001 0.016666666666666687 1.1000000000000005 0.009999999999999969 0.29740000000000005 16.500000000000004 0.011666666666666674
decision_type=2 2 2 2 2 2 2 2 2 2 2 2 2 2 2 2 2 2 2 2 2 2 2 2 2 2 2 2 2 2
left_child=5 2 10 7 14 15 8 24 16 -6 -2 13 -11 -7 17 26 -5 -4 -9 -8 -18 -12 -21 -24 25 27 -1 -3 -17 -22
right_child=1 3 4 6 9 11 19 18 -10 12 21 -13 -14 -15 -16 28 20 -19 -20 22 29 -23 23 -25 -26 -27 -28 -29 -30 -31
leaf_value=-0.0025691337585890084 -0.0039443252391601962 0.0026811117619217843 -0.0050612813821370606 0.0033158037515035529 -0.0019060592914042487 0.0045951585332856867 -0.0059182838653214281 0.007524568779122171 -0.0028215868204355386 -0.0059118218122225698 -0.0096270335244958948 0.0086914096175676695 -0.0035541851366880264 0.0080403700936585668 0.00033161215540342804 0.0024398476922840836 -0.0018654704120716584 -0.0011599705332768556 0.0040242122126698263 0.004946724703062285 -0.0004807579211954242 -0.006794973423878488 0.00052770912887204597 0.0060186732807554879 0.0041664526431481764 0.0031839270822810115 0.00983274793252349 -0.00064569916336831758 0.0061510662048872523 0.0023652877506748805
leaf_weight=169 415 352 272 278 1375 755 40 346 992 1093 584 1258 2487 604 1740 628 878 1348 1171 404 938 910 536 130 452 574 20 754 278 473
leaf_count=169 415 352 272 278 1375 755 40 346 992 1093 584 1258 2487 604 1740 628 878 1348 1171 404 938 910 536 130 452 574 20 754 278 473
internal_value=5.7963e-12 -0.00120074 -0.00329886 0.00137813 -0.00243957 0.0059979 -4.33679e-06 0.00314704 -0.000800021 -0.00361689 -0.00704165 0.00735939 -0.00427399 0.00612636 -0.000703364 0.00274401 -1.87999e-05 -0.00181501 0.00482258 0.00254687 -0.000423789 -0.00790202 0.00286332 0.00159952 0.00195483 0.0013598 -0.00125677 0.000413105 0.00357861 0.000473303
internal_weight=22254 18542 10224 8318 8315 3712 4669 3649 3559 4955 1909 2617 3580 1359 3360 1095 2567 1620 1517 1110 2289 1494 1070 666 2132 1680 189 1106 906 1411
internal_count=22254 18542 10224 8318 8315 3712 4669 3649 3559 4955 1909 2617 3580 1359 3360 1095 2567 1620 1517 1110 2289 1494 1070 666 2132 1680 189 1106 906 1411
is_linear=0
shrinkage=0.05


Tree=18
num_leaves=31
num_cat=0
split_feature=28 13 16 28 16 28 13 1 13 13 28 17 24 9 23 24 14 1 27 8 24 14 10 12 11 14 5 20 14 2
split_gain=57.8583 36.3624 12.2814 6.6361 6.02127 5.996 5.60951 2.8953 2.56102 2.38679 1.9571 1.91055 1.96948 1.79925 1.63446 1.5636 1.52789 1.39939 1.42051 1.33122 1.22644 1.21852 1.20374 1.16986 1.17843 1.1567 1.06222 1.05548 1.06866 0.991381
threshold=1.5000000000000002 -0.60333333333333294 2.5000000000000004 3.5000000000000004 2.5000000000000004 5.5000000000000009 -2.2691666666666657 3.5000000000000004 1.2083333333333337 -0.52166666666666617 5.5000000000000009 5.5000000000000009 -0.035000000000000579 7.4750000000000005 6.8450000000000006 -0.0083333333333341902 0.098224999999999965 3.5000000000000004 -0.084999999999999951 0.17165000000000002 0.01166666666666716 0.007383333333333326 0.21095000000000003 0.26525000000000004 0.34895000000000004 -0.026808333333333375 1.0000000180025095e-35 1.0250000000000001 -0.13164999999999999 3.5000000000000004
decision_type=2 2 2 2 2 2 2 2 2 2 2 2 2 2 2 2 2 2 2 2 2 2 2 2 2 2 2 2 2 2
left_child=4 6 5 15 -1 8 22 19 17 16 14 29 -13 21 20 -4 -6 -3 -19 23 -5 -10 -2 24 -8 -22 -26 -7 -29 -11
right_child=1 2 3 10 9 27 7 -9 13 11 -12 12 -14 -15 -16 -17 -18 18 -20 -21 25 -23 -24 -25 26 -27 -28 28 -30 -31
leaf_value=0.0078876031037071817 -0.008701614053533157 0.002811054491777949 -0.00061230504258629999 -0.0018201587272413608 0.00040014298418469298 -0.0037981562164491074 -0.0042426044178794919 -0.0049739363486416659 0.0023715186457182592 0.0050129504374708568 -0.0040282449750158713 -0.012914256658405066 0.0022660831832105204 0.0083335582868520382 -0.0032732903603732086 0.0016098371305895494 0.0084496416493714099 0.005004990769284413 8.95918667287764e-05 -0.0012895756929624657 -0.0020933721796609463 0.0051251633991388247 0.0014916524415214856 -0.0054013929658529337 0.010369561761114244 0.0020269517461387089 -0.0039325092779472475 -0.0070366269346537466 0.00046112789721835569 0.0086940414089310396
leaf_weight=1701 838 1559 1404 1257 552 377 73 2662 934 997 1246 25 147 224 1061 1815 66 166 1283 1092 251 705 30 465 37 530 20 53 460 224
leaf_count=1701 838 1559 1404 1257 552 377 73 2662 934 997 1246 25 147 224 1061 1815 66 166 1283 1092 251 705 30 465 37 530 20 53 460 224
internal_value=-8.52553e-12 -0.00114071 0.000244756 -0.00107999 0.00569801 0.00198411 -0.00467939 -0.00394692 0.00267361 0.00384594 -0.00235472 0.00499328 5.96384e-05 0.00413041 -0.00168185 0.000640627 0.0012598 0.00177135 0.000652709 -0.00232635 -0.000853332 0.00355597 -0.00834931 -0.00422913 -3.60502e-05 0.00070275 0.00535129 -0.00178958 -0.000313494 0.00568827
internal_weight=22254 18542 13325 7564 3712 5761 5217 4349 4871 2011 4345 1393 172 1863 3099 3219 618 3008 1449 1687 2038 1639 868 595 130 781 57 890 513 1221
internal_count=22254 18542 13325 7564 3712 5761 5217 4349 4871 2011 4345 1393 172 1863 3099 3219 618 3008 1449 1687 2038 1639 868 595 130 781 57 890 513 1221
is_linear=0
shrinkage=0.05


Tree=19
num_leaves=31
num_cat=0
split_feature=28 13 28 28 2 13 13 13 1 9 15 14 13 23 9 14 9 0 11 9 27 13 0 20 27 24 13 20 14 2
split_gain=52.2171 33.0654 10.2159 6.90492 5.49844 4.78928 4.31938 3.52456 2.65233 1.9376 1.75308 1.68511 1.68287 1.54987 1.40597 1.49963 1.40035 1.34215 1.68822 1.31445 1.27835 1.20789 1.21421 1.16558 1.16508 1.14438 1.10398 1.10052 1.0548 0.99841
threshold=1.5000000000000002 1.0000000180025095e-35 4.5000000000000009 5.5000000000000009 2.5000000000000004 1.2083333333333337 -0.9608333333333331 -0.68333333333333324 3.5000000000000004 6.7650000000000006 0.009166666666666658 0.037308333333333367 -1.188333333333333 6.8250000000000011 2.0050000000000003 -0.021108333333333337 5.1350000000000007 2.5000000000000004 0.34670000000000006 5.0550000000000006 0.069999999999999854 1.6633333333333338 11.500000000000002 0.51000000000000012 -0.16500000000000001 -0.025000000000000796 -2.2691666666666657 0.78499999999999981 -0.13164999999999999 3.5000000000000004
decision_type=2 2 2 2 2 2 2 2 2 2 2 2 2 2 2 2 2 2 2 2 2 2 2 2 2 2 2 2 2 2
left_child=4 2 7 5 10 8 26 14 16 -7 12 19 -1 -10 -2 -16 20 18 -14 -9 -3 22 -6 -18 -8 -11 -4 -5 -29 -27
right_child=1 3 6 27 21 9 24 11 13 25 -12 -13 17 -15 15 -17 23 -19 -20 -21 -22 -23 -24 -25 -26 29 -28 28 -30 -31
leaf_value=-0.0024329176050071656 -0.0060462190566808582 0.0010643868761021546 -0.0083717963570069977 -0.0038254896880263439 0.0051583522734892718 0.0025911485888088889 0.0061828025166566179 -0.0024733707522492693 0.00076697023189667868 0.0022197285300928431 0.0064350045105287194 0.0014265154445793754 -0.0098857990042729819 -0.0016144743606887402 -0.0042156951959251201 -0.0014442766917497438 0.0015531968849658647 0.0035501448873574933 0.0032541706980290745 0.0001419325267085753 -0.0042823783266394176 0.0099532365925660768 0.0076596400046784309 0.003911590519877591 -0.0037336226873297992 0.00057854617997590049 -0.0058544378645489685 -0.0065177426321240952 -0.00039973865719870313 0.007752556756161791
leaf_weight=171 347 838 718 596 894 1232 30 1051 1694 162 300 820 44 1145 837 1171 1127 893 55 885 129 294 1061 979 2338 54 1107 78 728 476
leaf_count=171 347 838 718 596 894 1232 30 1051 1694 162 300 820 44 1145 837 1171 1127 893 55 885 129 294 1061 979 2338 54 1107 78 728 476
internal_value=-1.67683e-11 -0.00108367 -0.00318761 0.0010353 0.00541311 0.00161351 -0.00501682 -0.00168695 0.00090834 0.00378033 0.00302717 -0.000473207 0.00214811 -0.000193493 -0.00310736 -0.00259949 0.00192627 0.00293779 -0.00258582 -0.00127784 0.000351116 0.00696518 0.00651583 0.00264953 -0.00360799 0.00589748 -0.00684483 -0.00219642 -0.000991804 0.00702162
internal_weight=22254 18542 9304 9238 3712 7836 4193 5111 5912 1924 1463 2756 1163 2839 2355 2008 3073 992 99 1936 967 2249 1955 2106 2368 692 1825 1402 806 530
internal_count=22254 18542 9304 9238 3712 7836 4193 5111 5912 1924 1463 2756 1163 2839 2355 2008 3073 992 99 1936 967 2249 1955 2106 2368 692 1825 1402 806 530
is_linear=0
shrinkage=0.05


Tree=20
num_leaves=31
num_cat=0
split_feature=28 20 13 2 13 20 24 13 13 27 20 14 24 22 24 24 27 10 20 9 22 15 14 1 14 19 13 28 9 9
split_gain=47.5331 20.351 18.3303 5.88443 5.52256 5.25874 3.00001 2.91767 2.82363 2.09418 2.00708 1.99926 1.93286 1.47368 1.42148 1.48849 1.35388 1.29467 1.28845 1.36474 1.28162 1.25028 1.19513 1.16545 1.06356 1.06337 1.03589 1.02075 1.00213 0.977039
threshold=3.5000000000000004 -0.045000000000000366 0.009166666666666325 2.5000000000000004 -1.316666666666666 1.0000000180025095e-35 -0.036666666666666618 1.2866666666666668 -0.68333333333333324 -0.044999999999999922 1.155 0.093633333333333291 0.013333333333332311 -1.8799999999999994 -0.041666666666666512 -0.043333333333334327 0.010000000000000233 0.091750000000000012 -1.2200000000000002 2.1200000000000006 -0.995 -0.0073333333333333297 0.046891666666666672 5.5000000000000009 0.007383333333333326 -0.025000000000000005 1.6633333333333338 5.5000000000000009 1.5550000000000004 5.5050000000000008
decision_type=2 2 2 2 2 2 2 2 2 2 2 2 2 2 2 2 2 2 2 2 2 2 2 2 2 2 2 2 2 2
left_child=1 8 4 6 28 24 14 9 18 -4 -7 13 23 -8 15 -3 17 -12 -1 -20 -15 29 -14 -6 26 -23 -5 -11 -2 -22
right_child=2 3 7 5 12 10 11 -9 -10 27 16 -13 22 20 -16 -17 -18 -19 19 -21 21 25 -24 -25 -26 -27 -28 -29 -30 -31
leaf_value=-0.0033533648721851953 -0.0079902948409543827 -0.0016868123467181095 0.0016330887131082517 0.0051735922117986362 -0.0032998052923700529 0.0018320139185268971 -0.0013000618794722224 0.0021429538239356809 0.00041795014609902979 -0.00067323388886401871 -0.0054856305088227001 0.0064233621592340515 -0.0026892440236793332 0.0053449660565145045 -0.009281866167459572 0.010741745358189711 0.0023503955659439921 0.0063090728915660352 -0.00881514381908346 0.00090055058673024183 -0.0011186277296550515 -0.001741044221592969 0.0005721120518361344 -0.0054306512848189938 0.0078745712594690542 0.0039290614481332937 0.0094832589322665969 -0.0025424912777176839 -0.0055179887664047085 0.0050407001272436578
leaf_weight=993 762 328 750 1133 2116 1180 274 1110 2530 2197 24 310 865 349 57 26 392 761 40 375 393 95 416 921 1002 638 159 1094 887 77
leaf_count=993 762 328 750 1133 2116 1180 274 1110 2530 2197 24 310 865 349 57 26 392 761 40 375 393 95 416 921 1002 638 159 1094 887 77
internal_value=-6.90765e-12 0.00230894 -0.00231268 0.00388993 -0.00419897 0.00494786 0.00195808 -0.000127565 -0.000580847 -0.000751241 0.00328922 0.0027108 -0.00325897 0.00208052 -0.00195391 -0.00077398 0.00475013 0.00594847 -0.00237556 -3.59019e-05 0.00267735 0.00190345 -0.00163013 -0.00394601 0.00665207 0.00319419 0.00570396 -0.00129462 -0.00666044 -0.000109546
internal_weight=22254 11136 11118 7198 5967 4651 2547 5151 3938 4041 2357 2136 4318 1826 411 354 1177 785 1408 415 1552 1203 1281 3037 2294 733 1292 3291 1649 470
internal_count=22254 11136 11118 7198 5967 4651 2547 5151 3938 4041 2357 2136 4318 1826 411 354 1177 785 1408 415 1552 1203 1281 3037 2294 733 1292 3291 1649 470
is_linear=0
shrinkage=0.05


Tree=21
num_leaves=31
num_cat=0
split_feature=28 20 13 16 2 20 24 13 28 13 14 20 28 24 24 24 24 22 22 15 27 10 20 9 15 9 13 9 9 8
split_gain=42.8986 18.3667 16.7534 5.8806 5.3107 4.74601 2.70751 2.54833 2.29697 1.92527 1.81144 1.81139 1.54691 1.40726 1.32513 1.28288 1.34336 1.27295 1.33344 1.258 1.22188 1.16844 1.16282 1.23168 1.11179 1.03799 0.99201 0.988617 0.973845 1.27351
threshold=3.5000000000000004 -0.045000000000000366 -0.76083333333333336 2.5000000000000004 2.5000000000000004 1.0000000180025095e-35 -0.036666666666666618 -0.68333333333333324 5.5000000000000009 -2.1675 0.10556666666666668 1.155 5.5000000000000009 -0.0099999999999984528 0.045000000000001268 -0.041666666666666512 -0.043333333333334327 -1.8799999999999994 -0.995 0.020833333333333332 0.010000000000000233 0.091750000000000012 -1.2200000000000002 2.1200000000000006 -0.013333333333333348 7.205000000000001 0.52999999999999992 4.1350000000000007 5.0550000000000006 0.442
decision_type=2 2 2 2 2 2 2 2 2 2 2 2 2 2 2 2 2 2 2 2 2 2 2 2 2 2 2 2 2 2
left_child=1 7 9 8 6 26 15 22 13 -2 17 -7 14 19 27 16 -3 -8 -19 -4 21 -13 -1 -24 -20 -10 -6 -5 -9 -30
right_child=2 4 3 12 5 11 10 28 25 -11 -12 20 -14 -15 -16 -17 -18 18 24 -21 -22 -23 23 -25 -26 -27 -28 -29 29 -31
leaf_value=-0.0031856966194976216 -0.0073789089528479793 -0.0016024717251228852 -0.0010754526916691457 -0.0035640710753498312 0.0049540667759250152 0.0017404132398371724 -0.0010870413893940575 -0.00063896444030448699 -0.0022350050294406565 -0.004585185467657675 0.0064525870088635367 -0.005211348771505679 -0.0035036227518399133 0.0024472765529131315 0.0012714197913620382 -0.0088177728499367579 0.010204658191651107 0.0052512989423444704 -0.00054102892646165515 0.0030617585090889094 0.002232875753766073 0.0059936192881624353 -0.0083743867289740592 0.0008555231090945503 0.0027584924089935009 0.0026794442584738135 0.007111241359080216 -0.0014072605263899883 0.0022686836819377407 -0.0012055688207063475
leaf_weight=993 870 328 726 684 842 1180 279 1196 765 2118 264 24 1430 1402 372 57 26 360 361 246 392 761 40 375 872 125 1452 2380 972 362
leaf_count=993 870 328 726 684 842 1180 279 1196 765 2118 264 24 1430 1402 372 57 26 360 361 246 392 761 40 375 872 125 1452 2380 972 362
internal_value=-1.66701e-11 0.00219349 -0.00219704 -0.00102038 0.00369544 0.00470047 0.00186017 -0.000551805 0.000621522 -0.00539862 0.00257526 0.00312475 -0.00212173 0.00143365 -0.00154661 -0.00185621 -0.000735281 0.00202846 0.00257411 -2.83807e-05 0.00451262 0.00565105 -0.00225678 -3.41068e-05 0.00179245 -0.00154477 0.00631946 -0.00188874 0.000397053 0.0013259
internal_weight=22254 11136 11118 8130 7198 4651 2547 3938 3264 2988 2136 2357 4866 2374 3436 411 354 1872 1593 972 1177 785 1408 415 1233 890 2294 3064 2530 1334
internal_count=22254 11136 11118 8130 7198 4651 2547 3938 3264 2988 2136 2357 4866 2374 3436 411 354 1872 1593 972 1177 785 1408 415 1233 890 2294 3064 2530 1334
is_linear=0
shrinkage=0.05


Tree=22
num_leaves=31
num_cat=0
split_feature=1 13 2 28 13 28 1 27 9 13 13 15 22 14 28 20 13 17 4 9 0 11 7 11 0 24 26 27 9 24
split_gain=38.9477 20.0656 11.4573 5.48209 3.81151 3.58904 3.04985 2.64258 1.95837 1.85672 1.78618 1.53969 1.48688 1.5588 1.35289 1.35171 1.35146 1.33661 1.34205 1.21967 1.21889 1.63621 1.17079 1.06079 1.01893 1.05729 1.01575 0.961804 0.955509 0.951766
threshold=2.5000000000000004 0.009166666666666325 2.5000000000000004 5.5000000000000009 1.2083333333333337 1.5000000000000002 1.5000000000000002 -0.044999999999999922 4.1950000000000012 -0.71250000000000024 -1.2650000000000008 0.009166666666666658 -3.3349999999999995 0.045958333333333358 5.5000000000000009 1.155 -1.188333333333333 3.5000000000000004 48.500000000000007 7.7100000000000009 2.5000000000000004 0.34500000000000003 7.2150000000000007 0.46740000000000009 4.5000000000000009 0.036666666666665744 0.044999999999999936 -0.12499999999999999 5.8850000000000007 -0.031666666666665837
decision_type=2 2 2 2 2 2 2 2 2 2 2 2 2 2 2 2 2 2 2 2 2 2 2 2 2 2 2 2 2 2
left_child=2 3 5 8 7 11 24 -3 12 27 -5 16 -2 -14 17 22 -1 28 -19 -6 21 -18 -8 -11 -4 -26 -20 -7 -9 -10
right_child=1 4 6 10 19 9 15 14 29 23 -12 -13 13 -15 -16 -17 20 18 26 -21 -22 -23 -24 -25 25 -27 -28 -29 -30 -31
leaf_value=-0.0022405991920396774 -0.0075957040714127004 0.0019510753412663923 0.0034099609585317939 -0.0069205317094157906 0.0020852050421310987 0.0071380217714856076 0.0026773797279176122 -0.00042647060802339891 -0.0028799679322918845 0.00011217677149058571 -0.0041031861043586823 0.0059215142820171094 -0.00402139811180653 -0.0008136148437507605 -0.0023566811353595888 0.005384020145652358 -0.010155234135509957 -0.0052593300503607082 0.0001370537793263793 0.0073879913607580146 0.0031797504568314562 0.002899972596346093 -0.0044811694580130278 0.0052452661145203326 0.0056165571128076412 0.008117349578507493 -0.0027845189949196954 -0.0030550438897855069 0.001969663595119599 -0.0010405561815572178
leaf_weight=169 207 1097 324 975 1663 24 1189 893 1023 1184 1330 298 1366 524 1052 512 42 192 932 116 891 56 60 110 1280 631 437 648 779 2250
leaf_count=169 207 1097 324 975 1663 24 1189 893 1023 1184 1330 298 1366 524 1052 512 42 192 932 116 891 56 60 110 1280 631 437 648 779 2250
internal_value=2.37869e-12 -0.00147908 0.00295816 -0.00325526 0.000424583 0.000834724 0.00477658 -0.000238622 -0.00237976 -0.000558779 -0.0052949 0.00271634 -0.00357266 -0.00313204 -0.000799204 0.00322042 0.00189152 -0.00029241 -0.00134458 0.00243097 0.00259761 -0.00269512 0.00233349 0.000548529 0.00600272 0.0064423 -0.000795545 -0.00269101 0.00068991 -0.00161548
internal_weight=22254 14836 7418 7675 7161 3422 3996 5382 5370 1966 2305 1456 2097 1890 4285 1761 1158 3233 1561 1779 989 98 1249 1294 2235 1911 1369 672 1672 3273
internal_count=22254 14836 7418 7675 7161 3422 3996 5382 5370 1966 2305 1456 2097 1890 4285 1761 1158 3233 1561 1779 989 98 1249 1294 2235 1911 1369 672 1672 3273
is_linear=0
shrinkage=0.05


Tree=23
num_leaves=31
num_cat=0
split_feature=28 20 13 16 13 20 8 24 28 9 13 14 7 17 14 22 24 3 20 15 24 27 11 10 20 27 20 19 3 23
split_gain=35.4829 15.0637 13.838 4.81207 4.59214 3.18047 2.16874 2.04835 1.93343 1.57342 1.55769 1.54875 1.79928 1.42771 1.38589 1.35074 1.34359 1.30997 1.28363 1.22877 1.33101 1.13284 1.03709 0.9898 0.951345 0.936703 1.02871 0.93176 0.924465 0.918369
threshold=3.5000000000000004 -0.045000000000000366 -0.76083333333333336 2.5000000000000004 0.49666666666666665 1.0000000180025095e-35 0.18405000000000002 -0.036666666666666618 5.5000000000000009 5.1350000000000007 -2.7591666666666659 0.0065333333333333085 5.6850000000000014 3.5000000000000004 0.090216666666666737 -1.8799999999999994 0.01166666666666716 52.500000000000007 1.0000000180025095e-35 0.023333333333333327 -0.0099999999999984528 -0.020000000000000014 0.45040000000000008 0.40640000000000004 0.069999999999999632 0.010000000000000233 1.9850000000000001 -0.050000000000000003 22.500000000000004 6.8650000000000011
decision_type=2 2 2 2 2 2 2 2 2 2 2 2 2 2 2 2 2 2 2 2 2 2 2 2 2 2 2 2 2 2
left_child=1 6 10 8 7 -6 27 11 19 17 -2 12 13 -3 15 29 -5 -7 -17 20 22 -8 -4 -15 -20 26 -11 -1 -18 -9
right_child=2 4 3 16 5 9 21 14 -10 25 -12 -13 -14 23 -16 18 28 -19 24 -21 -22 -23 -24 -25 -26 -27 -28 -29 -30 -31
leaf_value=0.0069634841638617218 -0.0072240767372159717 -0.013027880818117411 -0.0015056842335501356 -0.0024984448198453711 0.0061214227616559888 0.00099462693042431092 0.0013308470441404257 -0.0024110826405191448 -0.0014309796613881109 0.0036102404213977628 -0.0043451706405843145 0.0027723177742125108 0.003556683806373793 -0.0018492895372522373 0.005190023874786006 0.0034674880816804119 0.0049810366718755928 -0.010323552877941568 -0.0052355610099139409 0.0034763239295103167 0.0018065593859560546 -0.00063503069662551777 0.0049259754441057652 -0.011615116633474828 0.0014149240561196869 0.0022316951324644332 0.0068036770792367562 -0.0030323405840514128 -0.00097936514566185156 0.0054571162062612456
leaf_weight=24 584 44 684 3296 1739 294 1189 236 890 770 2404 196 85 192 424 1334 68 28 58 510 1111 1910 69 30 738 611 375 815 1502 44
leaf_count=24 584 44 684 3296 1739 294 1189 236 890 770 2404 196 85 192 424 1334 68 28 58 510 1111 1910 69 30 738 611 375 815 1502 44
internal_value=4.0679e-12 0.00199492 -0.00199814 -0.000928748 0.00335512 0.00454371 -0.000491307 0.00201325 0.000556509 0.00322338 -0.00490785 -0.000788028 -0.00277614 -0.00479979 0.00255393 0.00209016 -0.00192502 1.04374e-05 0.00251933 0.00130161 0.000706594 0.000119222 -0.000916329 -0.003169 0.000930341 0.00381255 0.00465613 -0.00274641 -0.000721208 -0.00117465
internal_weight=22254 11136 11118 8130 7198 3817 3938 3381 3264 2078 2988 547 351 266 2834 2410 4866 322 2130 2374 1864 3099 753 222 796 1756 1145 839 1570 280
internal_count=22254 11136 11118 8130 7198 3817 3938 3381 3264 2078 2988 547 351 266 2834 2410 4866 322 2130 2374 1864 3099 753 222 796 1756 1145 839 1570 280
is_linear=0
shrinkage=0.05


Tree=24
num_leaves=31
num_cat=0
split_feature=1 13 13 28 1 13 28 20 27 14 2 16 13 15 20 0 9 14 20 3 24 9 0 18 24 0 24 27 0 11
split_gain=32.097 16.5512 9.69468 4.64615 4.46188 3.33471 2.82138 2.10976 1.73514 1.71336 1.69191 1.48508 1.46765 1.43709 1.33033 1.34713 1.32469 1.38516 1.28802 1.15922 1.1405 1.13633 1.13676 1.12275 1.23206 1.08866 1.03075 1.00543 0.987408 0.983908
threshold=2.5000000000000004 0.009166666666666325 -0.50916666666666621 5.5000000000000009 1.5000000000000002 1.6900000000000002 5.5000000000000009 0.98499999999999999 -0.044999999999999922 -0.050316666666666669 3.5000000000000004 5.5000000000000009 -0.62999999999999934 0.02 -0.69000000000000006 11.500000000000002 6.5050000000000008 0.014483333333333378 0.4549999999999999 22.500000000000004 0.033333333333332778 4.6250000000000009 9.5000000000000018 5.5000000000000009 -0.054999999999999265 3.5000000000000004 -0.023333333333333869 0.064999999999999961 1.5000000000000002 0.33955000000000007
decision_type=2 2 2 2 2 2 2 2 2 2 2 2 2 2 2 2 2 2 2 2 2 2 2 2 2 2 2 2 2 2
left_child=2 3 14 9 10 6 8 -6 -3 23 25 -5 -11 16 -1 21 17 -10 -15 -14 -17 -16 -23 24 -2 29 -9 -27 -21 -4
right_child=1 5 4 11 7 -7 -8 26 13 12 -12 -13 19 18 15 20 -18 -19 -20 28 -22 22 -24 -25 -26 27 -28 -29 -30 -31
leaf_value=-0.0022184515907329441 -0.0064759947135333397 0.0021175374947660325 -0.0031161949872815361 -0.0034947982672017194 0.0013329769094672676 0.0035015273800000158 -0.0020930261389272699 0.00091934879165813787 -0.0019961295573131671 -0.0025604197134286074 0.0064368573423684104 -0.0060367020952309712 0.0063948033679799557 -0.0012252346749795284 -0.0033771128502679821 0.0012461908051552288 0.0013863425627026094 0.00048143053403322414 0.0034324616388208468 0.0037534847379323438 0.0075249836023431275 0.0040594889141189359 -0.006331783171856043 -0.0064711970207593245 -0.0021838791271813983 0.0048428083467466085 0.005443032435871617 0.00077706912378146806 -0.0011287817318710927 0.0038873044073226906
leaf_weight=788 203 1296 96 1091 2009 767 1274 161 1456 2003 1176 1214 57 212 258 303 740 921 495 110 95 130 33 280 948 1517 578 169 1769 105
leaf_count=788 203 1296 96 1091 2009 767 1274 161 1456 2003 1176 1214 57 212 258 303 740 921 495 110 95 130 33 280 948 1517 578 169 1769 105
internal_value=-1.53116e-11 -0.00134271 0.00268542 -0.00295586 0.00363598 0.000386221 1.25209e-05 0.00217323 0.00053644 -0.00214987 0.00494829 -0.00483357 -0.00161156 5.87119e-07 -0.000751824 0.00065929 -0.000461044 -0.00103617 0.00203581 -0.00062987 0.0027449 -0.00131238 0.00195573 -0.00363164 -0.00294087 0.0040206 0.00445749 0.00443527 -0.000842965 0.000542349
internal_weight=22254 14836 7418 7675 5811 7161 6394 2748 5120 5370 3063 2305 3939 3824 1607 819 3117 2377 707 1936 398 421 163 1431 1151 1887 739 1686 1879 201
internal_count=22254 14836 7418 7675 5811 7161 6394 2748 5120 5370 3063 2305 3939 3824 1607 819 3117 2377 707 1936 398 421 163 1431 1151 1887 739 1686 1879 201
is_linear=0
shrinkage=0.05


Tree=25
num_leaves=31
num_cat=0
split_feature=28 13 13 1 13 28 15 23 28 8 0 27 14 14 13 24 13 24 20 11 21 13 9 0 9 9 22 30 21 11
split_gain=29.3327 12.3657 11.3931 4.47865 3.98789 3.85955 1.96298 1.90266 1.72457 1.60815 1.44842 1.41328 1.4043 1.37101 1.3503 1.34535 1.31378 1.25168 1.22953 1.11177 1.10589 1.10171 1.07693 1.075 1.07142 1.02097 1.01065 0.98117 0.905356 0.902969
threshold=3.5000000000000004 0.22000000000000022 -0.76083333333333336 1.5000000000000002 0.77333333333333398 1.5000000000000002 0.016666666666666708 6.7550000000000008 5.5000000000000009 0.17515000000000003 3.5000000000000004 0.010000000000000233 -0.16029166666666664 0.057275 -2.1675 0.045000000000001268 1.8466666666666665 -0.0033333333333316335 1.7050000000000001 0.29450000000000004 -0.0099999999999999863 -1.1358333333333335 4.9250000000000007 6.5000000000000009 3.9250000000000003 4.1950000000000012 0.42000000000000021 1.0000000180025095e-35 -0.055 0.29755000000000004
decision_type=2 2 2 2 2 2 2 2 2 2 2 2 2 2 2 2 2 2 2 2 2 2 2 2 2 2 2 2 2 2
left_child=1 5 14 17 8 10 11 12 15 28 13 18 -6 24 -2 25 27 -3 -5 -11 -14 22 -12 -19 -1 -4 -13 -9 -7 -21
right_child=2 3 4 6 7 9 -8 16 -10 19 21 26 20 -15 -16 -17 -18 23 -20 29 -22 -23 -24 -25 -26 -27 -28 -29 -30 -31
leaf_value=-0.012663766907321084 -0.0061153558691984973 0.0033656774138632627 -0.002943867799125097 0.0017931090670576016 -0.0055462106046131037 0.0071661621453645435 0.0043230156836690688 -0.00059256990025337351 -0.0028673331755779078 -0.0014052406040975655 -0.0021369260970068855 -0.0023036124019615743 0.0054257658088328513 0.0080650910486777631 -0.0037756940308355659 0.0015162050597075571 0.0032038290521713025 0.0034287103659082804 0.0052235288609789494 0.009454019587220891 0.0016920765437284499 0.0034131160212451401 0.0096484687285159128 0.0067265654454536881 -0.0017661994578058483 -0.00087911128104874647 0.0012575542290693791 -0.0084601703894937926 -0.0028955244439675884 0.00041522857293144574
leaf_weight=27 870 602 759 1225 48 23 928 1184 1735 1133 163 306 341 30 2118 475 238 310 332 28 474 1186 22 1218 137 2835 571 41 800 2095
leaf_count=27 870 602 759 1225 48 23 928 1184 1735 1133 163 306 341 30 2118 475 238 310 332 28 474 1186 22 1218 137 2835 571 41 800 2095
internal_value=-1.35496e-11 0.0018138 -0.00181674 0.00350286 -0.000846402 0.000170242 0.00236636 0.000902861 -0.00154743 -0.000639647 0.00228113 0.00162035 0.00276479 -0.00176257 -0.00445692 -0.000984635 -0.00019546 0.00529671 0.00252458 -0.000140516 0.00325427 0.00285332 -0.00073542 0.0060575 -0.00356031 -0.00131516 1.50035e-05 -0.000855894 -0.00261434 0.00053444
internal_weight=22254 11136 11118 5492 8130 5644 3362 2326 5804 4079 1565 2434 863 194 2988 4069 1463 2130 1557 3256 815 1371 185 1528 164 3594 877 1225 823 2123
internal_count=22254 11136 11118 5492 8130 5644 3362 2326 5804 4079 1565 2434 863 194 2988 4069 1463 2130 1557 3256 815 1371 185 1528 164 3594 877 1225 823 2123
is_linear=0
shrinkage=0.05


Tree=26
num_leaves=31
num_cat=0
split_feature=28 13 13 1 16 28 15 28 8 14 0 27 13 23 24 20 14 9 11 27 0 17 18 22 11 10 9 9 20 14
split_gain=26.4727 11.16 10.2823 4.04199 3.66405 3.48325 1.77159 1.46746 1.45135 1.37889 1.55569 1.27549 1.22064 1.17776 1.12964 1.12 1.05621 1.04018 1.00337 0.979033 0.971693 0.956007 0.931706 0.912115 0.887318 1.14881 1.45768 0.876154 0.862175 0.911055
threshold=3.5000000000000004 0.22000000000000022 -0.76083333333333336 1.5000000000000002 2.5000000000000004 1.5000000000000002 0.016666666666666708 5.5000000000000009 0.17515000000000003 0.090216666666666737 2.5000000000000004 0.010000000000000233 -2.7591666666666659 6.8350000000000009 -0.0033333333333316335 0.93999999999999984 -0.024575000000000038 3.9250000000000003 0.29450000000000004 0.050000000000000273 4.5000000000000009 1.5000000000000002 3.5000000000000004 0.42000000000000021 0.22999999999999995 0.16174999999999998 4.1950000000000012 7.205000000000001 0.78499999999999981 -0.13164999999999999
decision_type=2 2 2 2 2 2 2 2 2 2 2 2 2 2 2 2 2 2 2 2 2 2 2 2 2 2 2 2 2 2
left_child=1 5 12 14 7 9 11 16 -7 10 17 15 -2 21 -3 -5 22 -1 24 -12 -16 -6 -4 -13 -10 -26 -27 28 -9 -30
right_child=2 3 4 6 13 8 -8 27 18 -11 19 23 -14 -15 20 -17 -18 -19 -20 -21 -22 -23 -24 -25 25 26 -28 -29 29 -31
leaf_value=-0.012195391290717656 -0.0062844518119188619 0.003197393571475267 0.0006662246895816821 0.0012525857319382744 0.00077933269167324666 -0.0024836183674226478 0.0041068648787711878 -0.0041727388497788632 -3.0119075312024819e-05 0.005886058841593737 0.0028257070540690403 -0.0021884317901685493 -0.0037359798818671001 -0.0026722971297391059 0.002467643761323119 0.0039678912225662756 0.001973310730950049 -0.0012990353693222178 0.00050771813887277883 -0.00088259241444998623 0.006238292676181055 -0.001494855886395397 -0.0031628100171673863 0.0011946765099420046 0.0015831948089939747 -0.011726474352326478 -0.0029137327928663824 0.0026414211973547937 -0.0072735638729237179 4.0764926775127851e-05
leaf_weight=27 584 602 706 900 569 823 928 266 606 215 990 306 2404 1837 196 657 1463 116 2123 217 1332 2460 205 571 115 54 358 125 47 452
leaf_count=27 584 602 706 900 569 823 928 266 606 215 990 306 2404 1837 196 657 1463 116 2123 217 1332 2460 205 571 115 54 358 125 47 452
internal_value=-7.1304e-12 0.00172311 -0.0017259 0.00332771 -0.000804082 0.00016173 0.00224804 0.000491951 -0.000607664 0.00216707 0.00157479 0.00153933 -0.00423407 -0.00167343 0.00503188 0.00239835 0.00114108 -0.00335639 -0.000133491 0.00215901 0.00575462 -0.00106765 -0.000195413 1.42533e-05 -0.00133498 -0.00283544 -0.0040688 -0.00123955 -0.0018737 -0.00064816
internal_weight=22254 11136 11118 5492 8130 5644 3362 3264 4079 1565 1350 2434 2988 4866 2130 1557 2374 143 3256 1207 1528 3029 911 877 1133 527 412 890 765 499
internal_count=22254 11136 11118 5492 8130 5644 3362 3264 4079 1565 1350 2434 2988 4866 2130 1557 2374 143 3256 1207 1528 3029 911 877 1133 527 412 890 765 499
is_linear=0
shrinkage=0.05


Tree=27
num_leaves=31
num_cat=0
split_feature=1 13 2 28 13 27 28 26 14 13 13 9 14 25 8 23 18 16 22 10 11 21 5 15 0 14 23 12 8 6
split_gain=24.0536 12.4194 7.77077 3.6284 2.61038 2.16479 2.12262 1.85378 1.48491 1.46732 1.28603 1.27425 1.36368 1.50459 1.34092 1.4104 1.26932 1.1147 1.1141 1.11261 1.05556 1.04438 1.04408 0.998835 0.97187 0.938178 1.02656 1.02297 0.92584 0.922792
threshold=2.5000000000000004 0.009166666666666325 2.5000000000000004 5.5000000000000009 1.6900000000000002 -0.044999999999999922 1.5000000000000002 0.020000000000000021 -0.050316666666666669 1.6633333333333338 -0.68333333333333324 5.9150000000000009 -0.03065833333333334 4.5000000000000009 0.44955000000000006 6.7550000000000008 2.5000000000000004 5.5000000000000009 -1.9999999999999996 0.27430000000000004 0.46740000000000009 -0.0099999999999999863 1.5000000000000002 -0.0083333333333333436 8.5000000000000018 -0.026108333333333286 6.9050000000000011 0.22269999999999998 0.49485000000000001 0.18500000000000003
decision_type=2 2 2 2 2 2 2 2 2 2 2 2 2 2 2 2 2 2 2 2 2 2 2 2 2 2 2 2 2 2
left_child=2 3 6 8 5 -3 16 9 23 25 -8 14 13 -13 -7 -16 -1 -5 19 -10 -12 24 -18 -2 -14 -4 -27 -28 -25 -23
right_child=1 4 7 17 -6 11 10 -9 18 -11 20 12 21 -15 15 -17 22 -19 -20 -21 -22 29 -24 28 -26 26 27 -29 -30 -31
leaf_value=0.0043261881693395926 -0.0046406940875001251 0.0017998687214393909 0.0027052118729167058 -0.0030592131524455183 0.0030915831981637824 -0.00072091823573882611 -0.0022231283264584913 0.0015781807975106148 -0.0040465689695092563 0.0071829401450518322 1.3760370368527141e-05 0.00055095686988590659 0.0056736808480425645 -0.0037343307142879718 0.00022559321109469777 -0.0057729822957832046 0.0013423007258967278 -0.0052614396831935162 -0.00094661062579504758 0.00099883682720898308 0.0052033431014474746 3.6928442879938163e-05 -0.0084465320953833207 -0.0022780155607809625 0.0013339398575368819 0.0051132714998757389 -0.0024149203925651124 0.0039350140803099537 0.0086234046472236509 0.0090877395251701618
leaf_weight=424 667 1330 997 1091 767 2238 696 748 592 398 1163 488 211 353 148 290 1004 1214 3213 134 107 975 28 744 332 1564 94 195 20 29
leaf_count=424 667 1330 997 1091 767 2238 696 748 592 398 1163 488 211 353 148 290 1004 1214 3213 134 107 975 28 744 332 1564 94 195 20 29
internal_value=-7.33677e-12 -0.00116236 0.00232472 -0.00255973 0.000335301 4.6678e-06 0.00057596 0.00382229 -0.00184747 0.0043391 -0.000495695 -0.000466821 0.000372786 -0.00124774 -0.00121607 -0.00374607 0.00202299 -0.00421908 -0.00134633 -0.00311532 0.000450993 0.00125376 0.00107671 -0.00322692 0.00302028 0.00394196 0.00460738 0.00186964 -0.00199264 0.000298356
internal_weight=22254 14836 7418 7675 7161 6394 3422 3996 5370 3248 1966 5064 2388 841 2676 438 1456 2305 3939 726 1270 1547 1032 1431 543 2850 1853 289 764 1004
internal_count=22254 14836 7418 7675 7161 6394 3422 3996 5370 3248 1966 5064 2388 841 2676 438 1456 2305 3939 726 1270 1547 1032 1431 543 2850 1853 289 764 1004
is_linear=0
shrinkage=0.05


Tree=28
num_leaves=31
num_cat=0
split_feature=28 13 13 1 13 28 23 15 28 2 14 8 24 24 0 14 13 13 24 21 20 9 23 0 11 21 24 16 11 12
split_gain=21.9432 9.26145 8.47934 3.30182 3.0561 2.78631 1.64946 1.54453 1.38902 1.23774 1.22914 1.21551 1.15193 1.14187 1.13605 1.06909 1.06501 1.0336 0.998755 0.941583 0.923914 0.907797 0.893871 0.885692 0.883735 0.871686 0.870251 1.32665 0.863568 0.857521
threshold=3.5000000000000004 0.22000000000000022 -0.76083333333333336 1.5000000000000002 0.77333333333333398 1.5000000000000002 6.7550000000000008 0.016666666666666708 5.5000000000000009 3.5000000000000004 -0.16029166666666664 0.17515000000000003 0.033333333333332778 0.045000000000001268 3.5000000000000004 0.057275 1.9399999999999999 -2.1675 -0.0033333333333316335 -0.0099999999999999863 0.70500000000000018 5.6450000000000005 6.6050000000000013 6.5000000000000009 0.46465000000000006 -0.025000000000000005 -0.064999999999998156 4.5000000000000009 0.29450000000000004 0.35730000000000001
decision_type=2 2 2 2 2 2 2 2 2 2 2 2 2 2 2 2 2 2 2 2 2 2 2 2 2 2 2 2 2 2
left_child=1 5 17 18 8 9 10 12 13 14 -6 -7 21 20 15 -1 -8 -2 -3 -12 -4 29 -19 -20 -15 -24 27 -16 -13 -5
right_child=2 3 4 7 6 11 16 -9 -10 -11 19 28 -14 24 26 -17 -18 22 23 -21 -22 -23 25 -25 -26 -27 -28 -29 -30 -31
leaf_value=-0.0041293092713515457 -0.0052999792754618007 0.0028458480717594181 -0.0016020998476222244 0.0007497336315223001 -0.0052446880802259933 -0.0022585055553979543 -0.0007529903697303127 0.0037903353529020085 -0.0025324638951573571 0.0057454760473697117 0.0049923611135369505 -0.0012224307547620149 0.0033267842086368345 0.00067270549459033928 0.0058559884876012809 0.0067187430285331282 0.0032247570043210483 0.0051750079570000154 0.0028642525731852552 0.0015471827360985109 0.00026585431315803102 0.0017264561776997125 0.00040366366049799496 0.005857678825088356 0.007360405748061437 -0.0036542919567611985 0.0022470839731790694 -0.010463797924757908 0.00048707529830596544 -0.0026893103160191239
leaf_weight=143 870 602 2719 492 48 823 1269 928 1735 188 341 1133 585 419 20 27 194 31 310 474 875 1070 142 1218 56 1945 1154 33 2123 287
leaf_count=143 870 602 2719 492 48 823 1269 928 1735 188 341 1133 585 419 20 27 194 31 310 474 875 1070 142 1218 56 1945 1154 33 2123 287
internal_value=1.10052e-13 0.00156879 -0.00157133 0.00303054 -0.000734218 0.000146405 0.000797108 0.00205471 -0.00134791 0.00193994 0.00253072 -0.000541727 0.00139298 -0.000842821 0.00142038 -0.00240638 -0.000225524 -0.00384901 0.00457078 0.00298866 -0.00114733 0.000781149 -0.003253 0.00525037 0.00146115 -0.00337819 0.00195936 -0.00430539 -0.000107787 -0.000517283
internal_weight=22254 11136 11118 5492 8130 5644 2326 3362 5804 1565 863 4079 2434 4069 1377 170 1463 2988 2130 815 3594 1849 2118 1528 475 2087 1207 53 3256 779
internal_count=22254 11136 11118 5492 8130 5644 2326 3362 5804 1565 863 4079 2434 4069 1377 170 1463 2988 2130 815 3594 1849 2118 1528 475 2087 1207 53 3256 779
is_linear=0
shrinkage=0.05


Tree=29
num_leaves=31
num_cat=0
split_feature=28 20 13 9 13 14 24 9 13 28 24 0 15 9 8 24 14 21 22 23 24 14 26 20 14 19 8 13 9 3
split_gain=19.8037 8.41604 7.71819 3.04114 2.40896 1.66946 1.54258 1.52405 1.47991 1.28936 1.2431 1.24276 1.19113 1.17245 1.17141 1.16388 1.16277 1.10013 1.07756 1.09857 1.58912 1.05102 1.02594 1.00253 0.944543 0.872048 1.21745 0.908979 0.836263 1.20248
threshold=3.5000000000000004 -0.045000000000000366 0.009166666666666325 5.6450000000000005 -1.4000000000000001 0.081191666666666676 -0.0050000000000003366 4.4350000000000014 1.6900000000000002 5.5000000000000009 -0.028333333333332874 2.5000000000000004 0.038333333333333344 5.7750000000000012 0.42995000000000005 -0.051666666666666299 0.093633333333333291 0.025000000000000012 -1.8799999999999994 7.1150000000000011 -0.065000000000000821 0.17704999999999996 -0.084999999999999951 0.019999999999999799 -0.08674166666666662 -1.0000000180025095e-35 0.41520000000000001 1.031666666666667 3.6750000000000003 24.500000000000004
decision_type=2 2 2 2 2 2 2 2 2 2 2 2 2 2 2 2 2 2 2 2 2 2 2 2 2 2 2 2 2 2
left_child=1 7 4 5 -2 12 14 17 9 11 24 13 18 -4 16 -9 25 -1 28 20 -20 -12 -13 -22 -6 26 27 -5 29 -3
right_child=2 3 8 6 10 -7 -8 15 -10 -11 21 22 -14 -15 -16 -17 -18 -19 19 -21 23 -23 -24 -25 -26 -27 -28 -29 -30 -31
leaf_value=-0.00068918836824379643 -0.0044550871841731506 -0.0053187738656281279 -0.00032803732480734903 -0.0040582418404069773 -0.0059433161350066167 0.0038889345548764362 0.004186471696163218 -0.00234349641967263 0.0024489136584463504 -0.0017121682144331707 -0.0017787806839354829 0.0025225743798825157 0.008394512260789409 0.005738702594796247 0.0032388663651224622 0.00088367087745851365 0.0071817993713577961 -0.0035444183589209799 -0.0043164513588911206 0.012239946657791734 0.0022385258066291739 0.0022476203306131394 -0.00047521535812941991 0.00010396161949593668 -0.0027123416158317407 0.0008573132811708254 -0.013222077167925559 0.0064292736135906099 -0.0037693874643915377 0.0057243650779128076
leaf_weight=1098 1494 39 141 88 278 561 2532 324 522 1276 2809 319 52 183 828 2029 53 487 132 22 1290 172 2710 959 1214 306 28 27 214 67
leaf_count=1098 1494 39 141 88 278 561 2532 324 522 1276 2809 319 52 183 828 2029 53 487 132 22 1290 172 2710 959 1214 306 28 27 214 67
internal_value=-9.89704e-12 0.00149035 -0.00149276 0.00250705 -0.00271676 0.00140125 0.00346223 -0.000368 -7.48586e-05 -0.000359458 -0.00213616 0.000155323 0.000898332 0.00309855 0.00208346 0.000439301 0.000177729 -0.00156647 0.00075518 0.00111815 0.00101538 -0.00154646 -0.000159502 0.00132832 -0.00331436 -0.000649032 -0.0038724 -0.00159596 -0.00197046 0.00166132
internal_weight=22254 11136 11118 7198 5967 3336 3862 3938 5151 4629 4473 3353 2775 324 1330 2353 502 1585 2723 2403 2381 2981 3029 2249 1492 449 143 115 320 106
internal_count=22254 11136 11118 7198 5967 3336 3862 3938 5151 4629 4473 3353 2775 324 1330 2353 502 1585 2723 2403 2381 2981 3029 2249 1492 449 143 115 320 106
is_linear=0
shrinkage=0.05


Tree=30
num_leaves=31
num_cat=0
split_feature=1 13 13 28 9 27 13 24 14 9 8 1 14 8 3 24 25 0 22 24 24 9 18 24 24 9 16 13 9 13
split_gain=18.1176 9.20604 6.1039 2.83272 2.53206 2.09299 1.78223 1.29562 1.26799 1.23975 1.71072 1.16097 1.10582 1.02655 1.33693 1.02164 0.974022 1.17436 0.93084 0.918336 1.11006 0.910874 0.906965 1.03876 0.882913 0.879472 0.879422 0.867514 0.894732 0.856631
threshold=2.5000000000000004 0.009166666666666325 -0.50916666666666621 5.5000000000000009 5.6450000000000005 -0.044999999999999922 1.8466666666666665 -0.0016666666666664829 -0.050316666666666669 4.9650000000000007 0.29695000000000005 1.5000000000000002 0.098224999999999965 0.44480000000000003 50.500000000000007 -0.080833333333333521 5.5000000000000009 2.5000000000000004 -3.5449999999999995 0.013333333333334087 0.016666666666666167 7.9400000000000004 5.5000000000000009 -0.054999999999999265 0.1166666666666676 7.6750000000000007 5.5000000000000009 0.23833333333333376 6.6950000000000012 0.62500000000000056
decision_type=2 2 2 2 2 2 2 2 2 2 2 2 2 2 2 2 2 2 2 2 2 2 2 2 2 2 2 2 2 2
left_child=2 3 12 8 11 21 9 -6 22 10 -7 -4 19 16 25 -13 27 -18 -10 -1 -21 -3 23 -2 26 -15 -5 -11 -29 -16
right_child=1 5 4 24 7 6 -8 -9 18 13 -12 15 -14 14 29 -17 17 -19 -20 20 -22 -23 -24 -25 -26 -27 -28 28 -30 -31
leaf_value=-0.0021491654110692626 -0.0054823844015897648 0.0017349827892629043 0.0027165235694854763 -0.002743497695591568 0.0023486692435395265 0.00046060539979541872 0.002960707648200429 0.0044757007632041336 -0.0050371337064848073 -0.0008568492748769861 -0.003406932712652298 -0.0071468647637563517 0.0028508629458883663 -0.00067609956351100142 -0.0092297526701842613 0.00086614618140223973 0.006452185090165586 -0.0023691513788361715 -0.00096864878854190052 0.0098346361750736837 -7.9325394738892401e-05 0.0098951083301965694 -0.0054093974644118664 -0.0015413334945646334 0.0053104836217783115 0.0042151284557339569 -0.0047116201342937555 0.0012412560637194406 0.0046423854757638577 -0.0024830396576707922
leaf_weight=905 203 1493 1287 1073 1101 481 422 2047 146 394 705 41 192 1477 67 1335 42 371 3793 30 480 35 280 948 27 98 1205 1187 231 158
leaf_count=905 203 1493 1287 1073 1101 481 422 2047 146 394 705 41 192 1477 67 1335 42 371 3793 30 480 35 280 948 27 98 1205 1187 231 158
internal_value=-8.17655e-12 -0.00100879 0.00201758 -0.00221187 0.00277183 0.000280647 -0.000164557 0.00373178 -0.00158254 -0.000417649 -0.00183839 0.00163704 -0.000709811 9.86293e-07 -0.000886795 0.000627386 0.000719191 -0.00147207 -0.00111945 -0.00119296 0.000503849 0.0019219 -0.00285726 -0.00223641 -0.00367804 -0.000371756 -0.00378458 0.00121863 0.00179532 -0.00449206
internal_weight=22254 14836 7418 7675 5811 7161 5633 3148 5370 5211 1186 2663 1607 4025 1800 1376 2225 413 3939 1415 510 1528 1431 1151 2305 1575 2278 1812 1418 225
internal_count=22254 14836 7418 7675 5811 7161 5633 3148 5370 5211 1186 2663 1607 4025 1800 1376 2225 413 3939 1415 510 1528 1431 1151 2305 1575 2278 1812 1418 225
is_linear=0
shrinkage=0.05


Tree=31
num_leaves=31
num_cat=0
split_feature=28 16 9 1 13 28 13 24 28 14 23 21 14 0 27 9 26 27 20 11 4 10 23 11 24 3 24 10 8 20
split_gain=16.416 7.195 6.44918 2.6111 2.17657 2.12981 2.11767 1.47421 1.38501 1.3115 1.51143 1.28246 1.27442 1.27574 1.33775 1.16226 1.02419 1.10706 1.07621 1.00101 0.996888 0.961871 0.988069 0.951952 0.947076 1.27473 1.00862 0.890162 0.883379 0.861706
threshold=3.5000000000000004 2.5000000000000004 5.0550000000000006 1.5000000000000002 0.60083333333333366 1.5000000000000002 -1.1158333333333332 -0.0083333333333341902 5.5000000000000009 -0.16029166666666664 6.7550000000000008 0.025000000000000012 0.090216666666666737 2.5000000000000004 0.064999999999999961 4.3550000000000013 -0.055000000000000153 -0.084999999999999951 0.93999999999999984 0.27795000000000009 50.500000000000007 0.24370000000000003 6.8550000000000013 0.34220000000000006 -0.013333333333333195 22.500000000000004 -0.016666666666665272 0.35740000000000005 0.45875000000000005 1.0000000000000004
decision_type=2 2 2 2 2 2 2 2 2 2 2 2 2 2 2 2 2 2 2 2 2 2 2 2 2 2 2 2 2 2
left_child=1 5 6 12 8 -1 -2 -5 16 -6 -11 -9 13 15 28 -3 18 -18 -4 -16 -10 -13 -23 -21 26 -26 -8 -19 -15 -7
right_child=2 3 4 7 9 29 24 11 20 10 -12 21 -14 14 19 -17 17 27 -20 23 -22 22 -24 -25 25 -27 -28 -29 -30 -31
leaf_value=0.004355279690047704 -0.0039243425473555315 -0.0089715701454848636 0.00090989587392746097 -0.0011853057495942827 -0.0035569156231178949 0.0011245584356926643 -0.0024803926107713342 0.0011737252437530156 0.0013791807733165721 0.0029264138793561171 0.00024948054483415284 -0.0032070265978892004 0.0049792764304826664 0.0020352736579415747 0.0019238644408281235 -0.00011172027611691092 0.0038607340110387621 0.0006496539697589469 0.0082366952388468438 -0.011202874943791401 -0.0031468581322525719 -0.0010605378198239057 0.0054742905099086376 -0.0014535696320836582 0.0037461313258856537 -0.001467471161107296 -0.0081116277150743241 -0.0018565203027737641 0.0069862269153146408 0.0029823017236120138
leaf_weight=1701 1906 51 333 2279 149 1238 1490 1999 141 862 1358 342 285 1266 85 135 119 500 59 42 887 216 79 62 125 1889 84 1216 97 1259
leaf_count=1701 1906 51 333 2279 149 1238 1490 1999 141 862 1358 342 285 1266 85 135 119 500 59 42 887 216 79 62 125 1889 84 1216 97 1259
internal_value=-1.70068e-12 0.0013569 -0.0013591 0.000368294 -0.000168871 0.00299077 -0.00257749 -0.000254007 -0.00100802 0.000984121 0.0012889 0.000551163 0.00188021 0.00137202 0.00184098 -0.00254103 -0.000307281 -0.000802874 0.00201265 -0.00210113 -0.00252607 -0.00140253 0.000689467 -0.00539079 -0.00186203 -0.00114389 -0.00278092 -0.00112628 0.00238762 0.00206124
internal_weight=22254 11136 11118 6938 5624 4198 5494 4915 3255 2369 2220 2636 2023 1738 1552 186 2227 1835 392 189 1028 637 295 104 3588 2014 1574 1716 1363 2497
internal_count=22254 11136 11118 6938 5624 4198 5494 4915 3255 2369 2220 2636 2023 1738 1552 186 2227 1835 392 189 1028 637 295 104 3588 2014 1574 1716 1363 2497
is_linear=0
shrinkage=0.05


Tree=32
num_leaves=31
num_cat=0
split_feature=1 13 13 28 9 27 9 9 14 9 21 24 24 10 12 27 3 14 12 9 8 3 11 1 17 4 10 9 24 24
split_gain=14.8884 7.59223 5.17511 2.36713 2.13935 1.78212 1.54927 1.19151 1.18972 1.52216 1.14836 1.40464 1.11751 1.03926 1.0069 1.02941 1.00264 0.958825 0.937672 0.904421 1.09097 0.836359 0.835291 0.909462 0.833719 1.27945 0.822303 0.813564 0.803073 1.00224
threshold=2.5000000000000004 0.009166666666666325 -0.50916666666666621 5.5000000000000009 5.6450000000000005 -0.044999999999999922 6.7650000000000006 6.8550000000000013 0.045958333333333358 5.0950000000000006 0.020000000000000014 0.011666666666666272 -0.0016666666666664829 0.65110000000000012 0.56305000000000016 0.06000000000000006 49.500000000000007 0.098224999999999965 0.15955000000000003 6.7150000000000007 0.38669999999999999 57.500000000000007 0.46740000000000009 1.5000000000000002 3.5000000000000004 48.500000000000007 0.35664999999999997 7.9400000000000004 0.013333333333334087 0.016666666666666167
decision_type=2 2 2 2 2 2 2 2 2 2 2 2 2 2 2 2 2 2 2 2 2 2 2 2 2 2 2 2 2 2
left_child=2 3 17 8 14 27 24 -8 9 -2 11 19 -6 -9 15 22 -15 28 -13 20 21 -10 23 -4 -7 -26 -11 -3 -1 -30
right_child=1 5 4 -5 12 6 7 13 10 26 -12 18 -14 16 -16 -17 -18 -19 -20 -21 -22 -23 -24 -25 25 -27 -28 -29 29 -31
leaf_value=-0.0020264485393083546 -0.0025575263054033784 0.0015943150049682435 0.0025090508419932274 -0.0033473111108908078 0.0021213038897582048 8.8291611647928878e-05 0.006391713904166544 0.00035302868398910756 0.00016837445853962903 0.0014433522243423001 -0.0022046526951471916 -0.007248068787594094 0.0040967277131742051 0.0069280374762231275 0.0075791528921179243 -0.0011481203279362796 -0.0049692106832351004 0.002633207958691249 0.0038921144316041408 0.0088119759845236949 -0.0077216195478935594 -0.0080639841768777726 0.0048436869744494168 0.00039644025151843978 -0.0044280285469142002 -0.00081289765426777324 -0.0013036418904649255 0.0093062550255230501 0.0093205367401242266 -9.9635241980043564e-05
leaf_weight=905 2670 1493 994 2305 1101 2282 111 928 474 393 472 20 2047 113 66 362 21 192 340 24 56 33 196 1045 281 1897 888 35 30 480
leaf_count=905 2670 1493 994 2305 1101 2282 111 928 474 393 472 20 2047 113 66 362 21 192 340 24 56 33 196 1045 281 1897 888 35 30 480
internal_value=-2.42413e-12 -0.00091448 0.00182896 -0.00200704 0.00252346 0.000256497 -0.000154315 0.00146258 -0.00143174 -0.00187775 -0.000189897 0.00081429 0.00340583 0.000947387 0.00148038 0.00132538 0.00506354 -0.00068237 0.00327322 -0.00069374 -0.00109896 -0.00036746 0.00172601 0.00142632 -0.000579565 -0.00127931 -0.000460887 0.00177096 -0.00113226 0.000454493
internal_weight=22254 14836 7418 7675 5811 7161 5633 1173 5370 3951 1419 947 3148 1062 2663 2597 134 1607 360 587 563 507 2235 2039 4460 2178 1281 1528 1415 510
internal_count=22254 14836 7418 7675 5811 7161 5633 1173 5370 3951 1419 947 3148 1062 2663 2597 134 1607 360 587 563 507 2235 2039 4460 2178 1281 1528 1415 510
is_linear=0
shrinkage=0.05


Tree=33
num_leaves=31
num_cat=0
split_feature=28 16 13 1 13 28 23 24 17 13 8 21 14 24 0 24 3 2 23 9 12 18 21 12 15 9 0 13 0 0
split_gain=13.6053 6.03549 5.46772 2.14978 1.94713 1.76741 1.30522 1.23498 1.19463 1.12929 1.44461 1.10823 1.02108 0.942866 0.93562 0.930786 0.917506 0.904132 0.880677 0.839215 0.898127 0.823485 0.804629 0.797854 0.771202 0.771039 0.756581 0.735104 0.733987 0.989167
threshold=3.5000000000000004 2.5000000000000004 -0.76083333333333336 1.5000000000000002 0.77333333333333398 1.5000000000000002 6.7550000000000008 -0.0083333333333341902 5.5000000000000009 -0.53499999999999981 0.34840000000000004 0.025000000000000012 -0.16029166666666664 -0.03666666666666573 2.5000000000000004 -0.064999999999998156 22.500000000000004 3.5000000000000004 6.8550000000000013 7.4500000000000011 0.58955000000000013 1.5000000000000002 -0.064999999999999988 0.37750000000000006 0.020833333333333332 3.9750000000000005 23.500000000000004 -2.7591666666666659 16.500000000000004 21.500000000000004
decision_type=2 2 2 2 2 2 2 2 2 2 2 2 2 2 2 2 2 2 2 2 2 2 2 2 2 2 2 2 2 2
left_child=1 5 17 8 13 -1 12 -5 9 10 15 -9 -6 14 -4 -3 -15 27 -13 20 -8 -14 -7 -18 28 -20 -11 -2 -17 -30
right_child=2 3 4 7 6 22 19 11 -10 26 -12 18 21 16 -16 24 23 -19 25 -21 -22 -23 -24 -25 -26 -27 -28 -29 29 -31
leaf_value=0.0039747303149384773 -0.0047426803566551689 -0.0080978310267840106 0.00081342072742121357 -0.0010872146024617933 -0.0048874704317616617 0.0068184255646519896 -0.00043149444724161639 0.0010808571614453167 -0.0012745066161612276 0.0032029051716026208 -0.012959685940295458 -0.0023547964870477261 0.004509610780590775 0.0034272171380993633 -0.0027365936321429416 -0.00055587824471819145 -0.0012475455665074964 0.0065993127413094049 -0.0030793967361096297 0.00380930662380022 -0.010191275881758582 0.001282248114699412 0.0017216706690525484 0.00027516778859569655 0.0098317124280147272 0.0045001812165091732 -0.0052604704267448857 -0.0027565847655995428 0.0070154163140760759 -0.0021838789022612303
leaf_weight=1701 579 28 220 2279 48 80 1322 1999 289 1201 20 485 337 131 1187 302 3071 24 50 117 24 478 2417 1195 25 102 27 2385 87 44
leaf_count=1701 579 28 220 2279 48 80 1322 1999 289 1201 20 485 337 131 1187 302 3071 24 50 117 24 478 2417 1195 25 102 27 2385 87 44
internal_value=-4.67838e-13 0.00123529 -0.00123729 0.000329836 -0.000565078 0.00273172 0.00065723 -0.000234823 0.00170171 0.00219775 0.000209951 0.000502127 0.00219937 -0.00105493 -0.00218151 0.000751911 -0.000694433 -0.00306629 -0.00131402 -0.000252452 -0.000605517 0.00261675 0.00188496 -0.000821 0.00129294 0.0020069 0.00301682 -0.00314456 0.000799943 0.00392558
internal_weight=22254 11136 11118 6938 8130 4198 2326 4915 2023 1734 506 2636 863 5804 1407 486 4397 2988 637 1463 1346 815 2497 4266 458 152 1228 2964 433 131
internal_count=22254 11136 11118 6938 8130 4198 2326 4915 2023 1734 506 2636 863 5804 1407 486 4397 2988 637 1463 1346 815 2497 4266 458 152 1228 2964 433 131
is_linear=0
shrinkage=0.05


Tree=34
num_leaves=31
num_cat=0
split_feature=28 13 9 1 20 13 13 8 2 14 24 15 15 14 23 15 19 9 26 11 27 9 7 20 0 10 27 23 27 24
split_gain=12.2788 5.46876 5.01283 1.8216 1.72868 1.68037 1.64098 1.26815 1.2033 1.19977 1.19082 1.1804 1.17126 1.11069 1.22579 1.0694 1.17675 1.04796 1.10201 1.00184 0.936622 0.930963 0.940486 0.888379 0.875802 0.873571 0.872857 0.863303 0.853883 0.848957
threshold=3.5000000000000004 0.23000000000000001 5.0550000000000006 1.5000000000000002 -0.67500000000000016 0.60083333333333366 -1.316666666666666 0.41585000000000005 3.5000000000000004 0.025375000000000012 0.068333333333332927 0.016666666666666708 -0.029999999999999988 -0.16029166666666664 6.7550000000000008 -0.011666666666666671 -0.044999999999999991 5.5650000000000004 -0.020000000000000014 0.10130000000000002 0.010000000000000233 3.52 5.0450000000000008 2.0250000000000008 23.500000000000004 0.10085000000000001 0.024999999999999915 6.6650000000000009 -0.095000000000000182 -0.10499999999999997
decision_type=2 2 2 2 2 2 2 2 2 2 2 2 2 2 2 2 2 2 2 2 2 2 2 2 2 2 2 2 2 2
left_child=1 4 6 -3 29 7 -2 8 17 12 -8 20 26 -7 -15 19 -17 18 -4 -14 23 25 -23 -5 -18 -12 -6 -10 -9 -1
right_child=2 3 5 11 9 13 10 28 27 -11 21 -13 15 14 -16 16 24 -19 -20 -21 -22 22 -24 -25 -26 -27 -28 -29 -30 -31
leaf_value=-0.0083753929963629511 -0.0036114788791747755 0.0034504565466953723 0.0030323053431714712 0.0012208395005993103 0.0058976610672295468 -0.0032919485703260705 -0.0019144851886845904 0.0032170840148704458 0.01269752336745362 0.00214327393727791 0.002204134104080325 0.0030951797835390409 0.0034874170320108536 0.0026421634978836235 0.00023141854805125179 -0.0061819098744308578 0.00094209421831804689 -0.001692482445522895 -0.00061004054395114114 -0.0030192729319026184 -0.00031760689736524234 0.002684017007092112 -0.005485169979926598 0.0045360534194229512 -0.0070652680099010465 0.013679117157503411 -0.0010902686667843507 0.0022797960807695301 -0.002562108683925435 -0.00083992350600295288
leaf_weight=38 1577 2118 319 1308 143 149 3696 68 22 1125 43 925 68 862 1358 64 1403 980 595 455 870 95 56 239 35 27 65 207 1064 2280
leaf_count=38 1577 2118 319 1308 143 149 3696 68 22 1125 43 925 68 862 1358 64 1403 980 595 455 870 95 56 239 35 27 65 207 1064 2280
internal_value=-2.79877e-13 0.00117352 -0.00117542 0.00230325 8.6786e-05 -0.000126076 -0.0022496 -0.000863398 -0.000142741 0.000811759 -0.0017013 0.00157621 0.000140934 0.000887003 0.00116748 -0.000226071 0.000451952 -0.000556653 0.000661194 -0.00217328 0.000994893 0.00186392 -0.000345615 0.00173302 0.0007472 0.0066302 0.00371393 0.00328063 -0.00221495 -0.000963456
internal_weight=22254 11136 11118 5460 5676 5624 5494 3255 2123 3358 3917 3342 2233 2369 2220 2025 1502 1894 914 523 2417 221 151 1547 1438 70 208 229 1132 2318
internal_count=22254 11136 11118 5460 5676 5624 5494 3255 2123 3358 3917 3342 2233 2369 2220 2025 1502 1894 914 523 2417 221 151 1547 1438 70 208 229 1132 2318
is_linear=0
shrinkage=0.05


Tree=35
num_leaves=31
num_cat=0
split_feature=13 1 13 13 9 24 1 14 22 9 9 15 14 27 21 20 14 8 22 24 0 20 22 12 27 18 10 26 9 6
split_gain=11.2753 7.91459 2.21103 1.96249 1.7079 1.67932 1.65023 1.44248 1.2454 1.18349 1.16416 1.08493 1.00231 1.09449 1.05317 0.969921 1.10222 0.945762 0.955794 0.925147 0.911751 1.22934 0.933153 0.902455 0.926745 0.856118 0.848798 0.8305 0.83033 1.13289
threshold=-0.46916666666666712 2.5000000000000004 1.2083333333333337 -1.7149999999999994 5.6450000000000005 -0.033333333333332764 4.5000000000000009 0.003283333333333333 0.86499999999999988 4.9250000000000007 4.4650000000000007 -0.044999999999999991 0.039183333333333327 -0.015000000000000123 -0.039999999999999994 0.80999999999999994 -0.12803333333333325 0.29340000000000005 1.54 0.0050000000000012266 15.500000000000002 -0.94999999999999984 -0.73999999999999988 0.56305000000000016 0.06000000000000006 3.5000000000000004 0.42815000000000009 -0.029999999999999801 4.5650000000000004 0.15500000000000003
decision_type=2 2 2 2 2 2 2 2 2 2 2 2 2 2 2 2 2 2 2 2 2 2 2 2 2 2 2 2 2 2
left_child=3 4 6 9 23 -5 7 25 11 -1 -10 -9 13 20 -15 -8 27 -18 -19 -6 -7 22 -22 24 26 28 -2 -17 29 -3
right_child=1 2 -4 5 19 12 15 8 10 -11 -12 -13 -14 14 -16 16 17 18 -20 -21 21 -23 -24 -25 -26 -27 -28 -29 -30 -31
leaf_value=-0.0036595242763155429 0.0016584065476996355 0.0016033201313046651 0.0014742319232452354 -0.0026912959662630394 0.0019624856859381608 -0.0010910528904855546 -0.0018335313946716274 -0.010430845721503317 -0.0012129554057537463 0.0039559831508909757 0.0041332264455483225 0.00052405404880420789 0.00054421451279337808 0.004346455160345211 -0.0023564202297519233 0.00140278330118714 0.0035568837195914674 0.0002002367956986375 -0.0048282382395561964 0.0037116518431216518 -0.0037687383324270492 0.0048266769265458784 0.0033686391694785715 0.0070361231284385376 -0.0012702513515421773 -0.0018635487101363616 -0.004633257846746181 -0.0075220841329533567 0.00066365384160957277 -0.0050102278423387698
leaf_weight=1363 2115 107 1779 1498 1274 695 2426 23 128 53 498 1302 1117 61 1491 38 187 945 105 1859 113 188 77 66 351 886 55 83 1207 164
leaf_count=1363 2115 107 1779 1498 1274 695 2426 23 128 53 498 1302 1117 61 1491 38 187 945 105 1859 113 188 77 66 351 886 55 83 1207 164
internal_value=-4.08722e-12 0.000735195 -0.000121869 -0.00172289 0.00221528 -0.00127659 -0.000472463 0.000195898 0.0012022 -0.00337448 0.00304008 0.000333894 -0.000710249 -0.00124405 -0.00209297 -0.00123461 -0.000164677 0.000280838 -0.000302611 0.00300037 -1.61684e-05 0.00196014 -0.000876222 0.00126449 0.00111338 -0.000634601 0.00149894 -0.00471923 0.000102103 -0.00239897
internal_weight=22254 15598 9878 6656 5720 5240 8099 4315 1951 1416 626 1325 3742 2625 1552 3784 1358 1237 1050 3133 1073 378 190 2587 2521 2364 2170 121 1478 271
internal_count=22254 15598 9878 6656 5720 5240 8099 4315 1951 1416 626 1325 3742 2625 1552 3784 1358 1237 1050 3133 1073 378 190 2587 2521 2364 2170 121 1478 271
is_linear=0
shrinkage=0.05


Tree=36
num_leaves=31
num_cat=0
split_feature=20 28 1 9 28 15 14 26 13 15 24 22 24 14 9 9 20 9 14 21 19 4 10 10 27 21 23 27 14 9
split_gain=10.2854 5.17048 3.08846 2.05568 1.80943 1.77291 1.70762 1.50463 1.4578 1.27671 1.11385 1.00328 0.964784 0.94511 0.88574 0.861864 0.824702 0.81928 0.808199 0.788697 0.827529 0.893046 0.78068 0.906764 0.834987 0.767109 0.759105 0.743825 0.719483 0.710091
threshold=-0.079999999999999835 2.5000000000000004 4.5000000000000009 4.5650000000000004 5.5000000000000009 0.009166666666666658 0.014483333333333378 -0.055000000000000153 -1.188333333333333 0.01999999999999998 -0.080833333333333521 -1.1400000000000001 -0.0033333333333316335 -0.11613333333333332 7.3650000000000011 1.385 0.87499999999999967 7.6350000000000007 0.13945833333333335 0.025000000000000012 0.02 44.500000000000007 0.60925000000000018 0.62880000000000014 -0.07499999999999972 -0.020000000000000007 6.705000000000001 -0.044999999999999922 0.18363333333333337 5.1350000000000007
decision_type=2 2 2 2 2 2 2 2 2 2 2 2 2 2 2 2 2 2 2 2 2 2 2 2 2 2 2 2 2 2
left_child=2 5 3 19 6 8 9 -8 -2 17 -5 -11 16 -10 18 -4 -6 22 -7 20 21 -1 24 -24 -3 -13 28 -21 -9 -15
right_child=1 4 15 10 12 14 7 26 13 11 -12 25 -14 29 -16 -17 -18 -19 -20 27 -22 -23 23 -25 -26 -27 -28 -29 -30 -31
leaf_value=0.0068610434785174833 -0.0029794011157950212 0.0016805318413992227 -0.003950850268188792 -0.0040664958993575596 -0.0043230457597777184 0.0025477991622067388 0.0037977001376762569 0.0037911000527768219 -0.0010248308492347945 -0.007155959073814654 0.00056106667883050649 0.00095673325238395898 -0.0002288399461699268 0.0009318164335512263 0.0060760038798926864 -0.0019991082299165392 -0.0010750558904056109 0.0048087997399940807 0.0062447930012476047 5.0113231383180349e-05 0.00064083332931448871 -0.0018693367802449048 -0.010584508181484632 0.00074167580343782909 -0.0010228937581875273 0.0045582745236375536 0.00031109716737753954 -0.0035966751050793191 -0.0052307112743922822 0.002564365486514137
leaf_weight=30 181 326 694 136 384 1690 564 279 301 31 2965 494 839 1096 244 3058 398 66 162 178 562 1241 43 30 2306 211 1371 652 24 1698
leaf_count=30 181 326 694 136 384 1690 564 279 301 31 2965 494 839 1096 244 3058 398 66 162 178 562 1241 43 30 2306 211 1371 652 24 1698
internal_value=3.58362e-13 0.00092908 -0.00124366 -0.000516908 6.88058e-05 0.00210867 0.000485073 0.00156416 0.00138212 -0.000203551 0.000358116 0.00164754 -0.00140649 0.00163719 0.00324427 -0.00236012 -0.00266998 -0.000695216 0.00287119 -0.00153585 -0.000956829 -0.00166327 -0.00082951 -0.00592991 -0.000688047 0.00203464 0.000811645 -0.00281459 0.0030765 0.00192397
internal_weight=22254 12738 9516 5764 7366 5372 5745 2238 3276 3507 3101 736 1621 3095 2096 3752 782 2771 1852 2663 1833 1271 2705 73 2632 705 1674 830 303 2794
internal_count=22254 12738 9516 5764 7366 5372 5745 2238 3276 3507 3101 736 1621 3095 2096 3752 782 2771 1852 2663 1833 1271 2705 73 2632 705 1674 830 303 2794
is_linear=0
shrinkage=0.05


Tree=37
num_leaves=31
num_cat=0
split_feature=28 9 28 13 2 24 19 24 9 11 9 12 13 0 27 3 12 0 1 0 10 11 14 21 19 10 11 19 28 8
split_gain=9.35905 6.48091 2.57099 1.99726 1.51574 1.39211 1.4925 1.3867 1.38491 1.17384 1.11695 1.0771 1.07797 0.980523 1.26016 0.901861 1.04188 1.08006 0.989001 0.85199 0.836884 0.831902 0.986522 0.809756 0.789287 0.767926 1.28893 0.740004 0.983022 0.984135
threshold=1.5000000000000002 5.0550000000000006 4.5000000000000009 -1.4000000000000001 3.5000000000000004 -0.034999999999998803 -0.050000000000000003 0.028333333333333769 6.7650000000000006 0.36525000000000002 6.2950000000000008 0.32360000000000005 -0.52166666666666617 3.5000000000000004 0.064999999999999961 22.500000000000004 0.24025000000000002 14.500000000000002 4.5000000000000009 18.500000000000004 0.38170000000000009 0.75595000000000012 0.20139166666666666 0.010000000000000004 1.0000000180025095e-35 0.2849000000000001 0.34300000000000003 -0.019999999999999993 2.5000000000000004 0.43775000000000003
decision_type=2 2 2 2 2 2 2 2 2 2 2 2 2 2 2 2 2 2 2 2 2 2 2 2 2 2 2 2 2 2
left_child=4 3 7 -2 13 6 -5 21 11 20 27 -4 -13 25 -15 16 -7 -18 -17 -19 24 22 -3 -24 -9 26 -1 -11 29 -29
right_child=1 2 8 5 -6 15 -8 9 -10 10 -12 12 -14 14 -16 18 17 19 -20 -21 -22 -23 23 -25 -26 -27 -28 28 -30 -31
leaf_value=-0.010387975727207959 -0.0029196848798266864 0.00054815149712225599 -0.0022477101900611782 0.0046661323667157792 0.0037401307457526228 -0.0038706413770126084 -0.0025904544793944606 0.0063031000186483032 0.0012292848661853866 -0.0013453499694049105 0.0063528729093745217 -0.0036674555450141103 0.00024370781241794554 0.0023581727482099983 -0.0014577612435107922 -0.00028342929240279487 0.00042565701026469471 0.012406278573705451 -0.0017630179615580434 0.0033617578400298958 0.00022912946157528961 -0.0078335351936904534 0.0080689636441186458 -0.0015971298888325693 0.0006526277338863057 0.00085420992958691274 0.00061103534989933109 0.003133630013640819 0.0059777696636583973 -0.0070419862547091081
leaf_weight=50 1819 4495 1255 74 1215 59 1669 131 774 107 277 203 1333 1973 243 3175 125 46 1753 60 658 29 78 30 117 174 57 74 166 35
leaf_count=50 1819 4495 1255 74 1215 59 1669 131 774 107 277 203 1333 1973 243 3175 125 46 1753 60 658 29 78 30 117 174 57 74 166 35
internal_value=-3.31953e-12 -0.000458783 0.000427735 -0.00144445 0.00229169 -0.00105896 -0.00228237 0.00104318 -0.000642087 0.00232994 0.00393554 -0.00116106 -0.000273197 0.0015869 0.00193973 -0.000650292 0.00205943 0.00357403 -0.000809752 0.00728674 0.00116206 0.000608427 0.000661613 0.00538394 0.00363735 -0.00119551 -0.00452869 0.00218266 0.00355538 -0.00013377
internal_weight=22254 18542 9762 8780 3712 6961 1743 6197 3565 1565 659 2791 1536 2497 2216 5218 290 231 4928 106 906 4632 4603 108 248 281 107 382 275 109
internal_count=22254 18542 9762 8780 3712 6961 1743 6197 3565 1565 659 2791 1536 2497 2216 5218 290 231 4928 106 906 4632 4603 108 248 281 107 382 275 109
is_linear=0
shrinkage=0.05


Tree=38
num_leaves=31
num_cat=0
split_feature=13 1 13 28 9 1 14 22 15 24 1 17 22 24 9 12 24 11 27 23 8 1 22 6 23 3 8 20 14 8
split_gain=8.61035 6.04321 1.81284 1.5166 1.40548 1.23873 1.19559 1.10438 1.08827 1.04327 1.00214 0.985389 0.94445 0.901407 0.88473 0.915784 0.874997 0.845006 1.16967 0.968117 0.952875 0.910933 1.06987 0.825052 0.788466 1.14143 0.786789 0.777908 0.971855 0.8727
threshold=-0.46916666666666712 2.5000000000000004 1.2083333333333337 5.5000000000000009 6.6650000000000009 4.5000000000000009 0.003283333333333333 1.0650000000000002 -0.044999999999999991 -0.086666666666666434 1.5000000000000002 5.5000000000000009 -1.9999999999999996 -0.080833333333333521 5.8650000000000011 0.41455000000000003 0.1000000000000001 0.29280000000000006 0.055000000000000167 7.0150000000000006 0.29695000000000005 1.5000000000000002 -0.995 0.17500000000000002 6.9050000000000011 31.500000000000004 0.38500000000000001 0.80999999999999994 -0.12803333333333325 0.29340000000000005
decision_type=2 2 2 2 2 2 2 2 2 2 2 2 2 2 2 2 2 2 2 2 2 2 2 2 2 2 2 2 2 2
left_child=3 4 5 9 10 6 -3 8 -8 -1 11 23 24 -12 15 -9 -5 21 20 -20 -19 22 -14 -2 -11 -26 -16 -7 -29 -30
right_child=1 2 -4 16 -6 27 7 14 -10 12 13 -13 17 -15 26 -17 -18 18 19 -21 -22 -23 -24 -25 25 -27 -28 28 29 -31
leaf_value=-0.0045715198335708048 0.0031700300824663748 -0.00060093943370140919 0.0013387981542319237 -0.002931252709615462 0.0034194207746681155 -0.0016206029427926968 -0.0099784073643386373 0.0025940462281590607 0.00054535987811013336 -0.0026313350553219673 -0.00550671752425842 -0.0003494985907793168 0.0060123125548125246 0.00091989529861895346 0.011791376216206118 -0.0046267431091379235 0.0061415880125153949 0.0012036162379988752 -0.0016644157262418946 -0.01101021203910932 -0.0016024669259542164 -0.0021537906871604193 -0.0020669606034754823 0.00059556604389495935 -0.0029240713518595808 0.0035083262768329671 0.0040465809042971061 -0.0044027806797300797 0.0034392624771878324 -0.00026815929258459839
leaf_weight=203 1589 2364 1779 1685 1248 2426 25 235 1415 1084 56 314 80 2126 40 54 27 1469 363 30 381 974 84 387 135 141 182 121 187 1050
leaf_count=203 1589 2364 1779 1685 1248 2426 25 235 1415 1084 56 314 80 2126 40 54 27 1469 363 30 381 974 84 387 135 141 182 121 187 1050
internal_value=-4.43665e-12 0.000642464 -0.000106452 -0.00150558 0.00193578 -0.000423911 0.000155155 0.0010713 0.000362656 -0.00106145 0.00152174 0.00225237 -0.000911156 0.000754959 0.00306828 0.00124483 -0.00278816 -0.000463575 9.94575e-05 -0.00237784 0.000625715 -0.00157331 0.00187415 0.00266582 -0.00202386 0.000362045 0.00544204 -0.00108423 -0.000126039 0.0002923
internal_weight=22254 15598 9878 6656 5720 8099 4315 1951 1440 4944 4472 2290 4741 2182 511 289 1712 3381 2243 393 1850 1138 164 1976 1360 276 222 3784 1358 1237
internal_count=22254 15598 9878 6656 5720 8099 4315 1951 1440 4944 4472 2290 4741 2182 511 289 1712 3381 2243 393 1850 1138 164 1976 1360 276 222 3784 1358 1237
is_linear=0
shrinkage=0.05


Tree=39
num_leaves=31
num_cat=0
split_feature=16 28 28 13 21 1 17 15 14 24 24 22 0 0 27 11 11 11 5 23 8 3 11 13 20 8 2 13 12 9
split_gain=7.90862 4.2515 2.74052 1.57152 1.29082 1.2074 0.987673 0.984865 0.972435 0.97004 0.954867 0.948364 0.913959 0.873167 0.91509 0.893673 0.849352 0.834838 0.792514 0.778011 0.912965 0.771078 0.924392 0.761778 0.741164 1.03439 0.893698 0.803975 0.905971 0.727747
threshold=2.5000000000000004 3.5000000000000004 2.5000000000000004 -0.77583333333333349 -1.0000000180025095e-35 1.5000000000000002 3.5000000000000004 0.021666666666666657 0.098224999999999965 -0.052666666666665744 0.05333333333333324 2.8150000000000008 14.500000000000002 2.5000000000000004 0.064999999999999961 0.27795000000000009 0.41204999999999997 0.34220000000000006 1.5000000000000002 6.8350000000000009 0.11659999999999997 26.500000000000004 0.40245000000000003 1.6633333333333338 1.7600000000000007 0.49090000000000006 3.5000000000000004 0.35749999999999998 0.31235000000000007 4.0650000000000004
decision_type=2 2 2 2 2 2 2 2 2 2 2 2 2 2 2 2 2 2 2 2 2 2 2 2 2 2 2 2 2 2
left_child=2 5 9 -3 6 8 12 -6 13 -1 24 -8 21 29 16 -16 -15 -17 -12 20 -5 22 -4 -11 25 26 -7 28 -28 -2
right_child=1 3 4 19 7 10 11 -9 -10 23 18 -13 -14 14 15 17 -18 -19 -20 -21 -22 -23 -24 -25 -26 -27 27 -29 -30 -31
leaf_value=-0.00098636173474181822 -0.0081509062948281925 -0.0023820536298270905 -0.0088433834580847852 0.010216758991591633 -0.00062906596970258792 -0.00061223209458822515 -0.00048105016406126854 0.0023776716117698033 0.0041932945525331887 0.0023582533565326899 0.0024840095256625913 0.003294767924006234 0.00072343776025915669 0.0020788002273862262 0.0017752377064350776 -0.010578974314211381 -0.0021365015710188978 -0.0014490452384756458 -0.0072473001073707233 -0.0017285607149427344 -0.00050098303598740228 0.0041863862183681285 0.00414017698213715 0.0045257992744464695 0.0036043668207379857 -0.0051125144416969198 0.0043890463938336521 0.0068636396680684655 -0.0012326239854328991 -0.00070460667880252014
leaf_weight=186 42 2934 26 20 2097 3860 785 313 248 2280 427 211 438 1262 85 42 132 62 22 1854 3046 604 29 493 112 119 114 68 193 150
leaf_count=186 42 2934 26 20 2097 3860 785 313 248 2280 427 211 438 1262 85 42 132 62 22 1854 3046 604 29 493 112 119 114 68 193 150
internal_value=-2.40309e-15 -0.000669469 0.0013271 -0.00146618 0.000550347 0.000232426 0.00145874 -0.000238564 0.00126054 0.00250915 -0.000190743 0.000318847 0.00249369 0.000850781 0.001237 -0.00202784 0.00167965 -0.00513613 0.0020072 -0.000920002 -0.00043107 0.00367028 -0.00199751 0.00274361 -0.000411718 -0.000515026 -0.00038584 0.00194449 0.000854902 -0.00233348
internal_weight=22254 14792 7462 7854 4503 6938 2093 2410 2023 2959 4915 996 1097 1775 1583 189 1394 104 449 4920 3066 659 55 2773 4466 4354 4235 375 307 192
internal_count=22254 14792 7462 7854 4503 6938 2093 2410 2023 2959 4915 996 1097 1775 1583 189 1394 104 449 4920 3066 659 55 2773 4466 4354 4235 375 307 192
is_linear=0
shrinkage=0.05


Tree=40
num_leaves=31
num_cat=0
split_feature=13 1 9 22 27 10 9 27 9 14 0 25 8 27 17 23 22 1 14 23 0 15 20 4 14 28 3 12 20 0
split_gain=7.14143 4.99646 1.5552 1.46155 1.36028 1.35591 1.20888 1.18152 1.04997 0.934453 0.922575 0.891014 0.859845 0.859537 0.842449 1.23129 0.904637 0.826474 0.796488 1.06573 0.79444 0.793628 0.786985 0.771421 0.764476 0.762459 1.4078 0.756997 0.834119 0.721613
threshold=-0.46916666666666712 2.5000000000000004 6.7650000000000006 2.7550000000000012 -0.044999999999999922 1.0000000180025095e-35 6.6650000000000009 -0.020000000000000014 6.8550000000000013 -0.0017500000000000291 17.500000000000004 4.5000000000000009 0.4391500000000001 0.055000000000000167 1.5000000000000002 6.6250000000000009 0.27499999999999997 1.5000000000000002 0.12182500000000003 6.6050000000000013 4.5000000000000009 0.048333333333333353 -0.37499999999999994 47.500000000000007 -0.042899999999999959 1.5000000000000002 25.500000000000004 0.38975000000000004 0.80999999999999994 3.5000000000000004
decision_type=2 2 2 2 2 2 2 2 2 2 2 2 2 2 2 2 2 2 2 2 2 2 2 2 2 2 2 2 2 2
left_child=5 6 4 8 27 25 9 10 -4 20 -7 12 -10 -11 15 -6 -17 -12 19 -9 22 29 24 -20 -2 26 -1 -3 -29 -16
right_child=1 2 3 -5 14 7 -8 18 11 13 17 -13 -14 -15 21 16 -18 -19 23 -21 -22 -23 -24 -25 -26 -27 -28 28 -30 -31
leaf_value=-0.0075720429858192806 -0.0012048381550068205 0.00027106514268006201 0.0045022925494510964 0.0051734163232205078 0.011035872343927623 -0.00054218487355985295 0.0031370530211636202 0.0087911417416762557 0.0036006066909832291 0.0024992702227832294 0.0079624177193777131 -0.001725286075492881 0.00018201651107070273 -0.000266494897090176 0.00086304274448385115 -0.00083263802170079114 0.0020100396687907991 0.0013449806879914129 0.0099196194247765986 -0.001782910845676115 0.0010159351456526149 0.0075698180693305195 -0.00067440044163365144 0.0002250548680436981 -0.014241998966621316 -0.0029977679300568446 0.0069120548482911257 0.00093716240183591617 0.0054842530486050502 -0.0012058034452699822
leaf_weight=25 22 1236 164 211 27 1133 1248 24 252 1922 55 396 681 329 462 743 449 332 22 3341 1931 27 245 305 23 1368 51 257 166 4807
leaf_count=25 22 1236 164 211 27 1133 1248 24 252 1922 55 396 681 329 462 743 449 332 22 3341 1931 27 245 305 23 1368 51 257 166 4807
internal_value=-9.03049e-12 0.000585101 -9.58724e-05 0.0012782 -0.00038232 -0.00137115 0.00176109 -0.000995524 0.000727709 0.0013771 0.000177744 0.000261921 0.00110537 0.00209503 -0.000707807 0.000477298 0.000238136 0.00228544 -0.00147856 -0.00170749 0.000649469 -0.000980587 -0.00179069 0.000877289 -0.00786828 -0.00272696 0.00214755 0.000895885 0.0027216 -0.0010244
internal_weight=22254 15598 9878 1704 8174 6656 5720 5212 1493 4472 1520 1329 933 2251 6515 1219 1192 387 3692 3365 2221 5296 290 327 45 1444 76 1659 423 5269
internal_count=22254 15598 9878 1704 8174 6656 5720 5212 1493 4472 1520 1329 933 2251 6515 1219 1192 387 3692 3365 2221 5296 290 327 45 1444 76 1659 423 5269
is_linear=0
shrinkage=0.05


Tree=41
num_leaves=31
num_cat=0
split_feature=9 28 28 24 10 20 9 14 13 12 0 16 8 2 13 21 14 8 27 14 19 7 23 12 26 15 9 4 23 11
split_gain=6.65032 3.54622 2.64155 1.89361 1.19897 1.22102 1.09051 1.0159 1.00049 0.962877 0.960696 0.901993 1.46685 0.952698 0.879008 0.854916 0.807379 1.34077 0.914218 0.930801 0.804568 0.796973 0.846566 0.785801 1.09621 1.2011 0.848139 0.780437 0.775245 0.757551
threshold=5.0550000000000006 4.5000000000000009 3.5000000000000004 0.028333333333333769 0.31465000000000004 -0.69000000000000006 6.7650000000000006 0.08818333333333335 1.3966666666666672 0.32360000000000005 1.5000000000000002 4.5000000000000009 0.24750000000000003 2.5000000000000004 -0.52166666666666617 -0.014999999999999998 0.0096166666666667473 0.52680000000000005 -0.029999999999999801 -0.0041750000000000112 -0.044999999999999991 3.0650000000000004 6.7650000000000006 0.30455000000000004 -0.024999999999999908 0.01999999999999998 6.7150000000000007 58.500000000000007 6.8650000000000011 0.75595000000000012
decision_type=2 2 2 2 2 2 2 2 2 2 2 2 2 2 2 2 2 2 2 2 2 2 2 2 2 2 2 2 2 2
left_child=2 3 4 8 5 20 9 21 16 -3 -6 12 -4 -14 -11 28 17 23 -19 -20 -1 22 -7 24 25 -2 -25 29 -12 -18
right_child=1 6 11 -5 10 7 -8 -9 -10 14 15 -13 13 -15 -16 -17 27 18 19 -21 -22 -23 -24 26 -26 -27 -28 -29 -30 -31
leaf_value=0.0067212762578171409 -0.0049576453380369111 -0.0020267106510752828 0.0011830549095297922 0.0024821474494034581 -0.012228962703822899 -0.013175251580436122 0.0011218301386266474 0.0031309648580833157 0.00235550963692847 -0.0032248766154619711 0.0060872149688182206 -0.0021980225891630196 -0.0025735352174226511 0.00012040376827060758 0.00030694597167588579 -0.0037372998407672721 0.0016246878489781747 -0.010242784436171255 -0.00029002374602418583 -0.011492400345477192 -0.0010491283760816019 0.00055483790658284002 3.7867334429864534e-05 -0.00079169958199521058 0.0020013810141355213 0.0071536430642008784 0.0019223276844156354 -0.0069079750084451268 -0.0050401878421721252 -0.006383283028650719
leaf_weight=34 113 1255 612 2542 26 22 774 407 940 203 49 3368 1033 481 1333 222 1897 45 118 22 1649 2136 27 1522 963 25 355 28 23 30
leaf_count=34 113 1255 612 2542 26 22 774 407 940 203 49 3368 1033 481 1333 222 1897 45 118 22 1649 2136 27 1522 963 25 355 28 23 30
internal_value=-5.79949e-12 0.000787146 -0.000949116 0.00133678 -6.44549e-05 0.000156518 -0.00053877 0.000837424 0.000856178 -0.000999288 -0.00301651 -0.00168902 -0.000882652 -0.00171767 -0.000159825 -0.00220181 0.000580802 8.70805e-05 -0.00404314 -0.0020504 -0.000892151 0.000410206 -0.00589455 0.000343659 0.00140414 -0.00276357 -0.000278391 0.0013796 0.00253263 0.00150002
internal_weight=22254 12165 10089 8600 4595 4275 3565 2592 6058 2791 320 5494 2126 1514 1536 294 5118 3163 185 140 1683 2185 49 2978 1101 138 1877 1955 72 1927
internal_count=22254 12165 10089 8600 4595 4275 3565 2592 6058 2791 320 5494 2126 1514 1536 294 5118 3163 185 140 1683 2185 49 2978 1101 138 1877 1955 72 1927
is_linear=0
shrinkage=0.05


Tree=42
num_leaves=31
num_cat=0
split_feature=16 28 28 13 21 14 9 20 24 0 10 14 14 9 3 22 20 9 25 12 15 10 12 20 12 22 20 19 3 12
split_gain=6.14385 3.1952 2.197 1.16772 1.16652 1.0667 0.879379 0.855726 0.848708 1.88094 0.82225 0.847598 0.893142 1.07926 0.827306 0.944288 0.845589 0.920002 0.855833 0.877499 0.810428 0.807191 0.805586 0.90949 0.842589 0.798436 0.745358 1.1223 0.838215 0.735644
threshold=2.5000000000000004 3.5000000000000004 1.5000000000000002 -0.77583333333333349 -1.0000000180025095e-35 -0.026108333333333286 7.4150000000000009 -0.22500000000000006 -0.024999999999999908 19.500000000000004 0.63550000000000006 0.081191666666666676 -0.013549999999999977 4.3550000000000013 40.500000000000007 -2.3199999999999994 1.1300000000000003 5.9650000000000007 5.5000000000000009 0.36925000000000002 0.029999999999999982 0.57550000000000012 0.38480000000000009 -0.37499999999999994 0.3735 1.8600000000000003 1.4950000000000001 -0.030000000000000002 49.500000000000007 0.10959999999999996
decision_type=2 2 2 2 2 2 2 2 2 2 2 2 2 2 2 2 2 2 2 2 2 2 2 2 2 2 2 2 2 2
left_child=2 5 -1 -3 8 20 21 22 9 -4 11 12 13 -9 15 -14 18 -18 -16 -20 26 -6 24 25 -7 -24 27 -2 29 -29
right_child=1 3 4 -5 6 7 -8 10 -10 -11 -12 -13 14 -15 16 -17 17 -19 19 -21 -22 -23 23 -25 -26 -27 -28 28 -30 -31
leaf_value=0.0027485940271114503 -0.0063413191575219258 -0.0020702354391254115 0.0010580933885552476 -0.00080994179848684284 -2.55460194608545e-05 0.00016365391229348982 0.0028944773710148086 -0.001321981612366075 0.0019375156029647002 -0.0059443424814258168 0.010187939018494664 0.0029196098133360601 -0.0086540147368060916 0.0058439345114939612 0.0027429200442651673 -0.00055707348541972086 -0.0077155013064232961 0.0041131488233804711 -0.0060831571190521636 0.0051227833814918994 0.0046244668308645489 -0.0035558690005076266 -0.0017596566946007511 -0.010127534390231896 0.0046074363488056089 0.0078010489273330451 0.0046156596813705713 0.0037232070906549441 -0.002202095373144745 -0.00038311664258469744
leaf_weight=1701 91 2934 604 4920 2527 1473 242 78 2101 114 26 564 38 161 544 687 48 25 58 25 72 173 432 31 115 23 63 117 658 1609
leaf_count=1701 91 2934 604 4920 2527 1473 242 78 2101 114 26 564 38 161 544 687 48 25 58 25 72 173 432 31 115 23 63 117 658 1609
internal_value=3.04996e-12 -0.000590066 0.00116969 -0.00128075 0.000703506 0.000191803 7.05078e-06 0.000673253 0.00143035 -5.3714e-05 0.00134766 0.0012445 0.000676729 0.00350527 0.000202328 -0.000981465 0.0014284 -0.00366459 0.00202136 -0.00270787 -0.000606556 -0.000251748 -5.96836e-05 -0.00184095 0.000485464 -0.00127637 -0.000754953 -0.00089166 -0.00068364 -0.000104762
internal_weight=22254 14792 7462 7854 5761 6938 2942 4328 2819 718 2254 2228 1664 239 1425 725 700 73 627 83 2610 2700 2074 486 1588 455 2538 2475 2384 1726
internal_count=22254 14792 7462 7854 5761 6938 2942 4328 2819 718 2254 2228 1664 239 1425 725 700 73 627 83 2610 2700 2074 486 1588 455 2538 2475 2384 1726
is_linear=0
shrinkage=0.05


Tree=43
num_leaves=31
num_cat=0
split_feature=9 28 28 24 22 14 3 12 9 13 12 3 20 22 11 15 26 3 13 1 13 24 25 0 10 22 23 0 23 4
split_gain=5.6121 3.00307 2.15966 1.63138 1.12234 1.03465 1.06258 0.96074 0.952959 0.877914 0.868594 0.863159 1.69819 0.897886 1.0047 1.47802 0.858302 1.00329 0.763328 0.760553 0.753947 0.769042 0.780316 0.753471 0.737509 0.788548 0.724664 0.720686 0.716189 0.714252
threshold=5.0550000000000006 4.5000000000000009 3.5000000000000004 0.028333333333333769 -1.9999999999999996 0.029066666666666647 61.500000000000007 0.55780000000000018 6.7650000000000006 1.8925000000000003 0.32360000000000005 52.500000000000007 0.59999999999999998 -0.85499999999999987 0.30130000000000007 -0.0099999999999999863 0.020000000000000021 58.500000000000007 -0.52166666666666617 1.5000000000000002 -2.7591666666666659 0.068333333333332927 1.5000000000000002 14.500000000000002 0.31605 1.1700000000000008 6.8550000000000013 5.5000000000000009 7.0250000000000012 46.500000000000007
decision_type=2 2 2 2 2 2 2 2 2 2 2 2 2 2 2 2 2 2 2 2 2 2 2 2 2 2 2 2 2 2
left_child=2 3 4 9 26 7 19 11 10 16 -3 24 13 -13 -15 -16 17 29 -12 -7 -4 -22 23 -23 25 -6 -1 -26 -5 -2
right_child=1 8 20 28 5 6 -8 -9 -10 -11 18 12 -14 14 15 -17 -18 -19 -20 -21 21 22 -24 -25 27 -27 -28 -29 -30 -31
leaf_value=-0.0028937870176894732 -0.0022276205601359212 -0.001903381440790247 -0.0032540750747303603 0.0023967585964100816 -0.0002046863186586247 0.0034163445598284596 -0.0097914830204986411 0.0070682496341421862 0.0010552786722239612 0.0031917124548047297 -0.0029865064197151093 0.0020527463205063999 -0.01225264295765267 -0.006113791073596022 -0.0055412557077943354 0.0068033702031243598 -0.00012492464621770844 0.0068103584203575004 0.00030472324913509462 0.00079464210132746023 -0.001491898643724808 -0.0022535253849883491 0.0093106338754296303 0.0033025174017023784 -0.010643424800243871 0.0028077022854704412 0.00047775723919014391 -0.001710792380218467 -0.004431481286883354 0.001165327994003173
leaf_weight=514 163 1255 575 2503 1658 387 21 43 774 356 203 118 41 134 49 48 2259 76 1333 970 4647 130 27 115 29 250 231 102 39 3204
leaf_count=514 163 1255 575 2503 1658 387 21 43 774 356 203 118 41 134 49 48 2259 76 1333 970 4647 130 27 115 29 250 231 102 39 3204
internal_value=-5.3323e-12 0.000723097 -0.000871888 0.0012289 -7.19803e-05 0.000271765 0.0013696 -0.000340215 -0.000497061 0.000782806 -0.000927556 -0.000471365 -0.00262652 -0.00149566 -0.00330826 0.000567425 0.000632408 0.0011293 -0.00013025 0.00154232 -0.0015409 -0.00134065 0.00124345 0.000354413 -5.91488e-05 0.000190019 -0.00184838 -0.00368825 0.002292 0.00100107
internal_weight=22254 12165 10089 8600 4595 3850 1378 2472 3565 6058 2791 2429 390 349 231 97 5702 3443 1536 1357 5494 4919 272 245 2039 1908 745 131 2542 3367
internal_count=22254 12165 10089 8600 4595 3850 1378 2472 3565 6058 2791 2429 390 349 231 97 5702 3443 1536 1357 5494 4919 272 245 2039 1908 745 131 2542 3367
is_linear=0
shrinkage=0.05


Tree=44
num_leaves=31
num_cat=0
split_feature=16 28 28 24 2 7 12 10 7 7 21 14 2 4 8 17 0 0 10 9 9 22 14 20 3 12 10 9 23 27
split_gain=5.15212 2.66393 1.8639 1.45266 1.20218 1.23724 1.20756 1.11004 1.02328 1.0174 1.01366 1.00918 0.988205 1.14156 1.09971 0.980273 0.907591 0.905326 0.923538 1.15659 0.904882 0.87164 0.956964 0.862681 1.23498 0.981336 0.887674 0.850064 0.848065 0.933726
threshold=2.5000000000000004 4.5000000000000009 1.5000000000000002 -0.064999999999998156 2.5000000000000004 5.6650000000000009 0.25750000000000006 0.24669999999999997 5.455000000000001 6.455000000000001 -1.0000000180025095e-35 0.04112500000000003 3.5000000000000004 55.500000000000007 0.40835000000000005 1.5000000000000002 3.5000000000000004 3.5000000000000004 0.17770000000000005 4.245000000000001 4.9450000000000012 -1.8799999999999994 -0.06079999999999993 -0.18000000000000035 28.500000000000004 0.36595000000000005 0.47505000000000003 1.385 6.8750000000000009 0.069999999999999854
decision_type=2 2 2 2 2 2 2 2 2 2 2 2 2 2 2 2 2 2 2 2 2 2 2 2 2 2 2 2 2 2
left_child=2 3 -1 9 5 7 -7 17 15 16 -4 20 13 -10 -14 -6 -2 -5 19 -19 -8 22 -9 24 -16 -26 -27 -3 29 -24
right_child=1 27 10 4 8 6 11 21 12 -11 -12 -13 14 -15 23 -17 -18 18 -20 -21 -22 -23 28 -25 25 26 -28 -29 -30 -31
leaf_value=0.0025254233781257822 0.00070164985493493257 -0.0029045859032886673 0.001319290453096713 -0.0034426251123191955 0.0059180797882586846 -0.012043325676003823 -0.0099813529872335507 -0.0066035715668034322 5.0569191451128507e-05 0.0071243790809863393 -7.4793850002162083e-06 0.0037199305101925997 0.0045103959144574719 -0.0048024201513581447 0.0076237635811169952 0.001583545304012115 -0.0036179613429259032 -0.00013453141980055002 -0.001569588257242272 0.004396813355722568 -0.0017536691008982334 0.0011414608175295323 -0.0006633072790573351 0.0019114835951899427 -0.00029418104139780155 -0.01288997375000364 -0.0026359362588466509 -0.0011586047729847705 0.0048460854697623297 -0.011994119863957167
leaf_weight=1701 159 822 2819 274 174 37 48 74 994 28 2942 53 248 138 30 521 517 1769 1141 153 110 1982 200 444 118 39 46 4589 64 20
leaf_count=1701 159 822 2819 274 174 37 48 74 994 28 2942 53 248 138 30 521 517 1769 1141 153 110 1982 200 444 118 39 46 4589 64 20
internal_value=2.82239e-12 -0.000540348 0.00107114 -3.07444e-05 0.000146482 -0.000254615 -0.00371151 -0.0001036 0.00101004 -0.00221512 0.000641742 -0.00225048 0.000449609 -0.00054105 0.00166196 0.00266874 -0.00260196 -0.000689078 -0.00044276 0.000226184 -0.00425322 0.000731332 -0.00153927 0.000618517 -0.00184533 -0.00324471 -0.00734073 -0.00142384 -0.000219699 -0.00169338
internal_weight=22254 14792 7462 9381 8677 5925 248 5677 2752 704 5761 211 2057 1132 925 695 676 3337 3063 1922 158 2340 358 677 233 203 85 5411 284 220
internal_count=22254 14792 7462 9381 8677 5925 248 5677 2752 704 5761 211 2057 1132 925 695 676 3337 3063 1922 158 2340 358 677 233 203 85 5411 284 220
is_linear=0
shrinkage=0.05


Tree=45
num_leaves=31
num_cat=0
split_feature=28 9 28 24 7 14 26 0 24 23 22 3 24 0 0 9 30 20 7 24 9 0 11 22 8 15 8 20 24 7
split_gain=4.75987 3.36377 1.5025 1.08914 1.11982 0.992584 1.19612 0.939622 0.913852 0.917747 0.841817 0.814418 1.08504 0.912243 0.992661 0.918917 0.788978 0.735346 0.709924 0.679223 0.670833 0.808955 0.705453 0.668193 1.21192 0.987336 0.691496 1.02503 0.920879 0.887028
threshold=1.5000000000000002 5.0550000000000006 5.5000000000000009 -0.033333333333332764 2.9250000000000003 0.0023916666666666257 -0.055000000000000153 3.5000000000000004 -0.065000000000000821 6.8350000000000009 -0.11000000000000008 22.500000000000004 -0.0049999999999994485 14.500000000000002 18.500000000000004 3.7950000000000004 -1.0000000180025095e-35 1.115 6.3150000000000004 -0.0033333333333316335 5.1550000000000011 1.5000000000000002 0.34300000000000003 -1.9999999999999996 0.10650000000000001 -0.015833333333333335 0.29695000000000005 0.68000000000000005 0.10249999999999961 4.6850000000000014
decision_type=2 2 2 2 2 2 2 2 2 2 2 2 2 2 2 2 2 2 2 2 2 2 2 2 2 2 2 2 2 2
left_child=7 3 5 -2 -5 -3 17 20 9 -9 16 12 -6 15 -15 -14 -8 -7 -10 -4 22 -22 -1 -13 25 -25 27 28 -26 -28
right_child=1 2 19 4 11 6 10 8 18 -11 -12 23 13 14 -16 -17 -18 -19 -20 -21 21 -23 -24 24 26 -27 29 -29 -30 -31
leaf_value=-0.0076160484493781131 -0.0019684615913396833 0.0001058715178097204 -0.0020900216648600512 -0.0023609981523333625 -0.0029541383026006783 0.0016208544417641798 0.0082417683035600937 -0.011798675680025059 0.0015626554503718323 -0.00025172384177287452 0.0012749455391119311 -0.0022086177759346355 -0.0024151560192473848 0.012873262725770475 0.0034112928894897685 0.007519357928046675 -0.00097065890599204528 0.0047641066296486454 0.0031713624600273487 -5.5530525400957663e-05 0.0039238065237749637 -0.001518871604621606 -0.00028631714628096923 -0.0013527986342523946 -0.00048580313697190337 0.0098098019576774772 -0.0088609442727542228 0.0028446607684652326 0.0056803770979205453 -0.001134399780060891
leaf_weight=59 2313 4593 817 881 81 430 24 22 2202 79 2011 569 79 43 78 33 735 328 996 824 118 162 74 32 2588 52 38 279 62 1652
leaf_count=59 2313 4593 817 881 81 430 24 22 2202 79 2011 569 79 43 78 33 735 328 996 824 118 162 74 32 2588 52 38 279 62 1652
internal_value=-6.18627e-12 -0.000327182 0.000311498 -0.00103729 -0.000704251 0.000590339 0.00122105 0.00163432 0.00191579 -0.0027669 0.000739453 -0.000442957 0.00203085 0.00376383 0.00677381 0.000511978 -0.000679357 0.002981 0.00206368 -0.00106844 -0.000614001 0.000774828 -0.00353785 -0.000590296 -0.000394501 0.00555738 -0.000502741 -3.80385e-05 -0.000341538 -0.00130813
internal_weight=22254 18542 9762 8780 6467 8121 3528 3712 3299 101 2770 5586 314 233 121 112 759 758 3198 1641 413 280 133 5272 4703 84 4619 2929 2650 1690
internal_count=22254 18542 9762 8780 6467 8121 3528 3712 3299 101 2770 5586 314 233 121 112 759 758 3198 1641 413 280 133 5272 4703 84 4619 2929 2650 1690
is_linear=0
shrinkage=0.05


Tree=46
num_leaves=31
num_cat=0
split_feature=1 9 2 13 8 0 24 11 28 15 24 24 12 14 14 13 3 23 15 8 11 16 25 11 3 14 24 8 18 22
split_gain=4.34774 2.3748 1.76039 1.19416 1.57608 1.01498 1.15124 0.998829 0.978893 0.911471 0.891613 0.870813 1.10389 1.04412 1.05564 0.877995 0.797661 0.775295 0.73528 0.719828 0.710472 0.709419 0.707873 0.73148 0.70525 0.696148 0.808644 0.760534 0.89834 0.665195
threshold=2.5000000000000004 5.0850000000000009 2.5000000000000004 0.54000000000000059 0.41850000000000004 2.5000000000000004 0.066666666666666888 0.29185000000000005 5.5000000000000009 0.01999999999999998 -0.069999999999998938 -0.036666666666666618 0.42820000000000008 0.090216666666666737 0.071341666666666623 -0.68333333333333324 21.500000000000004 6.8150000000000004 -0.028333333333333332 0.41850000000000004 0.29045000000000004 5.5000000000000009 5.5000000000000009 0.47105000000000002 60.500000000000007 -0.038466666666666698 0.0033333333333325226 0.48710000000000003 3.5000000000000004 -0.79499999999999982
decision_type=2 2 2 2 2 2 2 2 2 2 2 2 2 2 2 2 2 2 2 2 2 2 2 2 2 2 2 2 2 2
left_child=2 7 11 4 22 -5 9 10 -9 25 -2 12 17 14 16 -14 -13 18 -1 -10 -12 29 23 24 -3 26 27 28 -7 -16
right_child=1 3 -4 5 -6 6 -8 8 19 -11 20 13 15 -15 21 -17 -18 -19 -20 -21 -22 -23 -24 -25 -26 -27 -28 -29 -30 -31
leaf_value=0.002804449833153437 -0.0053470437333517067 0.00023956305082781967 0.0017011388373720838 0.0032803088486066459 -0.0018672620890984469 0.00024797406026934641 0.0038779658297014852 -0.00028153920652235941 -0.0016219328868719678 0.001536893430988817 -0.0015539714322414695 -0.0068394094215411885 -0.0034530496091714929 0.002789640335706672 0.0024100115498862209 0.0092278403253891524 0.0004651473172963248 -0.0010646611598368065 -0.006688066727399607 -0.0074083114084455047 -0.0069018140791740736 -0.012199016264639796 -0.0014716446196019087 0.0037453800810994032 0.0088594685153414801 0.00028828681050177058 0.00037619499890369944 -0.0063751109569333501 -0.0062088337223988347 -0.0061933509352559857
leaf_weight=24 183 2101 3996 367 1344 185 234 3414 1336 921 2098 38 21 428 39 39 2269 351 136 56 64 24 509 170 24 1353 276 125 76 53
leaf_count=24 183 2101 3996 367 1344 185 234 3414 1336 921 2098 38 21 428 39 39 2269 351 136 56 64 24 509 170 24 1353 276 125 76 53
internal_value=5.63984e-12 -0.000494177 0.000988354 0.000116043 -0.000459499 0.000791007 0.000502814 -0.00114997 -0.000737192 0.000233813 -0.00199593 0.000156008 -0.00162626 0.000512962 0.000110808 0.00478953 0.00034483 -0.00237958 -0.00526419 -0.00185472 -0.00171228 -0.00454339 0.000215263 0.000589396 0.000336917 -0.000361788 -0.00169042 -0.0031681 -0.00163217 -0.00254627
internal_weight=22254 14836 7418 7685 4148 3537 3170 7151 4806 2936 2345 3422 571 2851 2423 60 2307 511 160 1392 2162 116 2804 2295 2125 2015 662 386 261 92
internal_count=22254 14836 7418 7685 4148 3537 3170 7151 4806 2936 2345 3422 571 2851 2423 60 2307 511 160 1392 2162 116 2804 2295 2125 2015 662 386 261 92
is_linear=0
shrinkage=0.05


Tree=47
num_leaves=31
num_cat=0
split_feature=28 16 20 14 21 24 4 3 3 26 8 9 25 25 8 12 27 9 13 8 3 22 24 13 24 28 0 23 11 13
split_gain=4.03095 2.55154 1.3265 1.18542 0.868883 0.915009 0.872176 0.839748 1.21884 0.847945 0.825976 1.10945 1.15527 1.04138 0.974741 0.852256 0.793571 0.792377 0.775112 0.902073 0.94262 0.776369 0.752304 0.721317 0.704993 0.785489 0.882966 0.693983 0.76336 0.918294
threshold=4.5000000000000009 2.5000000000000004 0.80999999999999994 -0.026108333333333286 0.02 0.048333333333332458 48.500000000000007 49.500000000000007 60.500000000000007 -0.024999999999999908 0.37974999999999998 4.6750000000000007 5.5000000000000009 5.5000000000000009 0.28300000000000008 0.4321000000000001 -0.015000000000000123 4.0650000000000004 1.6900000000000002 0.442 50.500000000000007 0.55000000000000016 0.068333333333333815 -0.1783333333333332 0.11333333333333374 5.5000000000000009 1.5000000000000002 6.7650000000000006 0.14090000000000003 0.091666666666667021
decision_type=2 2 2 2 2 2 2 2 2 2 2 2 2 2 2 2 2 2 2 2 2 2 2 2 2 2 2 2 2 2
left_child=1 18 24 7 5 -5 -6 16 9 -9 11 15 -13 -12 -14 -8 27 -17 19 -1 -21 -22 -23 -7 25 26 -2 28 29 -3
right_child=2 3 -4 4 6 23 10 8 -10 -11 13 12 14 -15 -16 17 -18 -19 -20 20 21 22 -24 -25 -26 -27 -28 -29 -30 -31
leaf_value=0.0017836568985936871 0.0030289527555127484 0.00031604382949059504 0.00013688270417842576 0.0004932072409593889 -0.0032959779702710005 0.00078837874782139569 -0.00027159716357382039 -0.0060049308767858231 0.0059153017749928915 -0.0017708428221843151 -0.0040477108402498276 0.0032670006370321709 0.0013419986125379009 0.0071895332440086029 -0.0098692441697825085 -0.0010630457662045955 -0.00097435097957239067 -0.011876491017756053 0.0026565520573666474 0.00073732970256655615 -0.0066602981554090297 0.00042208068847968556 -0.009618933782691047 0.0042421288302734537 0.0035506482899007904 -0.0020207043079013064 -0.001027301309241258 0.0022162831411819423 -0.0013743521724756229 0.010817727117488782
leaf_weight=2230 142 68 2028 3558 246 289 657 140 46 761 199 425 47 23 33 36 1586 32 921 2051 77 167 21 317 72 2733 2431 472 416 30
leaf_count=2230 142 68 2028 3558 246 289 657 140 46 761 199 425 47 23 33 36 1586 32 921 2051 77 167 21 317 72 2733 2431 472 416 30
internal_value=-8.39802e-13 0.000475256 -0.000952822 -2.51094e-05 0.00041037 0.000799094 -0.000542897 -0.000750537 -0.00202344 -0.00242875 -7.64654e-05 0.000430169 0.00222943 -0.00288349 -0.00328264 -0.000823113 -0.00028186 -0.00615173 0.00133385 0.00106587 0.000374745 -0.00243152 -0.000699522 0.00259504 -0.00136374 -0.00143043 -0.000803443 0.000832026 -0.00043912 0.00353084
internal_weight=22254 14848 7406 9381 5862 4164 1698 3519 947 901 1452 1230 505 222 80 725 2572 68 5467 4546 2316 265 188 606 5378 5306 2573 986 514 98
internal_count=22254 14848 7406 9381 5862 4164 1698 3519 947 901 1452 1230 505 222 80 725 2572 68 5467 4546 2316 265 188 606 5378 5306 2573 986 514 98
is_linear=0
shrinkage=0.05


Tree=48
num_leaves=31
num_cat=0
split_feature=28 9 24 28 20 8 7 15 13 14 27 14 26 15 8 3 0 9 27 9 9 16 13 12 26 24 12 24 3 23
split_gain=3.81244 2.59144 1.2054 1.00937 0.984027 1.64207 1.03145 0.965212 0.918474 1.0068 0.935688 0.858913 0.836606 0.817718 0.809231 0.789787 0.786223 0.796811 0.954623 0.752355 0.706243 0.699642 0.763653 0.804992 0.696199 0.694869 0.685825 0.668969 0.66791 0.775659
threshold=1.5000000000000002 5.0850000000000009 -1.0000000180025095e-35 5.5000000000000009 1.0250000000000001 0.4391500000000001 6.1650000000000009 -0.023333333333333334 -2.2691666666666657 0.045958333333333358 -0.015000000000000123 0.11289166666666668 -0.12499999999999999 0.030000000000000009 0.58750000000000013 29.500000000000004 3.5000000000000004 6.1950000000000012 0.064999999999999961 6.4750000000000005 4.4350000000000014 4.5000000000000009 0.091666666666667021 0.28535000000000005 -0.055000000000000153 0.055000000000000167 0.76390000000000013 -0.10499999999999997 59.500000000000007 6.7150000000000007
decision_type=2 2 2 2 2 2 2 2 2 2 2 2 2 2 2 2 2 2 2 2 2 2 2 2 2 2 2 2 2 2
left_child=11 8 3 26 5 -4 -7 24 -2 10 -10 16 15 27 -9 -11 20 18 -18 -16 -1 22 23 -8 -6 -25 -3 -12 29 -14
right_child=1 2 4 -5 7 6 21 14 9 12 13 -13 28 -15 19 -17 17 -19 -20 -21 -22 -23 -24 25 -26 -27 -28 -29 -30 -31
leaf_value=-0.0055650420869186304 -0.0024742812300962043 0.00010212491837599484 0.001162149983887118 -0.0018451274880133168 0.0019450859515927734 -0.0059351723022431279 0.0011911728480342955 0.0022568530686403218 -0.00014293171602865952 0.010959836355794002 -0.0055127588109354737 0.0036420522378434062 -0.0017501011178937072 0.0026454205556744811 -0.0071294111065152614 0.00099955210268187029 0.0013010564475563141 0.0026741280773052959 -0.0021874541045394116 0.0011806274409932288 6.1188048827140272e-05 0.0046956674111160368 -0.00049268899721314249 -0.0099350660870021045 -0.0087311825708712692 -0.00053492266618247546 -0.008204772222787142 -0.0015222256049135831 -0.0052182106677598015 0.00064252286167065635
leaf_weight=67 849 4063 1873 847 26 108 42 1641 1814 34 108 403 430 115 45 48 1741 947 221 69 333 55 753 66 37 28 25 3810 60 1596
leaf_count=67 849 4063 1873 847 26 108 42 1641 1814 34 108 403 430 115 45 48 1741 947 221 69 333 55 753 66 37 28 25 3810 60 1596
internal_value=2.20228e-13 -0.000292815 0.000272883 -0.000274166 0.000842076 0.000274295 -0.00130646 0.00175559 -0.000910462 -0.000744812 -0.00108605 0.00146266 0.000175481 -0.00151025 0.00197387 0.00512943 0.00119723 0.00148302 0.00090811 -0.00209965 -0.000881205 -0.000776903 -0.00111548 -0.0045637 -0.0043251 -0.00713502 5.13244e-05 -0.00163222 -1.92568e-05 0.00013471
internal_weight=22254 18542 9678 4935 4743 2925 1052 1818 8864 8015 5847 3712 2168 4033 1755 82 3309 2909 1962 114 400 944 889 136 63 94 4088 3918 2086 2026
internal_count=22254 18542 9678 4935 4743 2925 1052 1818 8864 8015 5847 3712 2168 4033 1755 82 3309 2909 1962 114 400 944 889 136 63 94 4088 3918 2086 2026
is_linear=0
shrinkage=0.05


Tree=49
num_leaves=31
num_cat=0
split_feature=28 13 9 22 9 8 15 28 11 3 9 3 14 10 13 14 4 18 24 8 18 0 3 23 3 27 13 3 1 10
split_gain=3.44073 2.41198 1.25607 1.22737 1.09113 1.18207 1.06809 1.05763 0.800829 0.897669 0.793353 1.30717 0.775169 0.72992 0.722941 0.671079 0.640644 0.87904 0.77571 0.783033 0.68835 0.811955 0.770396 0.885712 0.63833 0.631104 0.616603 0.596259 0.595312 0.659628
threshold=1.5000000000000002 -0.66999999999999937 6.7650000000000006 2.515000000000001 6.8550000000000013 0.46539999999999998 0.046666666666666676 5.5000000000000009 0.51450000000000007 27.500000000000004 7.4150000000000009 50.500000000000007 0.11289166666666668 0.60925000000000018 0.83666666666666722 -0.092033333333333314 49.500000000000007 3.5000000000000004 0.065000000000000849 0.47260000000000008 5.5000000000000009 15.500000000000002 26.500000000000004 6.9250000000000007 22.500000000000004 -0.010000000000000229 -0.026666666666666835 54.500000000000007 2.5000000000000004 0.27675000000000005
decision_type=2 2 2 2 2 2 2 2 2 2 2 2 2 2 2 2 2 2 2 2 2 2 2 2 2 2 2 2 2 2
left_child=12 -2 6 4 -4 25 7 8 16 -10 13 15 14 -7 -1 -12 17 18 19 -3 21 -19 -22 -24 -9 26 -6 -16 -23 -30
right_child=1 2 3 -5 5 10 -8 24 9 -11 11 -13 -14 -15 27 -17 -18 20 -20 -21 22 28 23 -25 -26 -27 -28 -29 29 -31
leaf_value=0.00063385874660928021 -0.0012402358574211114 0.00021886557734570561 0.0041701278908164311 0.0041420592238498389 -0.0012477574719179591 -0.001216352009184197 0.0068030793734264574 0.0040447700463912706 0.0075244823623506823 0.0011716817094291503 -0.0035346977224454605 -0.0085777737083844851 0.0034599496274100383 -0.0063409302589966911 0.0025025483276271045 0.0029121452781351014 9.2794837072079843e-05 -0.0017349437667564767 0.0053734594891260892 -0.0048082344401498434 0.0058813948032641131 -0.00099846599623560901 -0.0049479924068835225 0.005080148656176584 -0.0014219587359457068 0.00080555572708886796 0.005348003527423326 -0.00284556807696142 -0.004166797630977436 -0.011279607840946743
leaf_weight=2260 4821 556 201 298 44 577 55 55 64 424 47 32 403 79 994 286 7862 218 62 90 43 40 76 31 1834 434 182 55 61 70
leaf_count=2260 4821 556 201 298 44 577 55 55 64 424 47 32 403 79 994 286 7862 218 62 90 43 40 76 31 1834 434 182 55 61 70
internal_value=-3.85364e-13 -0.000278174 5.9855e-05 0.00116058 0.000688484 0.000272178 -0.000148063 -0.000181348 3.1515e-05 0.00200484 -0.000793844 0.00107467 0.00138952 -0.00183349 0.00113737 0.00200223 -7.42025e-05 -0.00112708 3.12184e-05 -0.000481504 -0.00264855 -0.00375811 0.000228914 -0.00204264 -0.00126279 0.00192128 0.00406387 0.00222214 -0.00633734 -0.00796754
internal_weight=22254 18542 13721 2180 1882 1681 11541 11486 9597 488 1021 365 3712 656 3309 333 9109 1247 708 646 539 389 150 107 1889 660 226 1049 171 131
internal_count=22254 18542 13721 2180 1882 1681 11541 11486 9597 488 1021 365 3712 656 3309 333 9109 1247 708 646 539 389 150 107 1889 660 226 1049 171 131
is_linear=0
shrinkage=0.05


Tree=50
num_leaves=31
num_cat=0
split_feature=28 13 9 14 23 23 0 20 0 25 30 22 4 14 27 24 8 11 17 21 27 19 26 23 15 5 26 11 7 8
split_gain=3.1744 1.54464 1.39997 1.17272 0.98803 0.975774 1.071 0.857562 0.803647 0.876922 0.841947 0.815614 0.974368 0.807766 0.872157 1.32448 1.29443 1.01846 0.75212 0.834578 0.894136 0.79505 0.990805 1.01832 0.82678 0.801164 1.07755 0.798238 0.793196 0.739379
threshold=3.5000000000000004 0.55333333333333423 4.9650000000000007 -0.0090916666666666628 6.9450000000000012 7.0150000000000006 17.500000000000004 1.7600000000000007 2.5000000000000004 4.5000000000000009 -1.4999999999999998 1.0000000180025095e-35 51.500000000000007 -0.13164999999999999 0.024999999999999915 -0.025000000000000796 0.24660000000000001 0.27615000000000006 5.5000000000000009 -0.020000000000000007 -0.11499999999999976 -0.019999999999999993 -0.07499999999999972 6.8250000000000011 0.009166666666666658 1.5000000000000002 0.020000000000000021 0.27760000000000001 4.035000000000001 0.45315
decision_type=2 2 2 2 2 2 2 2 2 2 2 2 2 2 2 2 2 2 2 2 2 2 2 2 2 2 2 2 2 2
left_child=1 7 -2 -3 -5 6 29 18 11 10 -10 12 -4 -11 16 -16 -15 -17 21 -20 -21 22 23 -1 25 28 -27 -26 -23 -6
right_child=2 3 8 4 5 -7 -8 -9 9 13 -12 -13 -14 14 15 17 -18 -19 19 20 -22 24 -24 -25 27 26 -28 -29 -30 -31
leaf_value=4.0456816681068055e-05 -0.0011963119344204892 0.00043442466224901641 0.0058012854653255392 0.0024933378320471096 -0.0034552576097970212 0.0036343128254225452 -0.00029836317823667613 0.0055480102587440253 0.0081279258882260008 -0.0042147783923666094 0.00010490511966235319 0.0038598646815992117 -0.0012599257638539851 0.0043758933064527812 -0.00027057627730994824 -0.0030793857877142727 -0.0025096952890305765 0.010005238861877248 0.0020264798505721911 0.0069813806247631359 -0.0021055871539597411 -0.00099347452273123031 -0.0019002873187874182 0.013023000259114348 0.0046803963414859028 -0.0071116052766640988 0.0054727795279838828 0.0011053742580341432 0.00067930781998663163 -0.015866429791397726
leaf_weight=44 5199 1791 60 2000 24 69 84 73 33 196 3598 249 263 75 608 20 759 58 171 28 816 891 626 23 200 75 22 712 3463 24
leaf_count=44 5199 1791 60 2000 24 69 84 73 33 196 3598 249 263 75 608 20 759 58 171 28 816 891 626 23 200 75 22 712 3463 24
internal_value=-3.0244e-12 0.000596686 -0.000597652 0.00138445 0.0021575 -0.00118416 -0.0037029 0.000156491 -7.18135e-05 -0.000262369 0.000177822 0.00170948 5.17543e-05 -0.0011938 -0.000804251 0.000516335 -0.00189049 0.00665021 0.00010083 -0.00115877 -0.00180412 0.000311942 -0.00128178 0.00449715 0.000517881 0.000236865 -0.00425741 0.00188937 0.000336991 -0.00966084
internal_weight=22254 11136 11118 3992 2201 201 132 7144 5919 5347 3631 572 323 1716 1520 686 834 78 7071 1015 844 6056 693 67 5363 4451 97 912 4354 48
internal_count=22254 11136 11118 3992 2201 201 132 7144 5919 5347 3631 572 323 1716 1520 686 834 78 7071 1015 844 6056 693 67 5363 4451 97 912 4354 48
is_linear=0
shrinkage=0.05


Tree=51
num_leaves=31
num_cat=0
split_feature=1 20 2 25 14 27 24 8 10 17 8 23 6 6 16 15 3 19 19 26 12 24 12 14 14 9 3 0 13 3
split_gain=2.92981 1.65455 1.23959 1.17351 0.904737 0.962705 1.03969 0.876262 0.817379 0.797064 0.874781 0.846453 0.796114 0.96326 0.783792 0.782652 0.824609 0.73565 0.722839 0.722493 0.719695 0.7074 1.11016 0.759217 0.913242 0.699295 0.670504 0.688728 0.826021 0.724413
threshold=2.5000000000000004 -0.77000000000000013 2.5000000000000004 4.5000000000000009 -0.035808333333333324 0.024999999999999915 -0.028333333333331986 0.44725000000000009 0.65110000000000012 1.5000000000000002 0.55410000000000015 6.6150000000000011 0.15500000000000003 0.14500000000000005 5.5000000000000009 0.04166666666666665 21.500000000000004 0.050000000000000003 -0.050000000000000003 -0.22000000000000017 0.34575000000000006 -0.036666666666666618 0.42820000000000008 0.090216666666666737 0.071341666666666623 4.1350000000000007 60.500000000000007 10.500000000000002 2.4925000000000006 22.500000000000004
decision_type=2 2 2 2 2 2 2 2 2 2 2 2 2 2 2 2 2 2 2 2 2 2 2 2 2 2 2 2 2 2
left_child=2 7 15 8 18 14 17 25 9 10 11 -3 13 -9 -6 16 -1 -7 -5 -11 -12 22 -18 24 -23 -2 27 -21 29 -29
right_child=1 3 -4 4 5 6 -8 12 -10 19 20 -13 -14 -15 -16 -17 21 -19 -20 26 -22 23 -24 -25 -26 -27 -28 28 -30 -31
leaf_value=-0.0052148739833620776 -0.0016735778488277835 0.0082521748506342585 0.0014094637849437958 0.0022113666129880585 -0.00087065782348147523 1.8716544191290055e-05 0.0049115343212566163 -0.008112590960466631 0.0040926939228215107 0.0092278990894556056 -0.0093772059347590111 0.001350036853920252 -0.013530007033393935 0.0055073113480050657 -0.0062881764621124606 0.0081533535065439842 -0.002257407369569329 0.0082567202875257605 -0.0022193791381870487 0.00059044855046556108 0.0013447990544654172 0.00035283003943721694 0.0051159699676198919 0.0024674692032461212 -0.0043331943080683636 -0.0004622949129408299 0.0063034926086845931 0.0043580451910384 0.0081149323170797687 -0.00078810739015977484
leaf_weight=73 2415 46 3996 100 918 843 141 34 142 21 34 1293 26 21 72 30 489 28 1158 2061 29 2254 57 410 109 2352 41 70 27 2964
leaf_count=73 2415 46 3996 100 918 843 141 34 142 21 34 1293 26 21 72 30 489 28 1158 2061 29 2254 57 410 109 2352 41 70 27 2964
internal_value=-1.80487e-12 -0.000405668 0.000811336 -3.77984e-05 -0.000816388 -0.000156104 0.000928352 -0.00116356 0.000339461 0.000258538 0.00131624 0.00158715 -0.00632043 -0.00291226 -0.00126466 0.00011288 4.17675e-05 0.000283543 -0.00186717 -2.75155e-05 -0.00444168 0.000157385 -0.00148766 0.000481292 0.000136674 -0.00107594 -6.5161e-05 -0.00011614 -0.000591893 -0.000669376
internal_weight=22254 14836 7418 9988 3260 2002 1012 4848 6728 6586 1402 1339 81 55 990 3422 3392 871 1258 5184 63 3319 546 2773 2363 4767 5163 5122 3061 3034
internal_count=22254 14836 7418 9988 3260 2002 1012 4848 6728 6586 1402 1339 81 55 990 3422 3392 871 1258 5184 63 3319 546 2773 2363 4767 5163 5122 3061 3034
is_linear=0
shrinkage=0.05


Tree=52
num_leaves=31
num_cat=0
split_feature=16 1 28 2 24 7 8 13 8 15 26 8 20 3 12 3 8 3 11 7 8 2 26 26 24 14 9 3 12 12
split_gain=2.73264 1.43361 0.979818 0.931337 0.84718 0.873084 1.39226 1.06439 0.81908 0.806812 0.795362 0.768654 0.96547 1.05072 1.03658 0.968026 0.826456 0.767879 0.755199 0.831851 0.798294 0.755673 0.751958 0.760873 0.835762 0.707617 0.695 0.691454 0.68297 0.657692
threshold=2.5000000000000004 4.5000000000000009 2.5000000000000004 3.5000000000000004 0.0083333333333333055 5.6550000000000011 0.34840000000000004 -0.69750000000000012 0.34030000000000005 0.023333333333333327 -0.14999999999999988 0.40835000000000005 -0.37499999999999994 28.500000000000004 0.32010000000000005 49.500000000000007 0.3958000000000001 55.500000000000007 0.40515000000000001 7.745000000000001 0.48710000000000003 3.5000000000000004 -0.024999999999999908 0.14000000000000015 -0.03666666666666573 -0.097616666666666616 5.6450000000000005 39.500000000000007 0.29580000000000006 0.47100000000000003
decision_type=2 2 2 2 2 2 2 2 2 2 2 2 2 2 2 2 2 2 2 2 2 2 2 2 2 2 2 2 2 2
left_child=2 3 17 4 5 7 -7 8 29 18 28 16 13 -13 25 26 -5 -1 20 -20 21 -4 -8 24 -24 -14 -16 -11 -3 -2
right_child=1 10 9 11 -6 6 22 -9 -10 27 -12 12 14 -15 15 -17 -18 -19 19 -21 -22 -23 23 -25 -26 -27 -28 -29 -30 -31
leaf_value=0.0016710413285285356 -0.00087174603035858062 -0.0033880064801241347 -0.00055932862915086183 0.0018079580790733665 0.00040785339500385857 -0.014149844866672843 -0.0074007031123203759 0.00028392620528790564 -0.0077411963206638276 0.00048302005794009719 -0.0011362583044296146 0.0065374052083050768 -0.0045864317211366835 -0.0041211499575155306 -0.0081905440590344363 -0.0074444634607061747 0.0074733246261110683 -0.0020359577348164353 0.0016016320121820639 -0.0082586832979524693 -0.0017258775098543463 0.0015460907354974739 0.0021029304469047053 -0.0081567186543619937 -0.002189284714453271 0.0050504565985430398 0.0014860135363978276 0.0032180116859085598 0.0061398178393788196 -0.0049000119623357295
leaf_weight=2812 1640 26 1296 220 3416 24 56 2610 48 563 5191 27 21 161 20 41 91 147 771 22 824 635 166 38 358 205 257 392 68 108
leaf_count=2812 1640 26 1296 220 3416 24 56 2610 48 563 5191 27 21 161 20 41 91 147 771 22 824 635 166 38 358 205 257 392 68 108
internal_value=-6.45417e-13 -0.000393524 0.000780086 -2.65181e-05 -0.000200241 -0.00061174 -0.00233437 -0.000360734 -0.00129757 0.000315639 -0.00105372 0.00138325 0.000498504 -0.0025904 0.00156599 -0.000273989 0.00346567 0.00148688 -3.15891e-05 0.00132808 -0.000422957 0.000133028 -0.00187552 -0.00132497 -0.000829537 0.00415499 0.000787345 0.00160566 0.00350446 -0.00112063
internal_weight=22254 14792 7462 9507 8464 5048 642 4406 1796 4503 5285 1043 732 188 544 318 311 2959 3548 793 2755 1931 618 562 524 226 277 955 94 1748
internal_count=22254 14792 7462 9507 8464 5048 642 4406 1796 4503 5285 1043 732 188 544 318 311 2959 3548 793 2755 1931 618 562 524 226 277 955 94 1748
is_linear=0
shrinkage=0.05


Tree=53
num_leaves=31
num_cat=0
split_feature=28 16 14 14 13 8 0 21 24 5 3 14 0 3 12 14 7 3 11 22 27 28 9 8 22 21 9 8 24 3
split_gain=2.54037 2.01494 1.04641 0.898086 0.97625 0.886804 0.709953 0.812399 0.958853 0.917383 0.862914 0.840304 0.802937 0.931156 1.06993 1.06556 0.73418 0.723726 1.39068 1.40682 0.682724 0.680672 0.714771 0.674368 0.85226 0.891864 0.687314 0.798791 0.681848 1.62969
threshold=5.5000000000000009 2.5000000000000004 -0.026808333333333375 0.003283333333333333 0.54000000000000059 0.43345 1.5000000000000002 0.02 0.05333333333333324 1.5000000000000002 43.500000000000007 0.047841666666666692 16.500000000000004 44.500000000000007 0.45845000000000008 0.19247499999999998 3.6050000000000004 34.500000000000007 0.37655000000000005 -2.7649999999999992 0.16500000000000006 1.5000000000000002 4.4250000000000007 0.25115000000000004 -1.345 0.010000000000000004 2.0050000000000003 0.11659999999999997 -0.03666666666666573 45.500000000000007
decision_type=2 2 2 2 2 2 2 2 2 2 2 2 2 2 2 2 2 2 2 2 2 2 2 2 2 2 2 2 2 2
left_child=1 3 -3 20 5 -5 -4 8 23 12 -10 -12 13 14 15 17 -15 18 19 -9 -1 -14 -23 26 -25 -26 -8 -28 29 -27
right_child=-2 2 6 4 -6 -7 7 9 10 -11 11 -13 21 16 -16 -17 -18 -19 -20 -21 -22 22 -24 24 25 28 27 -29 -30 -31
leaf_value=0.00032353559415819873 -0.0011974431234243845 -0.00075257945938368633 0.0022181882433943917 0.0013284630179481137 0.0019949959808761614 -0.002784545912077583 -0.0014786767652997068 -0.0057320447820529809 0.0036235072057570969 -0.0066848576970634961 0.0020552377156042435 -0.0064288415252528293 0.0046819583337643356 -0.0057009659432382745 -0.0082622403854175526 0.0051918711598353609 0.0010608600799168013 -0.0038237918815419453 -0.0035659330480760248 0.0049174745570517327 0.0065216388425970873 -0.0016228236329804799 0.0020601426874567535 -0.0030779824704294419 -0.00042442996227088769 -0.006439283843122659 0.0048837992659594952 0.0010290348899058019 0.0028144493807090998 0.0080582368466171582
leaf_weight=3502 3694 4476 417 322 2482 221 234 40 393 63 77 47 101 44 68 52 458 358 198 138 45 266 261 244 2187 63 151 1222 402 28
leaf_count=3502 3694 4476 417 322 2482 221 234 40 393 63 77 47 101 44 68 52 458 358 198 138 45 266 261 244 2187 63 151 1222 402 28
internal_value=-2.44975e-12 0.000238327 -0.000147406 0.000941944 0.00157486 -0.000345524 0.000213185 9.53432e-05 0.000436048 -0.00074485 0.00247609 -0.0011605 -0.000556231 -0.00124076 -0.00224531 -0.00172476 0.00046819 -0.00221477 -0.000682779 0.00252432 0.00040217 0.000921822 0.000201188 0.000203274 -0.000248937 8.63286e-06 0.00102609 0.00145297 0.00192975 -0.00197851
internal_weight=22254 18560 11988 6572 3025 543 7512 7095 5048 2047 517 124 1984 1356 854 786 502 734 376 178 3547 628 527 4531 2924 2680 1607 1373 493 91
internal_count=22254 18560 11988 6572 3025 543 7512 7095 5048 2047 517 124 1984 1356 854 786 502 734 376 178 3547 628 527 4531 2924 2680 1607 1373 493 91
is_linear=0
shrinkage=0.05


Tree=54
num_leaves=31
num_cat=0
split_feature=28 9 24 10 8 20 3 7 24 9 0 15 14 24 23 17 13 28 16 13 12 12 16 11 26 8 20 3 3 16
split_gain=2.4142 1.70781 0.838228 0.797613 0.900854 1.41147 0.840415 0.82016 0.763512 0.840591 0.745519 0.71878 0.842643 0.70422 0.809044 0.678447 0.667362 0.658772 0.635959 1.05223 0.84754 0.610658 0.591944 0.608989 0.657239 1.02059 0.633704 0.585327 0.583506 0.75827
threshold=1.5000000000000002 5.0550000000000006 -1.0000000180025095e-35 0.65110000000000012 0.43630000000000008 1.155 60.500000000000007 6.1250000000000009 -0.051666666666666299 5.0250000000000012 3.5000000000000004 -0.013333333333333327 -0.10568333333333339 -0.065000000000000821 6.8350000000000009 3.5000000000000004 -2.7591666666666659 5.5000000000000009 4.5000000000000009 0.071666666666666781 0.24335000000000004 0.76390000000000013 1.5000000000000002 0.28735000000000005 0.15999999999999973 0.224 -1.175 24.500000000000004 27.500000000000004 2.5000000000000004
decision_type=2 2 2 2 2 2 2 2 2 2 2 2 2 2 2 2 2 2 2 2 2 2 2 2 2 2 2 2 2 2
left_child=10 8 17 4 6 7 11 -6 22 16 -1 12 -4 14 -12 -16 -10 21 19 20 -9 -3 -2 26 -25 -26 -24 -28 29 -21
right_child=1 2 3 -5 5 -7 -8 18 9 -11 13 -13 -14 -15 15 -17 -18 -19 -20 28 -22 -23 23 24 25 -27 27 -29 -30 -31
leaf_value=-0.00083874963207655772 -0.007867291829170427 7.6129148764305239e-05 -0.0064149568995667833 0.0043852217605605589 -0.0055859171399580583 0.0011990709925445405 0.011183817338730608 0.0023905338305566046 -0.0022047683911538022 -0.0043731930725117952 -0.011176046254959974 0.0015802928576816933 0.00017641837638802829 0.0015444685382775393 -0.0046834979444697854 0.0046022286346006037 -0.00034532177995542614 -0.0015003016892416567 0.0040927892704731078 0.00034811878517589155 -0.0075821615926146809 -0.0077621579840779307 -0.0057307053739870236 -0.0014348419651571843 -0.0016799559917462131 0.0087993755160520482 -0.0089229797323544819 -0.00063110748321397545 -0.0011187850838028184 0.0098930688308818005
leaf_weight=413 40 4094 54 142 105 999 21 27 519 141 22 1962 475 3198 42 37 6869 850 59 81 101 25 161 744 52 42 24 188 739 28
leaf_count=413 40 4094 54 142 105 999 21 27 519 141 22 1962 475 3198 42 37 6869 850 59 81 101 25 161 744 52 42 24 188 739 28
internal_value=-1.34617e-12 -0.000233012 0.000222069 0.00069382 0.000581118 -0.000172981 0.00122324 -0.00137533 -0.000738992 -0.000548932 0.00116393 0.00113927 -0.000496425 0.00141464 -0.00269601 -0.000334487 -0.000475946 -0.000232972 -0.000948172 -0.0012529 -0.00547855 2.85552e-05 -0.00188285 -0.00168518 -0.00093712 0.0030023 -0.0033658 -0.00156981 -0.000615069 0.00280003
internal_weight=22254 18542 9762 4793 4651 2139 2512 1140 8780 7529 3712 2491 529 3299 101 79 7388 4969 1035 976 128 4119 1251 1211 838 94 373 212 848 109
internal_count=22254 18542 9762 4793 4651 2139 2512 1140 8780 7529 3712 2491 529 3299 101 79 7388 4969 1035 976 128 4119 1251 1211 838 94 373 212 848 109
is_linear=0
shrinkage=0.05


Tree=55
num_leaves=31
num_cat=0
split_feature=28 9 28 9 22 8 17 24 0 20 8 7 23 12 8 23 9 7 2 11 0 24 7 24 5 20 11 0 24 26
split_gain=2.17882 1.57872 1.19741 1.04047 1.02736 0.960483 0.934892 1.06843 0.85987 0.930988 0.809206 0.85274 0.81837 0.817535 0.850293 0.791017 0.774437 0.884504 1.32994 0.830503 0.817706 0.756071 0.904406 0.760663 0.708861 0.704915 0.682067 0.672831 0.650238 0.64871
threshold=1.5000000000000002 6.7650000000000006 5.5000000000000009 6.8050000000000006 2.515000000000001 0.46539999999999998 3.5000000000000004 -0.086666666666666434 1.5000000000000002 0.89500000000000013 0.43205000000000005 6.1650000000000009 6.8350000000000009 0.27765000000000006 0.47950000000000009 6.7550000000000008 5.8650000000000011 4.8150000000000004 2.5000000000000004 0.47105000000000002 15.500000000000002 -0.024999999999999908 7.2550000000000008 -0.018333333333333975 1.0000000180025095e-35 0.80999999999999994 0.12830000000000003 3.5000000000000004 -0.048333333333332444 -0.20500000000000004
decision_type=2 2 2 2 2 2 2 2 2 2 2 2 2 2 2 2 2 2 2 2 2 2 2 2 2 2 2 2 2 2
left_child=27 2 6 -3 5 -5 8 -8 15 10 16 12 -12 14 -13 24 17 18 -10 25 -18 28 23 -23 -2 -19 -7 -1 -11 -4
right_child=1 3 29 4 -6 26 7 -9 9 21 11 13 -14 -15 -16 -17 20 19 -20 -21 -22 22 -24 -25 -26 -27 -28 -29 -30 -31
leaf_value=-0.00079681213631420953 0.0025343234677576518 0.0054595056308433419 0.0067886818759143354 0.0017303998356321304 0.0035721288997876454 -0.0037680828201897584 -0.0040162996976268834 -0.00049137088764104105 0.00014007925766853371 0.0015961429034359754 -0.0081825806981545273 -0.0019702673263964246 0.0009510588099467843 -0.0021827107886683008 0.0058517976115629276 0.00032499535637294972 0.0031638745770440121 -0.001515688995845468 0.0065830303811193272 0.0014480653277251451 -0.00097706881495653085 0.0071123738708491957 -0.0054168766509264527 0.0017856105143497234 0.0090253035384994847 -0.0081099078597270859 -0.00011631492021285553 0.0013439124754203388 -0.0029142400947349736 -0.0012958506488006741
leaf_weight=413 113 125 25 731 282 148 223 5972 2288 145 88 64 34 387 76 190 361 1156 83 245 178 72 41 969 67 42 940 3299 178 3319
leaf_count=413 113 125 25 731 282 148 223 5972 2288 145 88 64 34 387 76 190 361 1156 83 245 178 72 41 969 67 42 940 3299 178 3319
internal_value=-6.6391e-13 -0.000221361 -0.000391773 0.00102771 0.000764041 0.000328703 -0.000174295 -0.000618257 0.000231539 9.61944e-05 -0.000223239 -0.00187026 -0.00563714 -0.000998234 0.002276 0.0025752 2.23195e-05 -0.000228391 0.000365623 -0.00120442 0.00179636 0.00123342 0.00186715 0.00215403 0.00495041 -0.00174687 -0.000613063 0.00110573 -0.000889455 -0.00123541
internal_weight=22254 18542 16316 2226 2101 1819 12972 6195 6777 6407 5002 649 122 527 140 370 4353 3814 2371 1443 539 1405 1082 1041 180 1198 1088 3712 323 3344
internal_count=22254 18542 16316 2226 2101 1819 12972 6195 6777 6407 5002 649 122 527 140 370 4353 3814 2371 1443 539 1405 1082 1041 180 1198 1088 3712 323 3344
is_linear=0
shrinkage=0.05


Tree=56
num_leaves=31
num_cat=0
split_feature=9 6 24 24 10 7 23 22 22 15 7 23 3 24 13 0 9 13 8 9 20 27 10 8 22 7 12 14 14 4
split_gain=2.07018 1.17755 1.18047 0.969232 0.893324 0.914752 0.853276 0.845809 0.888302 0.764113 0.806447 0.750809 0.728235 0.962835 0.757379 0.783428 1.49797 0.711179 1.05074 0.888697 0.894451 0.77928 0.73891 0.711762 0.706896 0.732135 1.07277 0.700243 0.646418 1.06202
threshold=5.0550000000000006 0.22500000000000003 0.028333333333333769 -0.033333333333332764 0.31925000000000009 2.7850000000000006 6.6050000000000013 -1.6599999999999997 -1.3199999999999998 0.015000000000000008 5.1250000000000009 7.0450000000000008 22.500000000000004 -0.0066666666666672638 -1.0491666666666666 15.500000000000002 3.7950000000000004 1.8925000000000003 0.45174999999999993 6.6550000000000011 -0.45999999999999969 0.10999999999999989 0.62880000000000014 0.46539999999999998 0.69999999999999962 4.285000000000001 0.35280000000000006 0.072800000000000017 0.0096166666666667473 58.500000000000007
decision_type=2 2 2 2 2 2 2 2 2 2 2 2 2 2 2 2 2 2 2 2 2 2 2 2 2 2 2 2 2 2
left_child=3 2 17 -1 5 -5 -7 -6 -9 10 24 -4 13 -8 -15 16 -16 18 22 20 -20 -22 28 -21 25 26 -10 -24 -2 -30
right_child=1 -3 11 4 7 6 12 8 9 -11 -12 -13 -14 14 15 -17 -18 -19 19 23 21 -23 27 -25 -26 -27 -28 -29 29 -31
leaf_value=-0.0013827143458554994 -7.499817355885601e-05 -0.011390560670267969 0.0013398427240720922 -0.0016592812685537577 -0.0081957380353872272 0.0036848494105159615 -0.002708242286462337 0.0083844491236266649 -0.0094957854495280325 0.0028345259086739634 -0.0066769003673721478 -0.0053874059314174315 -0.00014012071070901256 -0.0009178733864595017 -0.0017687648430299492 0.0081012429438907501 0.010681523494422437 0.0020093731845590213 -0.0058995615652478912 0.003665557170394235 -0.0016342782648114029 0.0033018589968695634 0.0061850828673126867 -0.00023747890859257293 -0.0079659584422188349 0.0031742885827231379 0.0039866075217723845 -0.0041085010126698761 0.0011854232283515787 -0.0074769358719802559
leaf_weight=2503 3454 21 3323 846 56 161 80 21 36 62 109 42 5781 73 78 104 35 488 115 130 1138 86 95 1151 32 87 25 20 2066 36
leaf_count=2503 3454 21 3323 846 56 161 80 21 36 62 109 42 5781 73 78 104 35 488 115 130 1138 86 95 1151 32 87 25 20 2066 36
internal_value=1.40462e-12 0.000439175 0.000459632 -0.000529544 -0.00024804 -0.000115364 9.15681e-05 -0.00246696 -0.00160457 -0.0022022 -0.00328274 0.00125588 -2.48464e-06 0.00214799 0.00348764 0.00496967 0.00208752 0.00015443 4.52502e-05 -0.000782868 -0.00168357 -0.00128746 0.000427841 0.000158614 -0.00122739 0.000229595 -0.00397021 0.00439489 0.000345729 0.00103707
internal_weight=22254 12165 12144 10089 7586 7158 6312 428 372 351 289 3365 6151 370 290 217 113 8779 8291 2620 1339 1224 5671 1281 180 148 61 115 5556 2102
internal_count=22254 12165 12144 10089 7586 7158 6312 428 372 351 289 3365 6151 370 290 217 113 8779 8291 2620 1339 1224 5671 1281 180 148 61 115 5556 2102
is_linear=0
shrinkage=0.05


Tree=57
num_leaves=31
num_cat=0
split_feature=28 9 15 27 0 4 26 9 12 14 27 8 13 12 4 15 22 13 7 13 22 21 0 6 3 14 12 1 14 6
split_gain=1.9485 1.31225 0.886293 0.890796 0.975352 0.983927 0.867125 0.858038 0.845887 0.826204 0.974505 0.744132 0.865564 0.686052 0.847331 0.659981 0.659182 0.657899 0.651899 0.665308 0.654436 0.635141 0.632501 0.761334 0.814577 0.695863 0.628974 0.605056 0.596012 0.627069
threshold=4.5000000000000009 5.1350000000000007 0.024999999999999984 -0.039999999999999584 16.500000000000004 57.500000000000007 0.020000000000000021 6.7650000000000006 0.39715000000000006 0.08818333333333335 0.069999999999999854 0.29530000000000006 -0.46916666666666712 0.25505 51.500000000000007 -0.025833333333333344 1.4400000000000004 1.6900000000000002 6.0250000000000012 -0.093333333333334143 1.0400000000000005 -0.030000000000000002 20.500000000000004 0.15500000000000003 30.500000000000004 0.16538333333333335 0.35885 3.5000000000000004 -0.0090916666666666628 0.19500000000000003
decision_type=2 2 2 2 2 2 2 2 2 2 2 2 2 2 2 2 2 2 2 2 2 2 2 2 2 2 2 2 2 2
left_child=1 2 3 4 5 18 11 -2 -4 -5 15 -3 -13 14 16 -11 -8 -14 19 20 -1 27 25 24 -24 -23 -12 -15 -6 -30
right_child=7 6 8 9 28 -7 13 -9 -10 10 26 12 17 21 -16 -17 -18 -19 -20 -21 -22 22 23 -25 -26 -27 -28 -29 29 -31
leaf_value=-0.00070554814129472349 -0.0008463152281790857 0.0029493998622248125 0.00094635957804505401 -0.0010052327394071252 0.00015961017839168676 0.0074465315712320557 0.0079724168788264868 0.00091291425972600906 0.0067931016414569546 -0.0017503310070007554 -0.00085702726606004791 -0.002196259412745281 0.00082020471099604117 0.003472398255897072 0.00057526781490761661 0.0026369603497560703 -0.0022296095220372082 0.0025116359020617303 -0.0053002307230893241 0.0015209264012382311 -0.007906080088154837 -0.0007145504058760398 0.0015898658894002438 -0.00039333429513979212 -0.0091662291909257575 0.0051242587822138003 -0.0096035339719345511 -0.0012664239892425638 0.0043932356004612906 -0.0021220285281915927
leaf_weight=721 6632 485 299 3762 196 41 76 774 78 107 61 216 4552 179 370 431 20 658 65 391 33 1372 23 97 75 53 31 108 306 42
leaf_count=721 6632 485 299 3762 196 41 76 774 78 107 61 216 4552 179 370 431 20 658 65 391 33 1372 23 97 75 53 31 108 306 42
internal_value=-1.72479e-12 0.000330426 -0.00019763 -0.000341048 0.000597417 -0.000171164 0.000748842 -0.000662458 0.00215603 -0.000724597 0.0009512 0.00107296 0.000905241 -5.85272e-05 0.00166129 0.00176439 0.00584699 0.00103383 -0.000429284 -0.000152767 -0.00102069 -0.000478786 -0.000862859 -0.00353361 -0.00664184 -0.000497388 -0.00380422 0.00168915 0.00236487 0.00360691
internal_weight=22254 14848 6564 6187 1795 1251 8284 7406 377 4392 630 5911 5426 2373 466 538 96 5210 1210 1145 754 1907 1620 195 98 1425 92 287 544 348
internal_count=22254 14848 6564 6187 1795 1251 8284 7406 377 4392 630 5911 5426 2373 466 538 96 5210 1210 1145 754 1907 1620 195 98 1425 92 287 544 348
is_linear=0
shrinkage=0.05


Tree=58
num_leaves=31
num_cat=0
split_feature=1 20 13 25 0 8 27 6 6 3 11 8 13 7 13 3 22 14 10 27 24 10 21 8 22 20 7 23 15 21
split_gain=1.80823 1.09285 0.878179 0.828873 0.804036 0.746132 0.744883 0.740994 0.866349 0.731093 0.952874 0.728277 0.817081 0.83691 0.79085 0.757606 0.85912 0.721638 0.779843 0.709729 0.69931 0.665215 0.657017 0.649397 0.693014 0.998223 0.646676 0.633168 0.989665 1.08487
threshold=2.5000000000000004 -0.77000000000000013 -0.50916666666666621 4.5000000000000009 2.5000000000000004 0.44725000000000009 -0.13000000000000031 0.15500000000000003 0.14500000000000005 29.500000000000004 0.27795000000000009 0.24660000000000001 0.009166666666666325 4.1850000000000014 -0.101666666666667 48.500000000000007 0.25499999999999995 -0.047499999999999952 0.023649999999999952 0.024999999999999915 -0.030000000000000689 0.63550000000000006 -0.034999999999999989 0.29695000000000005 -0.65000000000000002 -0.48999999999999994 4.955000000000001 6.7750000000000012 0.0016666666666666637 0.025000000000000012
decision_type=2 2 2 2 2 2 2 2 2 2 2 2 2 2 2 2 2 2 2 2 2 2 2 2 2 2 2 2 2 2
left_child=2 5 6 -3 9 -2 -1 8 -7 19 -11 12 17 -14 23 21 -17 -6 -19 -5 -20 26 -8 -13 25 -25 -16 28 29 -24
right_child=1 3 -4 4 11 7 22 -9 -10 10 -12 14 13 -15 15 16 -18 18 20 -21 -22 -23 27 24 -26 -27 -28 -29 -30 -31
leaf_value=0.0065200083742016253 -0.00085379570885642611 0.00029733588656061152 0.00092348325401221676 -0.0092302419326318035 -0.003036398519566478 -0.0073369600700543217 0.0035830762154526181 -0.012648744250719364 0.0055796553425136071 -0.0050982584618031977 0.0037081712789173086 -0.0054121427663976554 0.012824095390737056 0.0021666706552995103 0.003543669077817925 -0.0051313829230518124 -0.00043148953759532217 -0.006658514056578968 0.00083147544559324159 0.0023603396341204644 0.0073659193052971784 0.0055847535801536227 0.0011569373804914363 0.0092739814271529507 -0.0031591874858434067 -0.0012289196440099699 -0.00074958315582426284 8.2784347698326686e-05 -0.005842940037487131 -0.0034958332441142634
leaf_weight=38 4767 6728 5811 28 143 34 90 26 21 35 251 179 25 70 94 192 197 27 180 25 53 47 271 30 281 92 1311 842 133 233
leaf_count=38 4767 6728 5811 28 143 34 90 26 21 35 251 179 25 70 94 192 197 27 180 25 53 47 271 30 281 92 1311 842 133 233
internal_value=-1.10326e-12 -0.000318697 0.000637395 -1.97234e-05 -0.000674072 -0.000934653 -0.000397118 -0.00569323 -0.00240516 0.0016309 0.00263046 -0.000941577 0.000799887 0.00497126 -0.0012995 -0.000791605 -0.00275123 -0.000183438 0.00138569 -0.00376299 0.00231785 -0.000266608 -0.000564646 -0.00290609 -0.00179298 0.00135376 -0.000462348 -0.000817042 -0.00200645 -0.000994046
internal_weight=22254 14836 7418 9988 3260 4848 1607 81 55 339 286 2921 498 95 2423 1841 389 403 260 53 233 1452 1569 582 403 122 1405 1479 637 504
internal_count=22254 14836 7418 9988 3260 4848 1607 81 55 339 286 2921 498 95 2423 1841 389 403 260 53 233 1452 1569 582 403 122 1405 1479 637 504
is_linear=0
shrinkage=0.05


Tree=59
num_leaves=31
num_cat=0
split_feature=16 1 9 8 13 27 4 7 4 15 10 24 24 8 13 22 23 20 24 22 22 24 3 0 6 10 9 27 25 19
split_gain=1.67252 0.85857 0.768125 0.795823 0.928197 0.760481 0.903413 0.759469 0.756038 0.777703 0.749768 0.720228 0.708906 0.699002 0.83003 0.823647 0.655474 0.742159 0.74099 0.815071 0.683619 0.619144 0.636695 0.585743 0.70355 0.60251 0.594521 0.849043 0.675433 0.727379
threshold=2.5000000000000004 4.5000000000000009 7.4150000000000009 0.45550000000000002 1.7624999999999995 -0.015000000000000123 44.500000000000007 7.7700000000000005 46.500000000000007 0.0099999999999999967 0.62880000000000014 -0.031666666666666725 0.11333333333333374 0.41850000000000004 -0.24000000000000063 -0.2700000000000003 6.955000000000001 3.5900000000000003 0.033333333333334554 0.42000000000000021 1.5100000000000002 0.010000000000000233 20.500000000000004 18.500000000000004 0.15500000000000003 0.59520000000000006 5.6450000000000005 0.1000000000000001 5.5000000000000009 1.0000000180025095e-35
decision_type=2 2 2 2 2 2 2 2 2 2 2 2 2 2 2 2 2 2 2 2 2 2 2 2 2 2 2 2 2 2
left_child=2 10 3 5 7 11 -7 8 9 -5 21 -1 13 14 -3 -15 17 -10 19 -18 -21 22 -2 24 25 -8 27 -26 -28 -30
right_child=1 12 -4 4 -6 6 23 -9 16 -11 -12 -13 -14 15 -16 -17 18 -19 -20 20 -22 -23 -24 -25 26 -27 28 -29 29 -31
leaf_value=0.009026228329714607 -0.0057945802419756857 -0.0010923926403971147 0.0021508172906740657 -0.0022244788510234733 0.0015217019150912943 -0.0095031520088567686 0.0022924077045060518 -0.0090857222461356562 4.2946107498782213e-05 -0.013291777800027792 0.0046235597381086716 0.0016622206171963121 0.0052299268213876838 0.0017975111248346104 0.00038263394098598451 -0.003213060980263362 0.0029625907527621501 -0.0067485672694335627 -0.012233276553452015 -0.0079705291198536986 -0.00037800082500325519 0.000439774621268489 -0.00033961755384395237 -0.00097131090025443618 -0.002056500889262459 -0.0065043389890342947 0.0022623646195819684 0.0051912015593714184 -0.0077895338523759211 0.0027251669703501052
leaf_weight=34 54 3261 730 57 663 23 728 26 2130 22 86 1417 48 97 1348 531 55 41 20 63 56 3682 5685 535 396 20 334 45 38 29
leaf_count=34 54 3261 730 57 663 23 728 26 2130 22 86 1417 48 97 1348 531 55 41 20 63 56 3682 5685 535 396 20 334 45 38 29
internal_value=-9.84261e-13 -0.000307869 0.000610292 0.000443242 -0.000139421 0.000950461 0.000353096 -0.000585301 -0.000494871 -0.00530651 -2.38516e-05 0.00183477 -0.000818778 -0.000874218 -0.00066099 -0.00243914 -0.000334144 -8.53137e-05 -0.00311873 -0.00207109 -0.00439757 -6.62757e-05 -0.000390945 0.000459775 0.000941304 0.0020572 -5.00154e-05 -0.00131694 0.00134329 -0.00323839
internal_weight=22254 14792 7462 6732 3133 3599 2148 2470 2444 79 9507 1451 5285 5237 4609 628 2365 2171 194 174 119 9421 5739 2125 1590 748 842 441 401 67
internal_count=22254 14792 7462 6732 3133 3599 2148 2470 2444 79 9507 1451 5285 5237 4609 628 2365 2171 194 174 119 9421 5739 2125 1590 748 842 441 401 67
is_linear=0
shrinkage=0.05


Tree=60
num_leaves=31
num_cat=0
split_feature=28 20 28 24 14 24 18 20 22 4 10 19 24 11 10 12 3 9 0 0 17 8 14 23 30 7 9 8 22 7
split_gain=1.59897 1.13701 0.999181 0.967499 0.879393 0.951433 0.902012 0.955883 0.796781 0.732816 0.737025 0.677989 0.717884 0.660409 0.647735 0.891049 0.643714 0.867865 0.632321 0.724578 1.01749 0.630152 1.06789 1.24689 0.634377 0.628227 0.979002 0.900403 0.85333 0.827283
threshold=1.5000000000000002 0.87499999999999967 5.5000000000000009 -0.024999999999999908 0.007383333333333326 -0.0066666666666672638 3.5000000000000004 0.9149999999999997 0.51000000000000012 45.500000000000007 0.47505000000000003 -0.050000000000000003 -0.031666666666665837 0.31355000000000005 0.52420000000000011 0.13869999999999996 53.500000000000007 5.995000000000001 16.500000000000004 19.500000000000004 5.5000000000000009 0.44870000000000004 -0.012024999999999978 6.7350000000000012 1.0000000180025095e-35 7.2550000000000008 6.6950000000000012 0.442 1.1000000000000005 7.035000000000001
decision_type=2 2 2 2 2 2 2 2 2 2 2 2 2 2 2 2 2 2 2 2 2 2 2 2 2 2 2 2 2 2
left_child=18 2 25 11 6 -6 14 -8 13 -9 -11 12 -3 -7 15 -5 21 -18 -1 20 -20 24 -23 -24 -17 26 27 -2 -28 -29
right_child=1 3 -4 4 5 8 7 9 -10 10 -12 -13 -14 -15 -16 16 17 -19 19 -21 -22 22 23 -25 -26 -27 28 29 -30 -31
leaf_value=0.00049397767373457772 -0.00014769908823171238 0.0039976323718546218 -0.0012600035188800808 0.0046035088017770944 0.0042400313668634103 -0.005303183523106522 0.0086527661786281653 -0.010408709653151724 0.0023422574341599458 -0.00049264841532817251 -0.0053197870055479045 -0.0011335571886426329 -0.0043688013523933483 0.00038574725994616781 0.0027012779859298128 0.0015652807194825539 -0.009035932245420885 0.0035256583546288316 0.0041041988478312703 0.00085067383767729811 -0.0032193792843312587 -0.00026309969806761455 -0.016934648935090415 -0.0024619635650078241 -0.006439173854708386 -0.0037872376552521257 0.0004854478073709821 -0.0021413434507520572 0.0039568104332093641 0.0031881700835744795
leaf_weight=2504 8862 129 2823 104 311 56 21 26 687 303 107 1129 32 573 337 516 44 20 451 704 53 330 22 46 26 121 667 930 241 79
leaf_count=2504 8862 129 2823 104 311 56 21 26 687 303 107 1129 32 573 337 516 44 20 451 704 53 330 22 46 26 121 667 930 241 79
internal_value=-4.27112e-13 -0.000189632 -0.000421654 0.000471092 0.000899429 0.00175282 0.000169427 -0.00176676 0.00116503 -0.00226861 -0.00175241 -0.000700692 0.00233474 -0.000120739 0.000781771 0.000197949 -0.000258403 -0.00511044 0.000947242 0.00188679 0.00333406 7.19477e-05 -0.00143878 -0.0071443 0.0011813 -0.000204529 -0.000164311 -0.000308833 0.00140681 -0.00172407
internal_weight=22254 18542 13723 4819 3529 1627 1902 457 1316 436 410 1290 161 629 1445 1108 1004 64 3712 1208 504 940 398 68 542 10900 10779 9871 908 1009
internal_count=22254 18542 13723 4819 3529 1627 1902 457 1316 436 410 1290 161 629 1445 1108 1004 64 3712 1208 504 940 398 68 542 10900 10779 9871 908 1009
is_linear=0
shrinkage=0.05


Tree=61
num_leaves=31
num_cat=0
split_feature=9 6 24 10 22 24 22 12 15 9 12 7 23 23 12 26 14 21 11 11 26 3 28 15 13 22 14 4 26 4
split_gain=1.47183 1.06381 0.909176 0.839242 0.908661 0.803626 0.737858 0.708686 0.916717 0.912009 0.897578 0.744496 0.65611 0.638621 0.576425 0.563086 0.626545 0.798385 0.742347 0.692642 0.742901 0.668506 0.623763 0.553237 0.554702 0.663653 0.550969 1.24092 0.894028 0.601817
threshold=5.0550000000000006 0.22500000000000003 0.028333333333333769 0.31755000000000005 -1.6599999999999997 -0.033333333333332764 -3.3349999999999995 0.34435000000000004 0.0083333333333333193 4.3350000000000009 0.36925000000000002 5.1950000000000012 7.0450000000000008 6.6050000000000013 0.76390000000000013 -1.0000000180025095e-35 -0.17900833333333327 0.025000000000000012 0.29605000000000004 0.24520000000000003 -0.12499999999999999 52.500000000000007 3.5000000000000004 0.031666666666666642 -2.4283333333333328 -1.0000000180025095e-35 0.007383333333333326 58.500000000000007 0.024999999999999915 47.500000000000007
decision_type=2 2 2 2 2 2 2 2 2 2 2 2 2 2 2 2 2 2 2 2 2 2 2 2 2 2 2 2 2 2
left_child=3 2 14 5 -5 23 -7 9 10 -6 -9 -12 -4 -8 26 16 17 -15 19 20 -18 -21 -22 -1 -25 -26 29 -28 -29 -2
right_child=1 -3 12 4 7 6 13 8 -10 -11 11 -13 -14 15 -16 -17 18 -19 -20 21 22 -23 -24 24 25 -27 27 28 -30 -31
leaf_value=-0.0013032400517737721 -0.0019988072222934627 -0.010873602774171603 0.001167026922896076 -0.0072782262458461521 0.0041188975586555895 -0.0025108926057205161 0.0030031550429645655 0.0032988827301153379 0.0062426147866062823 -0.0039382310501726659 -0.0014696330809596159 -0.011393255737385956 -0.0051216741757733487 0.0050530274180643148 -0.0048461686859935012 0.00038131159630396449 0.0081937977072337395 -0.0043911934862362932 -0.00017197402283031238 -0.0025741231718905411 0.0016222114114199243 -0.0083193758013263598 -0.002404039035549599 -0.00244462858199289 0.010184736755168573 0.00030139407808227201 0.00076493126206778593 -0.012000826356763189 0.0013962982222437859 -1.0708254554224873e-05
leaf_weight=2229 413 21 3323 78 40 296 177 64 56 288 63 27 42 98 58 3623 23 29 2048 357 146 59 282 38 33 35 3395 33 20 4860
leaf_count=2229 413 21 3323 78 40 296 177 64 56 288 63 27 42 98 58 3623 23 29 2048 357 146 59 282 38 33 35 3395 33 20 4860
internal_value=4.4613e-13 0.000370307 0.000389751 -0.000446505 -0.00223482 -0.000330217 -6.6821e-05 -0.00150361 0.000764334 -0.00295565 -0.00122777 -0.00444672 0.00108853 3.89149e-05 0.000121906 -3.98054e-05 -0.000541353 0.00289647 -0.000691131 -0.00191747 -0.000560175 -0.00338895 -0.0010306 -0.00113541 0.00239386 0.00509772 0.000154947 0.000646415 -0.00694531 -0.000166423
internal_weight=22254 12165 12144 10089 616 9473 7138 538 210 328 154 90 3365 6842 8779 6665 3042 127 2915 867 451 416 428 2335 106 68 8721 3448 53 5273
internal_count=22254 12165 12144 10089 616 9473 7138 538 210 328 154 90 3365 6842 8779 6665 3042 127 2915 867 451 416 428 2335 106 68 8721 3448 53 5273
is_linear=0
shrinkage=0.05


Tree=62
num_leaves=31
num_cat=0
split_feature=28 13 7 6 9 9 3 4 8 20 9 27 3 25 14 10 0 3 24 11 0 23 11 5 12 19 9 10 15 22
split_gain=1.38961 0.988806 0.669615 1.01843 0.96637 1.25678 0.800562 1.47375 0.781742 1.22577 1.2133 1.36022 1.0072 0.767941 0.840887 0.786573 0.915885 0.751199 0.807698 0.66447 0.872356 0.81363 0.651858 0.650376 0.64214 0.629132 0.619787 1.07883 0.603548 0.599102
threshold=1.5000000000000002 -0.66999999999999937 4.3850000000000007 0.22500000000000003 5.0550000000000006 5.2950000000000008 34.500000000000007 46.500000000000007 0.44059999999999999 1.155 5.6450000000000005 0.069999999999999854 50.500000000000007 5.5000000000000009 0.14772500000000002 0.52015000000000011 3.5000000000000004 23.500000000000004 -0.0066666666666663757 0.24610000000000001 19.500000000000004 6.7350000000000012 0.43695000000000001 1.0000000180025095e-35 0.29040000000000005 -0.014999999999999998 6.7150000000000007 0.5797500000000001 0.038333333333333344 -0.91999999999999937
decision_type=2 2 2 2 2 2 2 2 2 2 2 2 2 2 2 2 2 2 2 2 2 2 2 2 2 2 2 2 2 2
left_child=-1 -2 17 4 22 6 25 -8 13 10 11 -10 29 15 -15 28 -17 18 -3 20 21 -11 -4 -18 -14 -6 -26 -28 -7 -12
right_child=1 2 3 -5 5 8 7 -9 9 19 12 -13 24 14 -16 16 23 -19 -20 -21 -22 -23 -24 -25 26 -27 27 -29 -30 -31
leaf_value=0.00088305335936054476 -0.00079276918658414258 -0.0010579966146636892 -0.00099600498102286081 -0.011339590307325126 0.0007361425932685961 0.00042901474735188971 -0.0075508707568091764 0.0020841112375089808 -0.0063933032422321418 -0.0046030910295285585 0.0077591358128384774 0.0056286883411101173 0.00047666478695949384 -0.00061442310648925167 -0.0082888429762342161 -0.0036369223367282246 0.0045093759695027328 0.00085146046525354951 0.0096368563114939375 0.0010193100554572719 -0.007112586488282043 0.0012044196038403787 0.00093497915501812839 0.00048586115768153425 -0.00796837066435843 0.0066754175111695766 0.0024532143396082456 -0.011456691450439394 0.0063942385555873088 -0.00054454518506107325
leaf_weight=3712 4821 27 3168 20 64 3055 44 405 183 82 22 27 60 588 38 53 332 1065 51 1424 56 228 507 144 103 147 46 20 43 1719
leaf_count=3712 4821 27 3168 20 64 3055 44 405 183 82 22 27 60 588 38 53 332 1065 51 1424 56 228 507 144 103 147 46 20 43 1719
internal_value=1.20333e-12 -0.000176782 3.96506e-05 -6.56442e-05 -4.76892e-05 0.000234428 0.00233368 0.00113993 6.59372e-05 -0.000438653 -0.00123477 -0.00484762 -0.000849645 0.000536952 -0.00108028 0.000816077 0.00259796 0.00119835 0.00593479 0.00053092 -0.00136926 -0.000331761 -0.000729608 0.00329218 -0.00396694 0.00487393 -0.00554455 -0.00176191 0.000511812 -0.000439616
internal_weight=22254 18542 13721 12578 12558 8883 660 449 8223 3970 2180 210 1970 4253 626 3627 529 1143 78 1790 366 310 3675 476 229 211 169 66 3098 1741
internal_count=22254 18542 13721 12578 12558 8883 660 449 8223 3970 2180 210 1970 4253 626 3627 529 1143 78 1790 366 310 3675 476 229 211 169 66 3098 1741
is_linear=0
shrinkage=0.05


Tree=63
num_leaves=31
num_cat=0
split_feature=28 18 14 24 14 9 5 6 12 12 12 0 11 7 12 4 27 6 22 13 13 8 0 19 13 10 0 27 12 8
split_gain=1.32743 1.27469 1.08888 0.928497 0.883484 0.85013 0.923732 0.881217 0.798618 0.787524 1.31883 0.809471 0.791724 0.775752 0.771885 0.744192 0.72536 0.698978 0.957774 0.818828 0.764661 0.696708 0.699951 0.661753 0.78876 1.01542 0.89314 0.815391 0.636799 0.629348
threshold=5.5000000000000009 3.5000000000000004 -0.026808333333333375 -0.0033333333333316335 -0.019525000000000011 4.6750000000000007 1.5000000000000002 0.18500000000000003 0.58955000000000013 0.15955000000000003 0.23630000000000004 19.500000000000004 0.44369999999999993 7.0550000000000006 0.34175000000000005 48.500000000000007 -0.07499999999999972 0.16500000000000004 1.1700000000000008 0.64666666666666683 1.1250000000000007 0.35535 13.500000000000002 -0.15499999999999997 -0.76083333333333336 0.29430000000000006 23.500000000000004 -0.034999999999999691 0.54695000000000016 0.5283500000000001
decision_type=2 2 2 2 2 2 2 2 2 2 2 2 2 2 2 2 2 2 2 2 2 2 2 2 2 2 2 2 2 2
left_child=1 3 28 13 -4 8 7 15 9 12 -11 -12 -6 23 -9 -7 -13 -5 21 -20 -21 -19 -23 -1 25 27 -26 -25 -3 -15
right_child=-2 2 4 17 5 6 -8 14 -10 10 11 16 -14 29 -16 -17 -18 18 19 20 -22 22 -24 24 26 -27 -28 -29 -30 -31
leaf_value=0.007947891375049948 -0.00086558939932272153 -0.0012379015406584351 0.0030057264532248572 0.00070908268718728785 -0.0055790581228292368 -0.0042545650795290475 -0.0058494240545702205 0.00049464634005215685 -0.0088621525776882964 0.0041531409914852026 -0.0012675153775138343 0.0083790028412990721 0.0015201748146123632 0.0050674212145774312 0.0041023779463761579 0.00043830477609730522 0.0006858264821987119 0.0041421896104115166 -0.0044893047630378017 0.0059182789911574225 -0.0009440592588722572 -0.0033008235131597357 0.0035149081091431877 0.0079285940943429108 0.00016571721924712511 -0.0052763504086073883 -0.0049282908683050087 -0.0011798264578576523 0.0030135016545530533 0.00076448037953676226
leaf_weight=25 3694 2745 254 5060 144 89 54 277 30 151 1366 34 54 126 319 1663 310 498 82 64 111 72 79 26 3879 161 88 447 91 261
leaf_count=25 3694 2745 254 5060 144 89 54 277 30 151 1366 34 54 126 319 1663 310 498 82 64 111 72 79 26 3879 161 88 447 91 261
internal_value=-3.11128e-12 0.000172278 -0.000326378 0.000516601 0.000136889 -2.53658e-05 0.000616175 0.000764872 -0.00076303 -0.000645024 -0.000326066 -0.000721599 -0.0036429 1.49846e-05 0.00242563 0.000199911 0.0014462 0.00093809 0.00221709 -0.000366318 0.0015656 0.00324011 0.000265023 -0.000164917 -0.000208999 -0.00184658 5.27168e-05 -0.000679152 -0.00110148 0.00216544
internal_weight=22254 18560 7581 10979 4745 4491 2402 2348 2089 2059 1861 1710 198 5013 596 1752 344 5966 906 257 175 649 151 4626 4601 634 3967 473 2836 387
internal_count=22254 18560 7581 10979 4745 4491 2402 2348 2089 2059 1861 1710 198 5013 596 1752 344 5966 906 257 175 649 151 4626 4601 634 3967 473 2836 387
is_linear=0
shrinkage=0.05


Tree=64
num_leaves=31
num_cat=0
split_feature=28 9 21 15 10 8 12 24 14 4 3 10 3 14 25 6 3 4 8 10 5 7 19 20 11 13 9 22 10 19
split_gain=1.23696 0.79618 1.0119 0.714328 0.679826 0.674931 0.647392 0.60446 0.656797 0.601073 0.602496 0.630807 0.880038 0.579968 0.564203 0.74924 0.551327 0.96125 0.946962 0.747561 0.690383 0.668082 0.667846 0.686176 0.668579 0.634781 0.618483 0.655105 0.788071 0.659039
threshold=3.5000000000000004 6.745000000000001 -0.014999999999999998 0.044166666666666667 0.44295000000000001 0.08660000000000001 0.34595000000000004 -1.0000000180025095e-35 -0.08674166666666662 48.500000000000007 55.500000000000007 0.47505000000000003 34.500000000000007 0.03340000000000002 4.5000000000000009 0.15500000000000003 23.500000000000004 53.500000000000007 0.10650000000000001 0.39945000000000003 1.0000000180025095e-35 4.035000000000001 0.065000000000000016 -1.4749999999999999 0.060650000000000003 -1.5924999999999998 4.8550000000000013 -0.2700000000000003 0.2849000000000001 -0.0099999999999999863
decision_type=2 2 2 2 2 2 2 2 2 2 2 2 2 2 2 2 2 2 2 2 2 2 2 2 2 2 2 2 2 2
left_child=1 3 6 5 -4 -1 -3 8 14 10 11 12 13 -10 15 -2 17 19 25 -7 -19 22 23 -20 -25 -18 27 28 -26 -29
right_child=7 2 4 -5 -6 16 -8 -9 9 -11 -12 -13 -14 -15 -16 -17 18 20 21 -21 -22 -23 -24 24 26 -27 -28 29 -30 -31
leaf_value=-0.0026927652818611318 0.0026371032167092075 0.0015125831012378565 0.0061775657517896239 0.0051583179059283193 -6.3530046669590945e-05 0.0040621088001191515 0.0045084890953272002 3.3776374404619507e-05 -0.0026447586773309297 -0.00027105571770938197 0.006164506369863044 0.0026331716587064567 -0.0056725397059238002 0.0019117574682649301 -0.0026784802140160657 -0.0020647400485036232 0.011500211220620008 0.0019185612180634686 -0.0032733573754513386 -0.005122670608883103 -0.0066978935172107628 0.00023595659673998797 0.0058677103013906164 0.0070268804014756757 0.00023587680920172718 0.0021308961460211624 0.0044177985037950913 0.001811956016657253 -0.0091581407061312355 -0.0079036848133910102
leaf_weight=203 139 435 46 72 848 288 308 5013 243 4457 22 59 178 98 692 217 29 46 329 24 47 7869 32 29 320 48 51 24 24 64
leaf_count=203 139 435 46 72 848 288 308 5013 243 4457 22 59 178 98 692 217 29 46 329 24 47 7869 32 29 320 48 51 24 24 64
internal_value=-3.90438e-12 0.000372471 0.00139089 0.000196963 0.0002576 0.00015907 0.00275449 -0.000373074 -0.000707151 -0.000471061 -0.00195677 -0.00226588 -0.00282281 -0.00133526 -0.00184637 -0.000228908 0.000221833 0.00202567 0.000138994 0.00335559 -0.00243599 9.03681e-05 -0.00122193 -0.00149169 -0.000346829 0.0056596 -0.000789557 -0.00140431 -0.00041952 -0.00525396
internal_weight=22254 11136 1637 9499 894 9427 743 11118 6105 5057 600 578 519 341 1048 356 9224 405 8819 312 93 8742 873 841 512 77 483 432 344 88
internal_count=22254 11136 1637 9499 894 9427 743 11118 6105 5057 600 578 519 341 1048 356 9224 405 8819 312 93 8742 873 841 512 77 483 432 344 88
is_linear=0
shrinkage=0.05


Tree=65
num_leaves=31
num_cat=0
split_feature=2 22 24 13 8 30 7 13 28 16 27 14 0 29 13 22 23 7 8 22 10 3 2 22 22 7 26 4 24 9
split_gain=1.16839 0.93178 0.847241 0.844069 0.903439 0.82941 1.04946 0.724115 0.662418 0.606907 0.762974 0.655181 0.669522 0.774586 0.813484 0.602322 1.1012 0.668283 1.47987 1.17217 1.0893 0.781254 0.709663 0.649471 0.86633 0.71491 0.676661 0.640434 0.682687 0.748781
threshold=3.5000000000000004 -0.81499999999999984 -0.056666666666666192 0.99416666666666675 0.48400000000000004 -1.0000000180025095e-35 6.0550000000000006 0.23000000000000001 4.5000000000000009 1.5000000000000002 0.1000000000000001 -0.061741666666666618 2.5000000000000004 1.0000000180025095e-35 -0.50916666666666621 -1.8799999999999994 6.9050000000000011 5.6650000000000009 0.3423000000000001 -0.77999999999999947 0.24669999999999997 25.500000000000004 2.5000000000000004 -0.48999999999999994 0.42000000000000021 5.3750000000000009 0.1000000000000001 53.500000000000007 -0.023333333333333869 2.4450000000000007
decision_type=2 2 2 2 2 2 2 2 2 2 2 2 2 2 2 2 2 2 2 2 2 2 2 2 2 2 2 2 2 2
left_child=2 -2 9 4 5 6 -3 -7 15 10 -1 -11 13 -13 -15 16 -4 20 -19 -20 22 -21 23 25 26 -17 -25 28 -18 -30
right_child=1 3 8 -5 -6 7 -8 -9 -10 11 -12 12 -14 14 -16 17 27 18 19 21 -22 -23 -24 24 -26 -27 -28 -29 29 -31
leaf_value=-0.0078594787224360255 0.0040767798306861605 0.0037111137617522709 -0.0015173437824567981 0.0012142919815498771 -0.0012184491845438519 -0.00033883760763254588 -0.0086320487800620356 0.0017175298295065708 -0.00054470173944788929 -0.0025690171555295643 0.002675344684141 0.00060968098477129232 -0.0010256977095045243 0.00071365028797161023 0.014324881703056314 0.00069875057549764275 -0.0009494741121307016 -0.012717025571813187 -0.0039935950877463423 0.0030985935606763306 0.0012302176719070218 -0.00021022748779517039 0.0025150185393450117 -0.002003787961753648 0.00028161057045150809 -0.0061821903728951633 -0.011108618513459251 -0.0013794666954449245 0.00048783555656911869 0.0099798906638863538
leaf_weight=68 190 26 1052 2359 1064 748 51 1001 5088 487 23 239 990 21 23 1176 40 24 193 194 3189 2218 234 722 610 39 21 70 31 63
leaf_count=68 190 26 1052 2359 1064 748 51 1001 5088 487 23 239 990 21 23 1176 40 24 193 194 3189 2218 234 722 610 39 21 70 31 63
internal_value=-7.88924e-13 0.000637015 -0.00020605 0.000512505 -6.03386e-05 0.000614486 -0.00446423 0.000838077 -8.12238e-05 -0.00121518 -0.00519683 -0.00100931 -0.000412622 0.00173206 0.00782861 0.000157555 -0.000865391 0.000306606 -0.00035798 -0.000244116 0.000598242 5.59049e-05 -0.000121019 -0.000361218 -0.00111473 0.000477881 -0.00226113 0.00249664 0.00452147 0.00684953
internal_weight=22254 5439 16815 5249 2890 1826 77 1749 14964 1851 91 1760 1273 283 44 9876 1256 8620 2629 2605 5991 2412 2802 2568 1353 1215 743 204 134 94
internal_count=22254 5439 16815 5249 2890 1826 77 1749 14964 1851 91 1760 1273 283 44 9876 1256 8620 2629 2605 5991 2412 2802 2568 1353 1215 743 204 134 94
is_linear=0
shrinkage=0.05


Tree=66
num_leaves=31
num_cat=0
split_feature=1 3 10 18 14 9 10 20 24 0 3 27 23 22 23 0 3 24 15 23 19 8 10 26 26 20 14 3 15 15
split_gain=1.0933 0.783619 0.709869 0.66392 0.974258 0.885874 0.737179 0.74116 0.711786 0.84029 0.645881 0.621339 0.60742 0.896694 0.653801 0.983597 0.90228 0.756069 1.06794 0.776234 0.865215 0.695011 0.614062 0.604332 0.593838 0.591069 0.634654 0.571353 0.558772 0.792222
threshold=2.5000000000000004 21.500000000000004 0.65110000000000012 3.5000000000000004 -0.035808333333333324 1.5550000000000004 0.61430000000000018 0.22999999999999979 -0.038333333333333545 10.500000000000002 49.500000000000007 -0.07499999999999972 6.8150000000000004 -1.9999999999999996 6.9650000000000007 22.500000000000004 54.500000000000007 0.040000000000000487 0.0099999999999999967 7.0550000000000006 -0.014999999999999998 0.35859999999999997 0.10085000000000001 0.10999999999999989 0.039999999999999598 -3.0049999999999994 0.14772500000000002 25.500000000000004 -0.055833333333333325 -0.046666666666666641
decision_type=2 2 2 2 2 2 2 2 2 2 2 2 2 2 2 2 2 2 2 2 2 2 2 2 2 2 2 2 2 2
left_child=1 -1 3 6 8 -6 11 -8 9 -5 -4 -2 13 22 23 16 17 19 -19 20 21 -16 -3 -14 -7 -15 28 -24 -27 -30
right_child=2 12 10 4 5 24 7 -9 -10 -11 -12 -13 14 25 15 -17 -18 18 -20 -21 -22 -23 27 -25 -26 26 -28 -29 29 -31
leaf_value=-0.0046238998328713143 0.001380422158405763 0.0015561711049013878 0.0037886744442593503 -0.00066697457231172967 -0.0021306962284494057 -0.00038025531196503732 -0.0081209951926631708 -0.0011938469776796412 -0.00099925516126760593 -0.0046382403751179966 -0.0053098634347076186 -6.6653010347764949e-05 0.0016850711033142463 0.0083793060773092783 -0.00084440873383923813 -0.010764281566000799 -0.0075199465242189335 -0.01252921136841178 0.0027655327565125412 0.0045224249898363645 0.00096744457582139559 -0.01281651467592879 -0.010665975837502629 -0.0020346243489209725 0.00099607599602559676 -0.0077680070969191467 0.002680773710328536 -0.0027103421906037421 0.0072231622575782244 0.00014967269485023033
leaf_weight=74 826 79 172 219 539 2573 52 150 1539 340 22 7277 2163 23 27 22 37 25 21 126 288 22 25 115 1127 22 271 232 40 3806
leaf_count=74 826 79 172 219 539 2573 52 150 1539 340 22 7277 2163 23 27 22 37 25 21 126 288 22 25 115 1127 22 271 232 40 3806
internal_value=-2.11456e-12 0.000495622 -0.000247811 -0.000287622 -0.000673061 -0.000236911 6.48115e-06 -0.00297707 -0.0015543 -0.00308241 0.00275688 8.08583e-05 0.000547208 0.000185502 0.00111887 -0.000398801 1.88555e-05 0.000566863 -0.00554683 0.00117427 -7.75618e-05 -0.00621964 -0.00229914 0.00149729 3.89678e-05 0.000386088 0.000341671 -0.00348424 0.000177788 0.00022324
internal_weight=22254 7418 14836 14642 6337 4239 8305 202 2098 559 194 8103 7344 4498 2846 568 546 509 46 463 337 49 336 2278 3700 4162 4139 257 3868 3846
internal_count=22254 7418 14836 14642 6337 4239 8305 202 2098 559 194 8103 7344 4498 2846 568 546 509 46 463 337 49 336 2278 3700 4162 4139 257 3868 3846
is_linear=0
shrinkage=0.05


Tree=67
num_leaves=31
num_cat=0
split_feature=13 28 18 4 3 19 9 14 12 5 3 12 12 26 4 24 6 22 8 13 23 18 27 22 8 9 12 8 0 13
split_gain=1.06005 0.954586 0.717878 0.828321 0.723106 0.758543 0.694932 0.684265 0.828811 0.756916 0.903131 0.738119 0.747477 0.718465 0.652371 0.628241 0.714766 1.03694 0.671912 0.65856 0.608119 0.796019 0.607207 0.74914 0.598907 0.646518 0.975613 0.748934 0.766516 0.739976
threshold=1.6900000000000002 5.5000000000000009 3.5000000000000004 48.500000000000007 34.500000000000007 -0.014999999999999998 5.8450000000000006 -0.026808333333333375 0.46440000000000009 1.5000000000000002 38.500000000000007 0.71665000000000012 0.14645000000000002 -0.029999999999999801 58.500000000000007 -0.0033333333333316335 0.16500000000000004 1.1700000000000008 0.35535 0.081666666666666568 6.7650000000000006 5.5000000000000009 -0.015000000000000123 0.35999999999999971 0.43205000000000005 4.6750000000000007 0.23630000000000004 0.31745000000000007 21.500000000000004 0.23833333333333376
decision_type=2 2 2 2 2 2 2 2 2 2 2 2 2 2 2 2 2 2 2 2 2 2 2 2 2 2 2 2 2 2
left_child=1 2 15 4 5 -4 -7 8 -5 11 -11 12 13 -9 24 -1 -17 18 -18 -20 -10 -22 23 -21 25 26 -14 28 29 -28
right_child=-2 -3 3 7 -6 6 -8 9 20 10 -12 -13 14 -15 -16 16 17 -19 19 22 21 -23 -24 -25 -26 -27 27 -29 -30 -31
leaf_value=-7.880840246168443e-05 0.0014316422881513954 -0.00082591653202294859 -0.0087728781553988288 -0.0010425071426514076 -0.0031249145839182249 -0.00048253251629776282 0.0071169633942190563 -0.0052647408533375711 -0.00065861493878830444 -0.0079863039945284355 0.0021841154513614516 -0.0076851948363972564 0.0043917217130964512 -0.00036062938285995501 -0.0036639051766888726 0.00046472080839787019 0.0039200016851134046 -0.00095932642068324045 -0.0083956101117655651 -0.0090939168453864436 0.0080871563227750201 -0.0011702589973408197 0.0053439566261928393 0.0020413013714873653 -0.00076972307189582636 0.001828926859735304 -0.00069585635468243936 0.0029055216742289239 0.0029721720536638584 -0.0074683743706416526
leaf_weight=4631 1222 3588 26 2191 450 502 32 100 89 58 35 28 136 295 84 4485 497 215 20 23 69 35 54 44 520 1441 1016 186 140 42
leaf_count=4631 1222 3588 26 2191 450 502 32 100 89 58 35 28 136 295 84 4485 497 215 20 23 69 35 54 44 520 1441 1016 186 140 42
internal_value=-1.05325e-12 -8.31812e-05 6.95896e-05 -0.000300829 -0.00163247 -0.000433185 -2.7132e-05 -9.27918e-05 -0.000765812 0.000300367 -0.00415873 0.000404353 0.000461551 -0.00160218 0.000690211 0.000347338 0.000717043 0.00204373 0.00305574 9.35198e-06 0.00237533 0.00497168 0.0013986 -0.00178124 0.00079528 0.00107012 0.000350752 -4.63372e-05 -0.000504639 -0.000964709
internal_weight=22254 21032 17444 7475 1010 560 534 6465 2384 4081 93 3988 3960 395 3565 9969 5338 853 638 141 193 104 121 67 3481 2961 1520 1384 1198 1058
internal_count=22254 21032 17444 7475 1010 560 534 6465 2384 4081 93 3988 3960 395 3565 9969 5338 853 638 141 193 104 121 67 3481 2961 1520 1384 1198 1058
is_linear=0
shrinkage=0.05


Tree=68
num_leaves=31
num_cat=0
split_feature=9 28 24 21 9 15 27 0 24 16 22 22 0 12 8 9 10 13 3 15 7 15 20 8 1 13 8 22 14 13
split_gain=1.00805 0.884318 0.830737 0.744902 0.866914 0.685374 1.00402 0.893648 0.906341 0.633154 0.615368 0.746657 0.613704 0.593387 0.587237 0.818526 0.922593 0.710599 1.08442 0.615336 0.591215 0.593025 0.674652 0.590544 0.557542 0.697067 0.547019 0.740341 0.824539 0.729015
threshold=6.7650000000000006 4.5000000000000009 -0.064999999999998156 -0.014999999999999998 6.8550000000000013 0.025000000000000019 0.044999999999999936 19.500000000000004 -0.031666666666666725 3.5000000000000004 -0.97499999999999998 0.11999999999999968 3.5000000000000004 0.41350000000000003 0.38120000000000004 7.1250000000000009 0.57550000000000012 0.88000000000000045 30.500000000000004 0.0049999999999999914 6.3350000000000009 0.0066666666666666688 0.6499999999999998 0.32545000000000007 3.5000000000000004 -0.68333333333333324 0.44870000000000004 -0.35000000000000026 -1.0000000180025095e-35 0.61333333333333384
decision_type=2 2 2 2 2 2 2 2 2 2 2 2 2 2 2 2 2 2 2 2 2 2 2 2 2 2 2 2 2 2
left_child=1 2 12 -2 -5 -4 7 8 -7 -8 -9 -12 -1 -14 23 16 17 18 -16 -20 21 22 -17 -6 25 -15 -3 28 -28 -29
right_child=3 26 5 4 14 6 9 10 -10 -11 11 -13 13 24 15 20 -18 -19 19 -21 -22 -23 -24 -25 -26 -27 27 29 -30 -31
leaf_value=0.0010244060325518875 0.0018939165524762217 -0.00041929582560978662 0.00011143984402102501 0.0033475658873151101 -0.0047779453674420009 0.0068626237612166635 0.0034033692627194892 0.0052951755980029701 0.0009610863773973369 0.011080126303273279 -0.010709706827765331 -0.0017633281910939544 -0.0027774293829979555 -0.0038976894818585025 -0.011908661240013316 0.0039389035001437629 -0.0070498824434920768 0.0010797641032089208 0.00037036765995618749 -0.0054682296879556298 0.00092219092003367016 -0.0067183837790421586 -0.0056988792011785951 0.0043222952365748963 -0.0042630771698895847 0.0066608962154498814 0.012073274967260659 -0.0039541808881291092 -0.0022841224307194354 -0.00092787413255664543
leaf_weight=203 1103 5744 10939 199 21 73 98 20 598 37 32 86 555 22 30 46 79 192 127 70 804 54 30 118 32 54 20 319 20 529
leaf_count=203 1103 5744 10939 199 21 73 98 20 598 37 32 86 555 22 30 46 79 192 127 70 804 54 30 118 32 54 20 319 20 529
internal_value=1.91611e-12 -0.000129565 0.000114031 0.000874033 0.000238478 0.000222989 0.00151562 0.000849503 0.00160313 0.00550737 -0.00281488 -0.00418946 -0.00138106 -0.00211758 -0.000155353 -0.000456532 -0.00209362 -0.00115915 -0.00305286 -0.00170426 0.000416351 -0.00271207 0.000134516 0.00294744 0.00127334 0.00360446 -0.000597841 -0.00175275 0.00489458 -0.00206631
internal_weight=22254 19381 12749 2873 1770 11883 944 809 671 135 138 118 866 663 1571 1432 498 419 227 197 934 130 76 139 108 76 6632 888 40 848
internal_count=22254 19381 12749 2873 1770 11883 944 809 671 135 138 118 866 663 1571 1432 498 419 227 197 934 130 76 139 108 76 6632 888 40 848
is_linear=0
shrinkage=0.05


Tree=69
num_leaves=31
num_cat=0
split_feature=20 17 13 8 18 11 18 2 26 1 11 8 23 20 8 8 24 22 23 23 0 12 9 8 13 23 10 30 20 2
split_gain=0.958781 0.761708 0.709469 0.661112 0.920307 0.622175 0.642215 0.637847 0.615381 0.641499 0.869522 0.719347 0.637665 0.620728 0.615086 0.596202 0.776528 0.837508 0.685903 0.652996 0.599838 0.594185 0.699979 0.89131 0.620984 0.612836 0.609999 0.608133 0.599653 0.592421
threshold=-0.67500000000000016 1.5000000000000002 1.8925000000000003 0.44725000000000009 2.5000000000000004 0.29450000000000004 4.5000000000000009 3.5000000000000004 -0.22000000000000017 4.5000000000000009 0.46300000000000002 0.55715000000000015 6.5450000000000008 2.3750000000000009 0.08660000000000001 0.24750000000000003 0.036666666666666632 -1.9099999999999993 6.8850000000000007 6.9850000000000012 1.5000000000000002 0.40560000000000002 6.995000000000001 0.44480000000000003 0.46666666666666728 6.9050000000000011 0.47665000000000007 -1.4999999999999998 2.7350000000000008 3.5000000000000004
decision_type=2 2 2 2 2 2 2 2 2 2 2 2 2 2 2 2 2 2 2 2 2 2 2 2 2 2 2 2 2 2
left_child=3 14 8 5 -5 6 7 -1 -3 11 21 12 -10 -13 -2 18 17 -17 -16 20 -18 22 23 25 -25 27 -27 -11 -26 -14
right_child=1 2 -4 4 -6 -7 -8 -9 9 10 -12 13 29 -15 15 16 19 -19 -20 -21 -22 -23 -24 24 28 26 -28 -29 -30 -31
leaf_value=-0.0006032054795093361 -0.0076132018473886315 0.0081229802706967221 0.001657665680927727 0.0005471992696648542 -0.0071046131616722885 -7.6987705415060823e-05 -0.0021692504296055111 0.0060563337718564517 -0.0078798980781963728 0.006107472055233442 -0.0043652920646205439 -0.0016492394061462983 1.1216965020988078e-05 -0.0099693407416343704 0.0017711294924622593 -0.0082528899006288625 0.0093027640941242377 0.00030813605951357054 0.0070489180653327682 -0.0052709178268459849 0.0020785987169465404 0.00091218029916022628 0.0016514846919886445 -0.005347266357363851 -0.00094417074537063602 -0.001765394870958784 -0.0099884781676034141 -0.00021882741949559201 -0.00626915191420384 0.00096354782126414689
leaf_weight=1274 21 23 643 71 88 4319 867 37 24 39 149 217 5736 25 324 29 30 1917 76 29 681 638 267 165 359 374 24 1463 62 2283
leaf_count=1274 21 23 643 71 88 4319 867 37 24 39 149 217 5736 25 324 29 30 1917 76 29 681 638 267 165 359 374 24 1463 62 2283
internal_value=8.29596e-13 0.000214387 4.01251e-05 -0.000502404 -0.00368777 -0.00042445 -0.00111347 -0.000415255 -4.76601e-05 -6.35522e-05 -0.000626946 0.000177174 0.000257989 -0.00250875 0.000914967 0.000973 0.000704808 0.000180557 0.00277391 0.00208345 0.00238342 -0.000462684 -0.000781305 -0.00104259 -0.00274734 -0.000516808 -0.00226126 -5.45627e-05 -0.00172837 0.000282344
internal_weight=22254 15598 12491 6656 159 6497 2178 1311 11848 11825 3540 8285 8043 242 3107 3086 2686 1946 400 740 711 3391 2753 2486 586 1900 398 1502 421 8019
internal_count=22254 15598 12491 6656 159 6497 2178 1311 11848 11825 3540 8285 8043 242 3107 3086 2686 1946 400 740 711 3391 2753 2486 586 1900 398 1502 421 8019
is_linear=0
shrinkage=0.05


Tree=70
num_leaves=31
num_cat=0
split_feature=28 24 9 0 20 24 12 15 24 12 4 27 7 27 20 23 0 14 24 23 17 17 11 27 25 13 3 11 11 17
split_gain=0.872473 0.752775 0.634667 0.567637 0.560326 0.551859 0.800757 0.991565 0.728312 0.639716 0.645087 0.58916 0.720803 0.573388 0.572838 0.555371 0.542172 0.817873 0.532356 0.690746 0.618723 0.52036 0.558318 0.688876 0.549012 0.586488 0.518639 0.523764 0.6414 0.516467
threshold=1.5000000000000002 0.06000000000000006 4.1950000000000012 3.5000000000000004 -3.4249999999999994 0.074999999999999747 0.36120000000000002 -0.0036666666666666787 0.14583333333333307 0.34435000000000004 50.500000000000007 -0.16500000000000001 5.7150000000000007 -0.12499999999999999 1.155 6.6850000000000014 1.5000000000000002 -0.0090916666666666628 -0.065000000000000821 6.8350000000000009 3.5000000000000004 3.5000000000000004 0.26505000000000006 -0.090000000000000288 1.5000000000000002 0.52000000000000013 58.500000000000007 0.40515000000000001 0.40154999999999996 1.5000000000000002
decision_type=2 2 2 2 2 2 2 2 2 2 2 2 2 2 2 2 2 2 2 2 2 2 2 2 2 2 2 2 2 2
left_child=3 2 26 16 -4 -3 7 -7 11 10 15 12 -8 -13 -15 -9 17 -1 19 -5 -21 24 -23 -24 25 -12 27 28 -2 -6
right_child=1 5 4 18 29 6 8 9 -10 -11 21 13 -14 14 -16 -17 -18 -19 -20 20 -22 22 23 -25 -26 -27 -28 -29 -30 -31
leaf_value=-0.0027163195002593856 -0.00084066349163622724 0.0020993708107384574 0.0058608807052951311 -0.01049112912944772 0.00060085911440728218 -0.0036649679935240259 0.0020237854753549283 -0.00023703295039013029 0.010182899537567909 -0.0044935359897163626 -0.0021468544583002182 0.0067857788430109372 -0.010273267230315304 -0.00068181046153212559 0.0055207934812642641 0.010207613216979163 -0.0027863028810798125 0.0037437498841836297 0.0010313515000554133 -0.0046266811118195099 0.0042409232263830865 0.0022769818734377622 -0.010161605143152617 0.0015329300332814456 0.0094579215500165126 0.0043066153791775884 -0.0035852706431737779 0.00046829207843507227 -0.0085758713108521917 -0.00022314281907847143
leaf_weight=89 3607 606 40 22 2348 214 26 20 26 52 73 58 22 131 52 35 215 109 3198 42 37 35 34 20 22 68 154 869 27 10003
leaf_count=89 3607 606 40 22 2348 214 26 20 26 52 73 58 22 131 52 35 215 109 3198 42 37 35 34 20 22 68 154 869 27 10003
internal_value=9.7758e-13 -0.000140077 -0.000234388 0.000699707 -4.73606e-05 0.000936105 0.000142255 -0.000970993 0.00216731 0.000634886 0.00150354 0.00144618 -0.00361236 0.00245369 0.00108068 0.00640956 -0.00104779 0.000839981 0.000918476 -0.00265556 -0.000473499 0.000432786 -0.00264204 -0.0058303 0.00211168 0.000965457 -0.000732018 -0.000634438 -0.000898135 -6.64951e-05
internal_weight=22254 18542 17048 3712 12391 1494 888 573 315 359 307 289 48 241 183 55 413 198 3299 101 79 252 89 54 163 141 4657 4503 3634 12351
internal_count=22254 18542 17048 3712 12391 1494 888 573 315 359 307 289 48 241 183 55 413 198 3299 101 79 252 89 54 163 141 4657 4503 3634 12351
is_linear=0
shrinkage=0.05


Tree=71
num_leaves=31
num_cat=0
split_feature=13 28 14 23 12 0 14 4 0 3 3 3 0 10 23 14 22 23 3 22 7 1 7 9 0 12 17 13 23 23
split_gain=0.830428 0.738257 0.601255 0.775314 0.749745 0.673792 0.651019 0.730999 0.636373 1.1428 0.694414 0.670767 0.679875 0.646151 0.617946 0.614378 0.595566 0.767623 1.25327 0.641705 0.605703 0.683488 0.813475 0.813577 0.756944 0.691083 0.686419 0.808932 0.615101 0.721646
threshold=1.6900000000000002 5.5000000000000009 -0.026108333333333286 6.5750000000000011 0.11324999999999992 1.5000000000000002 0.03340000000000002 56.500000000000007 1.5000000000000002 37.500000000000007 60.500000000000007 53.500000000000007 3.5000000000000004 0.42815000000000009 6.7550000000000008 -0.019525000000000011 -1.9999999999999996 6.9050000000000011 39.500000000000007 -2.1649999999999987 4.4050000000000011 1.5000000000000002 7.2550000000000008 6.3350000000000009 2.5000000000000004 0.21915000000000004 1.5000000000000002 0.1700000000000004 7.0150000000000006 7.0750000000000011
decision_type=2 2 2 2 2 2 2 2 2 2 2 2 2 2 2 2 2 2 2 2 2 2 2 2 2 2 2 2 2 2
left_child=1 2 3 -1 -5 6 7 -4 9 -6 11 -10 -13 -14 -11 -7 17 19 -19 -17 28 24 23 -23 -22 26 -26 -28 -18 -30
right_child=-2 -3 5 4 8 15 -8 -9 10 14 -12 12 13 -15 -16 16 20 18 -20 -21 21 22 -24 -25 25 -27 27 -29 29 -31
leaf_value=-0.007347310021615182 0.0012671315710426551 -0.00072679885523196236 0.0012794086912268434 0.0018755929434091908 0.0014500489843118451 0.001890047517768383 0.003647828381345199 -0.0058739527605655723 -0.00016068606239249129 -0.0079757971924611908 0.0052513958412289084 0.0046176581341471224 -0.003140467844603971 0.0014912382034688362 -0.002478918943351375 -0.0012706720181785596 0.0013438648632878101 -0.0021054943839442872 0.0059113641557345109 -0.0054894126262994506 -0.0042977486580970106 -0.00046894082106592081 -0.0040059180770396679 0.00091222545402001452 0.00058677533663631907 0.0015987793059365745 -0.0126336030960083 -0.0016542247027460048 -0.0079749942879731722 0.0035743361106142404
leaf_weight=39 1222 3588 277 381 115 507 285 41 5144 87 56 37 461 90 124 572 1450 105 91 107 66 4226 138 1426 147 1337 25 51 38 21
leaf_count=39 1222 3588 277 381 115 507 285 41 5144 87 56 37 461 90 124 572 1450 105 91 107 66 4226 138 1426 147 1337 25 51 38 21
internal_value=-1.66941e-13 -7.36228e-05 6.07269e-05 -0.000318587 -0.000276383 0.000287898 0.00191243 0.00035712 -0.000410485 -0.00255989 -0.000289423 -0.000343555 -0.00194335 -0.00238393 -0.0047454 0.000192857 0.000105053 -0.00113981 0.00161662 -0.00193548 0.000227099 4.12945e-05 -0.000213079 -0.000120472 0.000947089 0.00116899 -0.00140785 -0.00526586 0.00114024 -0.00386422
internal_weight=22254 21032 17444 6534 6495 10910 603 318 6114 326 5788 5732 588 551 211 10307 9800 875 196 679 8925 7416 5790 5652 1626 1560 223 76 1509 59
internal_count=22254 21032 17444 6534 6495 10910 603 318 6114 326 5788 5732 588 551 211 10307 9800 875 196 679 8925 7416 5790 5652 1626 1560 223 76 1509 59
is_linear=0
shrinkage=0.05


Tree=72
num_leaves=31
num_cat=0
split_feature=13 1 0 24 9 8 7 26 0 7 20 22 3 24 7 5 1 3 17 10 12 6 9 7 14 5 2 20 10 19
split_gain=0.787291 0.661977 0.600776 0.621234 0.663829 0.731365 0.799782 1.07965 0.68583 1.05183 0.741613 0.763026 0.653454 0.679362 0.812221 0.876611 0.652145 0.650452 0.768609 0.637277 0.648033 0.633264 0.66765 0.696994 0.60856 0.948038 0.711692 0.613131 0.618603 0.604276
threshold=-0.66999999999999937 2.5000000000000004 2.5000000000000004 -0.056666666666666192 7.5250000000000012 0.45174999999999993 6.1650000000000009 0.010000000000000233 5.5000000000000009 6.3550000000000013 -0.37499999999999994 -0.015000000000000123 22.500000000000004 -0.0050000000000003366 4.3550000000000013 1.0000000180025095e-35 5.5000000000000009 45.500000000000007 4.5000000000000009 0.5495000000000001 0.29675000000000001 0.22500000000000003 5.0550000000000006 4.4350000000000014 0.017675 1.5000000000000002 1.5000000000000002 -1.3999999999999995 0.23169999999999999 0.02
decision_type=2 2 2 2 2 2 2 2 2 2 2 2 2 2 2 2 2 2 2 2 2 2 2 2 2 2 2 2 2 2
left_child=-1 -2 -3 -4 5 12 7 16 19 -10 11 -11 13 -5 -15 -16 -7 29 -19 20 -8 22 23 -14 25 26 -24 -28 -29 -12
right_child=1 2 3 4 -6 6 8 -9 9 10 17 -13 21 14 15 -17 -18 18 -20 -21 -22 -23 24 -25 -26 -27 27 28 -30 -31
leaf_value=-0.00052986821759699626 0.00058191762645182948 0.0011031865194104124 -0.0013824244868212434 -0.001364789449144155 0.0020983352503694628 -0.011013290932465156 0.00093635216184046084 0.0010770937502349947 0.0029005107258617078 0.0026656927318190753 -0.0004215078732497028 -0.0078694900549153846 0.00092091358272745503 0.013838921726235879 0.0097287551588096637 -0.00057929321276870645 -0.0013775335717946292 -0.0007201322071653392 -0.0061474968303138252 -0.0083631138820201168 -0.0057852820852069102 -0.0080594648529465004 0.0076667296844695147 -0.00096763298529658256 0.0014099064427822586 0.0075629490268666576 0.0037055207622286521 -0.008384334460909788 -0.00030873250428708007 0.0033972196440261448
leaf_weight=5331 6129 993 979 54 344 59 87 51 215 23 1135 68 643 23 33 55 25 175 104 50 61 24 29 2034 1267 41 95 24 1989 114
leaf_count=5331 6129 993 979 54 344 59 87 51 215 23 1135 68 643 23 33 55 25 175 104 50 61 24 29 2034 1267 41 95 24 1989 114
internal_value=1.5179e-12 0.000166916 -6.87276e-05 -0.000187461 -5.48534e-05 -0.00014222 -0.00093474 -0.00466141 -0.000687151 -0.00038533 -0.000821684 -0.00520675 0.000129906 0.00323506 0.00547282 0.00328622 -0.00814551 -0.000560531 -0.00274324 -0.0034828 -0.00183405 4.65431e-05 7.8321e-05 -0.000514015 0.000538606 3.17482e-05 -0.000112744 -0.000219767 -0.000405014 -7.29611e-05
internal_weight=22254 16923 10794 9801 8822 8478 2167 135 2032 1834 1619 91 6311 165 111 88 84 1528 279 198 148 6146 6122 2677 3445 2178 2137 2108 2013 1249
internal_count=22254 16923 10794 9801 8822 8478 2167 135 2032 1834 1619 91 6311 165 111 88 84 1528 279 198 148 6146 6122 2677 3445 2178 2137 2108 2013 1249
is_linear=0
shrinkage=0.05


Tree=73
num_leaves=31
num_cat=0
split_feature=2 22 11 20 27 22 8 14 7 8 22 18 8 3 22 24 24 3 24 19 12 4 9 13 16 26 26 24 27 14
split_gain=0.759676 0.833906 0.723918 0.737381 0.965768 0.702983 0.76684 1.09505 0.70192 0.69843 0.752854 0.630089 0.623383 0.666298 0.605911 0.605401 0.594581 0.61385 0.733434 0.826093 0.620826 0.595549 0.623008 0.703676 0.560495 0.677323 0.55932 0.555927 0.552319 0.911058
threshold=3.5000000000000004 -0.81499999999999984 0.32770000000000005 -0.20500000000000004 0.069999999999999854 2.8150000000000008 0.52680000000000005 0.0023916666666666257 6.7950000000000008 0.42580000000000007 1.3700000000000006 3.5000000000000004 0.4612 55.500000000000007 0.49499999999999994 -0.056666666666666192 -0.074999999999998831 40.500000000000007 0.048333333333334234 -0.014999999999999998 0.34515000000000001 53.500000000000007 6.6150000000000011 0.55333333333333423 1.5000000000000002 0.1000000000000001 -0.060000000000000046 0.086666666666666461 -0.055000000000000153 0.068508333333333268
decision_type=2 2 2 2 2 2 2 2 2 2 2 2 2 2 2 2 2 2 2 2 2 2 2 2 2 2 2 2 2 2
left_child=15 -2 5 4 9 6 11 8 -8 -4 -11 -3 16 14 27 24 -5 21 19 20 -19 -18 -23 -24 25 -1 -7 28 29 -14
right_child=1 2 3 12 -6 26 7 -9 -10 10 -12 -13 13 -15 -16 -17 17 18 -20 -21 -22 22 23 -25 -26 -27 -28 -29 -30 -31
leaf_value=-0.008177128635967772 0.0037677501004777462 0.00044479133544947147 0.0023207877950044351 0.007774034928424163 -0.0083547634839239281 0.0088843534669528403 -0.0094104947401555603 -0.010743291367867239 -0.001055837843354037 -0.0033115257665634768 0.0069409531544079072 -0.0018516057372638573 -0.00049956883624966808 -0.0076641318233062819 0.001498147383287463 -6.0629559156675848e-05 0.0018678174428446788 0.0053833085146139971 -0.0010780772433389683 0.0064400643163704686 -0.0015910234550430783 0.0012209410170236461 -0.013203062196262182 -0.0021060661152005195 -0.0008213340591181474 0.00073972394046209315 0.0014857290227028412 0.0050024498155107726 -0.00054978301911391507 -0.014371182043105363
leaf_weight=57 190 1410 150 46 41 30 27 36 365 171 20 379 29 24 924 14964 394 55 74 201 76 78 20 50 1760 34 172 40 417 20
leaf_count=57 190 1410 150 46 41 30 27 36 365 171 20 379 29 24 924 14964 394 55 74 201 76 78 20 50 1760 34 172 40 417 20
internal_value=-7.88368e-13 0.000513652 0.000395862 0.000938739 -0.0011044 -0.000239252 -0.000496538 -0.00239772 -0.00163129 -0.00023265 -0.00223797 -4.17008e-05 0.00125756 0.000597852 0.000736514 -0.000166147 0.00222257 0.00195319 0.00342325 0.00442656 0.00133713 0.000852009 -0.00185224 -0.00527664 -0.00101918 -0.00484556 0.00258453 -0.000654294 -0.00113985 -0.00616145
internal_weight=22254 5439 5249 2830 382 2419 2217 428 392 341 191 1789 2448 1454 1430 16815 994 948 406 332 131 542 148 70 1851 91 202 506 466 49
internal_count=22254 5439 5249 2830 382 2419 2217 428 392 341 191 1789 2448 1454 1430 16815 994 948 406 332 131 542 148 70 1851 91 202 506 466 49
is_linear=0
shrinkage=0.05


Tree=74
num_leaves=31
num_cat=0
split_feature=20 17 10 8 18 8 7 22 11 11 26 24 23 11 25 7 10 19 15 21 27 24 27 1 26 20 22 25 26 12
split_gain=0.721259 0.594596 0.604061 0.57304 0.812499 0.546559 0.564969 0.542746 0.535389 0.57315 0.532773 0.529701 0.528525 0.505285 0.769575 0.478737 0.631233 0.692788 0.637862 0.579354 0.668006 0.624601 0.563266 0.605728 0.552788 0.497782 0.480725 0.514069 0.521451 0.504855
threshold=-0.67500000000000016 1.5000000000000002 0.65110000000000012 0.44725000000000009 2.5000000000000004 0.08660000000000001 3.3750000000000004 -0.3050000000000001 0.29450000000000004 0.29045000000000004 -0.22000000000000017 -0.080833333333333521 6.5950000000000006 0.49269999999999997 5.5000000000000009 6.035000000000001 0.39945000000000003 0.015000000000000001 -0.00083333333333335247 -0.025000000000000005 -0.1400000000000001 0.033333333333333666 -0.055000000000000153 2.5000000000000004 -0.12499999999999999 -0.11999999999999965 1.125 1.5000000000000002 0.050000000000000273 0.31405000000000005
decision_type=2 2 2 2 2 2 2 2 2 2 2 2 2 2 2 2 2 2 2 2 2 2 2 2 2 2 2 2 2 2
left_child=3 5 10 8 -5 -2 -7 -6 9 11 -3 -1 -8 -12 -15 16 24 18 -18 -17 -21 22 23 -22 -14 -23 29 -28 -29 -26
right_child=1 2 -4 4 7 6 12 -9 -10 -11 13 -13 15 14 -16 19 17 -19 -20 20 21 25 -24 -25 26 -27 27 28 -30 -31
leaf_value=-0.0039885734531767934 -0.007234157320289385 0.0077574332075362852 0.0025268319966697071 0.00057783405326018245 0.00040197642021147273 0.0088435672763311733 0.0049479321740412471 -0.0088102059327621954 -4.0856224409296799e-05 -0.0041576521836773116 2.204457077818119e-05 -0.000590943239336257 0.0066920736819922333 -0.0011890686831119851 -0.0094816013817645376 0.0019461929584475479 -0.0016471228655995575 0.0077648036091969436 0.0035529370247275524 -0.00752484085687408 -0.011115954543843315 0.008316218331814387 -0.00057988090678138214 -0.0018542911291268525 -0.0001114919152840604 0.0010510688463341916 -0.0059742372688453872 0.0011186432358204523 -0.006398632508015519 0.0021456796253569335
leaf_weight=122 21 22 238 71 21 22 75 67 4319 135 11913 1921 38 287 31 305 82 66 210 33 27 26 697 51 491 253 51 131 28 500
leaf_count=122 21 22 238 71 21 22 75 67 4319 135 11913 1921 38 287 31 305 82 66 210 33 27 26 697 51 491 253 51 131 28 500
internal_value=1.57639e-12 0.000185945 3.1981e-05 -0.000435752 -0.00340136 0.000804921 0.000859627 -0.00661184 -0.000363175 -0.00100234 -1.64786e-05 -0.000793836 0.000802301 -3.04616e-05 -0.00199746 0.000698279 0.00128905 0.00313835 0.00209265 2.0499e-05 -0.000519829 -0.000300507 -0.00103081 -0.00506025 0.000754714 0.00172811 0.000566854 -0.00160622 -0.000205154 0.00102734
internal_weight=22254 15598 12491 6656 159 3107 3086 88 6497 2178 12253 2043 3064 12231 318 2989 1597 358 292 1392 1087 1054 775 78 1239 279 1201 210 159 991
internal_count=22254 15598 12491 6656 159 3107 3086 88 6497 2178 12253 2043 3064 12231 318 2989 1597 358 292 1392 1087 1054 775 78 1239 279 1201 210 159 991
is_linear=0
shrinkage=0.05


Tree=75
num_leaves=31
num_cat=0
split_feature=13 28 4 24 18 4 10 3 19 30 4 5 26 14 12 12 14 12 12 20 14 8 4 7 8 22 7 9 26 27
split_gain=0.697901 0.624267 0.529717 1.02966 0.501004 0.739662 0.660813 0.710398 0.645691 0.55184 0.573234 0.543058 0.963913 0.575355 0.671612 0.646756 0.638818 0.626399 0.644194 0.960777 0.647999 0.637868 0.620479 0.593283 0.582818 0.621802 0.876389 0.577982 0.577099 0.573522
threshold=1.6900000000000002 5.5000000000000009 48.500000000000007 0.024999999999999915 3.5000000000000004 48.500000000000007 0.52975000000000005 34.500000000000007 -0.014999999999999998 -2.4999999999999996 53.500000000000007 1.5000000000000002 0.020000000000000021 -0.026808333333333375 0.46440000000000009 0.71665000000000012 -0.013549999999999977 0.15955000000000003 0.23630000000000004 -0.40999999999999986 0.044008333333333351 0.23119999999999999 58.500000000000007 7.0750000000000011 0.16585000000000003 -1.73 4.4750000000000005 2.0050000000000003 -1.0000000180025095e-35 0.069999999999999854
decision_type=2 2 2 2 2 2 2 2 2 2 2 2 2 2 2 2 2 2 2 2 2 2 2 2 2 2 2 2 2 2
left_child=1 4 3 -2 9 6 7 8 -6 10 -1 13 -13 14 -7 16 24 27 19 -19 23 -21 -22 -20 -15 26 -26 -18 -29 -30
right_child=2 -3 -4 -5 5 11 -8 -9 -10 -11 -12 12 -14 15 -16 -17 17 18 20 21 22 -23 -24 -25 25 -27 -28 28 29 -31
leaf_value=-0.0089177253338592975 -0.0055230337563998907 -0.00066812921326519928 0.0015161580649618121 0.0036918398775160318 -0.0082554091771061596 -0.0008617042216561686 0.005447113737252287 -0.0032833627544973489 -0.0001835740033710666 0.00031727102996059595 0.00080896285029926479 -0.0058404955873030684 0.003053829644341022 -0.0028572535375133157 0.0022625255567628026 -0.0071953426580876117 -0.006949024642412753 0.00573623807723532 -0.0003668014727613852 0.006688583208697624 0.0011808020189817911 -0.0015299964244715782 -0.005471255926467064 -0.0081339810169301936 0.0025953043917460103 0.0021870555763976503 0.016299233646132054 -0.0036550633142478691 0.0019294171094668467 -0.0045380651501418894
leaf_weight=33 77 3588 1095 50 26 2147 33 425 526 9908 28 99 44 48 187 28 46 137 1482 29 1336 127 36 25 28 308 20 126 169 43
leaf_count=33 77 3588 1095 50 26 2147 33 425 526 9908 28 99 44 48 187 28 46 137 1482 29 1336 127 36 25 28 308 20 126 169 43
internal_value=4.92934e-12 -6.74929e-05 0.00116163 -0.00189513 5.605e-05 -0.000253398 -0.00151176 -0.00174681 -0.000563769 0.000288082 -0.00445302 -5.68099e-05 -0.00310378 1.21108e-05 -0.000611391 0.000377019 0.000430561 0.000216508 0.000447403 0.00268097 0.000220089 -2.18354e-06 0.00100626 -0.000495653 0.00231465 0.00301198 0.00830527 -0.00169078 -0.000975158 0.000617616
internal_weight=22254 21032 1222 127 17444 7475 1010 977 552 9969 61 6465 143 6322 2334 3988 3960 3556 3172 293 2879 156 1372 1507 404 356 48 384 338 212
internal_count=22254 21032 1222 127 17444 7475 1010 977 552 9969 61 6465 143 6322 2334 3988 3960 3556 3172 293 2879 156 1372 1507 404 356 48 384 338 212
is_linear=0
shrinkage=0.05


Tree=76
num_leaves=31
num_cat=0
split_feature=24 12 24 13 3 21 7 4 10 24 6 24 23 0 14 24 24 8 26 13 6 11 10 9 6 13 8 8 2 20
split_gain=0.671423 0.769724 0.818399 0.691558 0.678766 0.652264 0.648979 0.688355 1.14803 0.841975 0.77551 0.643928 0.637822 0.635817 0.615676 1.09078 0.614464 0.606335 0.590369 0.594397 0.586056 0.547638 0.519487 0.953687 0.495279 0.921067 0.61936 0.597124 0.739337 0.514992
threshold=0.063333333333333033 0.36464999999999997 0.073333333333333708 -0.66999999999999937 55.500000000000007 0.020000000000000014 4.4050000000000011 49.500000000000007 0.5495000000000001 -0.076666666666665759 0.21500000000000002 0.056666666666667094 6.6350000000000007 14.500000000000002 -0.16615833333333332 0.0083333333333333055 0.15666666666666676 0.19255000000000003 -0.16500000000000001 1.6900000000000002 0.14500000000000005 0.36525000000000002 0.27675000000000005 4.8550000000000013 0.15500000000000003 0.22000000000000022 0.40075 0.43345 2.5000000000000004 -1.6400000000000001
decision_type=2 2 2 2 2 2 2 2 2 2 2 2 2 2 2 2 2 2 2 2 2 2 2 2 2 2 2 2 2 2
left_child=3 2 12 -1 16 -4 11 8 9 -8 18 22 -2 -12 15 -11 24 -7 -9 -20 -16 -10 -5 -24 25 27 29 28 -3 -26
right_child=1 4 5 6 -6 17 7 10 21 14 13 -13 -14 -15 20 -17 -18 -19 19 -21 -22 -23 23 -25 26 -27 -28 -29 -30 -31
leaf_value=-0.00059320457856127306 0.0066582253128881497 -0.002248110794736182 -0.0001315122360072242 0.0019125029839192646 -0.0062963548285717326 0.0023522825246410713 -0.007454676949948242 -0.007119290307829422 0.0066279653992430271 -0.0017741062343120577 -0.012263174691116034 -0.0060894392830474929 0.0011822330452197251 -7.3523621540516626e-05 -0.0035101357638122471 -0.015590270201209934 0.011262315483763816 -0.0060403524202004236 4.9152397496702687e-05 0.001348222490018073 -0.00049420371016474659 4.4745519378427737e-05 -0.0037634055313901628 0.0017855637505613696 0.00033698498842899097 0.0026595486992517033 0.00050161461952874173 0.0027434084176396331 -0.014363395473919811 0.0063882598519142313
leaf_weight=5014 63 34 722 948 22 28 55 28 68 50 23 30 341 20 187 20 20 93 11436 954 1162 59 128 196 44 185 105 24 20 175
leaf_count=5014 63 34 722 948 22 28 55 28 68 50 23 30 341 20 187 20 20 93 11436 954 1162 59 128 196 44 185 105 24 20 175
internal_value=-1.26634e-12 0.000905167 0.000185861 -8.33297e-05 0.0023312 -0.000700879 8.30666e-05 -1.58149e-05 -0.000991778 -0.00138479 0.000109578 0.00115102 0.00203616 -0.00659357 -0.00114952 -0.00572158 0.00264389 -0.00409826 0.000132789 0.000149178 -0.000912276 0.00356962 0.00132178 -0.000406622 0.00235025 0.000738231 0.00365877 -0.00381874 -0.00673525 0.00517248
internal_weight=22254 1876 1247 20378 629 843 15364 14062 1601 1474 12461 1302 404 43 1419 70 607 121 12418 12390 1349 127 1272 324 587 263 324 78 54 219
internal_count=22254 1876 1247 20378 629 843 15364 14062 1601 1474 12461 1302 404 43 1419 70 607 121 12418 12390 1349 127 1272 324 587 263 324 78 54 219
is_linear=0
shrinkage=0.05


Tree=77
num_leaves=31
num_cat=0
split_feature=9 9 22 28 24 30 22 27 20 15 14 14 20 16 15 9 26 11 14 4 22 0 12 19 24 27 3 17 4 11
split_gain=0.628608 0.663456 0.732745 0.561271 0.621368 0.567854 0.599851 0.789531 0.598248 0.574689 1.03649 0.883298 0.653353 0.951719 0.919605 0.763213 0.758573 0.569729 0.745839 0.566341 0.516239 0.500513 0.537955 0.495846 0.910488 0.726118 0.854084 0.580803 0.654655 0.691588
threshold=6.7650000000000006 6.9050000000000011 2.515000000000001 4.5000000000000009 -0.064999999999998156 1.0000000180025095e-35 2.015000000000001 -1.0000000180025095e-35 -1.0000000180025095e-35 0.02 -0.10786666666666671 -0.016374999999999997 -1.1049999999999998 1.5000000000000002 0.020833333333333332 6.4450000000000012 -0.07499999999999972 0.54775000000000007 0.25506666666666672 53.500000000000007 1.125 3.5000000000000004 0.41350000000000003 -0.019999999999999993 -0.016666666666665272 -0.10499999999999997 45.500000000000007 5.5000000000000009 53.500000000000007 0.31165000000000004
decision_type=2 2 2 2 2 2 2 2 2 2 2 2 2 2 2 2 2 2 2 2 2 2 2 2 2 2 2 2 2 2
left_child=3 -2 -3 4 21 9 7 8 -7 17 -11 12 -12 15 -15 20 -16 18 23 -10 -14 -1 -23 24 -6 26 -26 -25 -29 -30
right_child=1 2 -4 -5 5 6 -8 -9 19 10 11 -13 13 14 16 -17 -18 -19 -20 -21 -22 22 -24 27 25 -27 -28 28 29 -31
leaf_value=0.00097105761681995329 0.0022785785969479497 -2.2549517932361767e-05 0.0025699299435678218 -0.00047537884799755812 -0.0031404926754914349 0.0036770744608171906 -0.0085811090609058741 -0.0041023328655159499 0.0024016007447514587 0.004781488764525295 0.0048644238317917497 0.0016069767765609995 0.0065704075067683498 -0.013922800617292525 0.006559761483222246 -0.0060552526762088143 -0.003628932794675196 0.0019588947484770413 -0.008772545835624139 -0.0059915357107952752 0.00036026877086524941 -0.0024946955029369199 0.0013622328238044349 0.00035039677161976033 -0.0010100553915518421 0.00058816549224867517 -0.013265838612624932 4.2335803900056258e-05 -0.0016723282826543952 -0.0082573799532838169
leaf_weight=203 535 2023 315 6632 332 96 30 132 37 174 42 887 54 20 20 30 211 399 24 44 88 555 108 7277 44 613 21 839 425 44
leaf_count=203 535 2023 315 6632 332 96 30 132 37 174 42 887 54 20 20 30 211 399 24 44 88 555 108 7277 44 613 21 839 425 44
internal_value=-7.55869e-13 0.000690202 0.000326737 -0.000102314 9.17533e-05 0.000185986 -0.001831 -0.00117565 0.00100695 0.000245217 0.00114912 0.00068164 -0.00108347 -0.00167404 -0.00363731 0.00119098 -0.00274679 0.000107529 3.07338e-05 -0.00215763 0.00272187 -0.00120128 -0.00186642 5.27535e-05 -0.000995171 5.53398e-05 -0.00496962 0.000176039 -0.000793994 -0.00229012
internal_weight=22254 2873 2338 19381 12749 11883 339 309 177 11544 1526 1352 465 423 251 172 231 10018 9619 81 142 866 663 9595 1010 678 65 8585 1308 469
internal_count=22254 2873 2338 19381 12749 11883 339 309 177 11544 1526 1352 465 423 251 172 231 10018 9619 81 142 866 663 9595 1010 678 65 8585 1308 469
is_linear=0
shrinkage=0.05


Tree=78
num_leaves=31
num_cat=0
split_feature=24 12 24 6 9 3 8 13 9 9 9 3 6 3 23 4 24 13 10 20 9 8 16 12 7 22 28 4 10 3
split_gain=0.595862 0.692612 0.729774 0.633113 0.631657 0.753997 0.750941 0.834702 0.823504 0.794127 0.648843 0.641618 0.615544 0.604623 0.573823 0.568661 0.557246 0.538161 0.892796 0.879347 0.80279 0.901817 0.773664 0.758914 0.820615 0.712158 0.637673 0.875952 0.870032 0.647057
threshold=0.063333333333333033 0.36464999999999997 0.073333333333333708 0.20500000000000004 4.1950000000000012 58.500000000000007 0.29340000000000005 -0.71250000000000024 5.9150000000000009 5.0850000000000009 4.2150000000000007 58.500000000000007 0.12500000000000003 55.500000000000007 6.6350000000000007 47.500000000000007 0.15666666666666676 0.55333333333333423 0.36275000000000007 2.0250000000000008 6.7650000000000006 0.35535 3.5000000000000004 0.28735000000000005 4.8350000000000009 -1.6249999999999998 4.5000000000000009 55.500000000000007 0.41699999999999998 30.500000000000004
decision_type=2 2 2 2 2 2 2 2 2 2 2 2 2 2 2 2 2 2 2 2 2 2 2 2 2 2 2 2 2 2
left_child=4 2 14 15 5 -1 7 -6 10 12 -9 17 -8 16 -2 -4 -3 18 19 -11 23 -22 -19 26 -25 -26 27 29 -29 -20
right_child=1 13 3 -5 6 -7 9 8 -10 11 -12 -13 -14 -15 -16 -17 -18 22 20 -21 21 -23 -24 24 25 -27 -28 28 -30 -31
leaf_value=-0.00043740510904287068 0.0063016824682967532 0.0022209161772473807 0.0035583463478416643 -0.0081998238546980764 -0.00017590018041402475 -0.003730213557201852 -0.0089466646090149895 0.0085436645007575859 -0.0048318032865008378 0.00068927607129585285 0.0013703061375948409 0.003122004653566969 -0.0010375750159456203 -0.0059373024321923203 0.001107679351534738 -0.00085589050975799254 0.010707907406613232 0.00041728163908923838 0.0059794692336470785 0.011276566504966468 0.0062616516242997022 9.1540855740186429e-05 -0.0055455335388383403 -0.0090382218495697574 0.0055541969661135233 -0.0017510780326332892 -0.0019629212062434792 -0.0089624260361186973 0.00038070751968231323 0.0010994713901092044
leaf_weight=5089 63 587 81 27 1598 180 25 32 53 1012 2117 167 1540 22 341 735 20 4977 84 20 64 793 55 38 34 1776 261 39 69 355
leaf_count=5089 63 587 81 27 1598 180 25 32 53 1012 2117 167 1540 22 341 735 20 4977 84 20 64 793 55 38 34 1776 261 39 69 355
internal_value=9.30477e-13 0.000852714 0.00017039 -0.000666962 -7.85009e-05 -0.000549894 8.58893e-05 0.00069399 0.00132527 -0.000118442 0.00147712 4.94738e-05 -0.00116392 0.00220543 0.00191764 -0.000417713 0.00250055 -4.1038e-06 -0.000398484 0.000894456 -0.000778305 0.000552319 0.000352108 -0.00120765 -0.00176652 -0.00161385 7.0544e-05 0.00104081 -0.0029932 0.00203323
internal_weight=22254 1876 1247 843 20378 5269 15109 3800 2202 11309 2149 9744 1565 629 404 816 607 9577 4545 1032 3513 857 5032 2656 1848 1810 808 547 108 439
internal_count=22254 1876 1247 843 20378 5269 15109 3800 2202 11309 2149 9744 1565 629 404 816 607 9577 4545 1032 3513 857 5032 2656 1848 1810 808 547 108 439
is_linear=0
shrinkage=0.05


Tree=79
num_leaves=31
num_cat=0
split_feature=13 24 12 24 23 11 23 15 4 4 10 8 9 8 14 21 12 15 10 9 24 7 15 15 24 15 10 20 8 11
split_gain=0.559096 0.55165 0.651925 0.676367 0.586125 0.573598 0.682731 0.727096 0.777207 0.540977 0.801029 0.705813 0.973779 0.92359 0.856914 0.645144 0.698521 0.604759 0.689668 0.939236 0.576878 0.726705 0.714943 0.551833 0.535911 0.52767 0.526157 0.508124 0.628824 0.576882
threshold=2.3750000000000004 0.063333333333333033 0.36464999999999997 0.073333333333333708 6.6050000000000013 0.44485000000000002 6.6650000000000009 -0.0033333333333333405 50.500000000000007 48.500000000000007 0.52975000000000005 0.35270000000000007 5.1850000000000014 0.3665000000000001 -0.16615833333333332 -0.030000000000000002 0.41920000000000007 0.0083333333333333193 0.17770000000000005 2.3350000000000004 0.0033333333333325226 6.1550000000000011 0.0099999999999999967 0.01183333333333335 0.15666666666666676 -0.0083333333333333228 0.47249999999999998 -0.75000000000000011 0.20095000000000005 0.35280000000000006
decision_type=2 2 2 2 2 2 2 2 2 2 2 2 2 2 2 2 2 2 2 2 2 2 2 2 2 2 2 2 2 2
left_child=1 9 3 4 -3 6 -5 25 -9 10 11 12 17 -13 -15 -16 20 27 19 -19 21 -17 -23 -20 -4 -8 -14 28 -1 -30
right_child=-2 2 24 5 -6 -7 7 8 -10 -11 -12 13 26 14 15 16 -18 18 23 -21 -22 22 -24 -25 -26 -27 -28 -29 29 -31
leaf_value=-0.0015222224586347267 0.0024002315261835369 0.0090998500084074653 0.001852768239973519 -0.0033234600152297622 0.0013305658590979875 0.0022110203890800739 -0.0014746936373845783 0.0073952750745735589 0.00028840058210721992 -7.4754943370808577e-06 0.0029882342282696876 -0.0075514268378416701 0.0035003678452485477 -0.011185898484014301 -0.0057935091156563531 -0.00068699184779020747 0.0043501653424385242 -0.00040501008532347455 -0.0070964981699944479 0.0079380942391281042 0.00031379896417750683 -0.0036211582807672408 -0.01247778975765311 0.0003636375375208445 0.010172512109857054 -0.0091613401374262254 -0.0038177765515034221 -0.00026804503304736011 -0.0030209268167109646 -0.0095842598335226445
leaf_weight=398 240 26 601 255 366 143 129 46 235 17798 131 75 200 23 73 147 59 69 32 66 253 86 31 110 20 27 28 441 94 52
leaf_count=398 240 26 601 255 366 143 129 46 235 17798 131 75 200 23 73 147 59 69 32 66 253 86 31 110 20 27 28 441 94 52
internal_value=-1.77371e-12 -2.61677e-05 0.000800653 0.000132553 0.00184588 -0.000671786 -0.00126751 -6.78144e-05 0.0014518 -0.000101937 -0.000811914 -0.00103445 -0.0004056 -0.00228879 -0.00170144 -0.00136532 -0.000804111 -0.000948907 0.00111509 0.00367384 -0.00139232 -0.00302734 -0.00596779 -0.00131752 0.00212071 -0.00280507 0.00260165 -0.00152934 -0.00255183 -0.00535855
internal_weight=22254 22014 1848 1227 392 835 692 437 281 20166 2368 2237 1490 747 672 649 576 1262 277 135 517 264 117 142 621 156 228 985 544 146
internal_count=22254 22014 1848 1227 392 835 692 437 281 20166 2368 2237 1490 747 672 649 576 1262 277 135 517 264 117 142 621 156 228 985 544 146
is_linear=0
shrinkage=0.05


end of trees

feature_importances:
win_dev=300
tenji_dev=207
course_in=181
l_win=177
motor_dev=146
n_2ren=105
jcd=97
n_win_diff_out=92
n_win_diff_in=89
tenji_diff_out=86
age=83
b_2ren=76
tenji=76
l_2ren=75
lane=74
m_2ren=71
st_dev=69
n_win=58
tenji_diff_in=52
weight=43
win_rank=39
cls_val=37
avg_st_diff_out=32
avg_st_diff_in=26
avg_st=23
motor_rank=23
tenji_rank=21
st_rank=20
f_count=13
course_diff=8
maezuke=1

parameters:
[boosting: gbdt]
[objective: regression]
[metric: rmse]
[tree_learner: serial]
[device_type: cpu]
[data_sample_strategy: bagging]
[data: ]
[valid: ]
[num_iterations: 300]
[learning_rate: 0.05]
[num_leaves: 31]
[num_threads: 0]
[seed: 0]
[deterministic: 0]
[force_col_wise: 0]
[force_row_wise: 0]
[histogram_pool_size: -1]
[max_depth: -1]
[min_data_in_leaf: 20]
[min_sum_hessian_in_leaf: 0.001]
[bagging_fraction: 1]
[pos_bagging_fraction: 1]
[neg_bagging_fraction: 1]
[bagging_freq: 0]
[bagging_seed: 3]
[bagging_by_query: 0]
[feature_fraction: 1]
[feature_fraction_bynode: 1]
[feature_fraction_seed: 2]
[extra_trees: 0]
[extra_seed: 6]
[early_stopping_round: 0]
[early_stopping_min_delta: 0]
[first_metric_only: 0]
[max_delta_step: 0]
[lambda_l1: 0]
[lambda_l2: 0]
[linear_lambda: 0]
[min_gain_to_split: 0]
[drop_rate: 0.1]
[max_drop: 50]
[skip_drop: 0.5]
[xgboost_dart_mode: 0]
[uniform_drop: 0]
[drop_seed: 4]
[top_rate: 0.2]
[other_rate: 0.1]
[min_data_per_group: 100]
[max_cat_threshold: 32]
[cat_l2: 10]
[cat_smooth: 10]
[max_cat_to_onehot: 4]
[top_k: 20]
[monotone_constraints: ]
[monotone_constraints_method: basic]
[monotone_penalty: 0]
[feature_contri: ]
[forcedsplits_filename: ]
[refit_decay_rate: 0.9]
[cegb_tradeoff: 1]
[cegb_penalty_split: 0]
[cegb_penalty_feature_lazy: ]
[cegb_penalty_feature_coupled: ]
[path_smooth: 0]
[interaction_constraints: ]
[verbosity: -1]
[saved_feature_importance_type: 0]
[use_quantized_grad: 0]
[num_grad_quant_bins: 4]
[quant_train_renew_leaf: 0]
[stochastic_rounding: 1]
[linear_tree: 0]
[max_bin: 255]
[max_bin_by_feature: ]
[min_data_in_bin: 3]
[bin_construct_sample_cnt: 200000]
[data_random_seed: 1]
[is_enable_sparse: 1]
[enable_bundle: 1]
[use_missing: 1]
[zero_as_missing: 0]
[feature_pre_filter: 1]
[pre_partition: 0]
[two_round: 0]
[header: 0]
[label_column: ]
[weight_column: ]
[group_column: ]
[ignore_column: ]
[categorical_feature: ]
[forcedbins_filename: ]
[precise_float_parser: 0]
[parser_config_file: ]
[objective_seed: 5]
[num_class: 1]
[is_unbalance: 0]
[scale_pos_weight: 1]
[sigmoid: 1]
[boost_from_average: 1]
[reg_sqrt: 0]
[alpha: 0.9]
[fair_c: 1]
[poisson_max_delta_step: 0.7]
[tweedie_variance_power: 1.5]
[lambdarank_truncation_level: 30]
[lambdarank_norm: 1]
[label_gain: ]
[lambdarank_position_bias_regularization: 0]
[eval_at: ]
[multi_error_top_k: 1]
[auc_mu_weights: ]
[num_machines: 1]
[local_listen_port: 12400]
[time_out: 120]
[machine_list_filename: ]
[machines: ]
[gpu_platform_id: -1]
[gpu_device_id: -1]
[gpu_use_dp: 0]
[num_gpu: 1]

end of parameters

pandas_categorical:[]
